coverage_id,record_scope,relative_path,extension,size_bytes,sha256,inventory_and_preservation,container_or_manifest_integrity,format_processing,content_specific_check,traceability_check,epistemic_classification_check,visual_review_check,code_reproduction_check,negative_or_limitation_notes,applicable_checks_complete,coverage_state
COV-00001,physical_outer_member,00_INICIO/00_LEEME_PRIMERO.md,.md,1578,471f79a440b5ba598dce64a1d612f214aa324180d31ff48a458da4010461cb23,COVERED,OUTER_MEMBER_INVENTORIED,COVERED,markdown_blocks=12,equation_catalog_occurrences_verified=0,claim_candidates_classified=7,NOT_APPLICABLE,NOT_APPLICABLE,,True,COVERED
COV-00002,physical_outer_member,01_CANON_ONTOLOGICO/01_CANON_ONTOLOGICO_VIGENTE.md,.md,3886,a66c56bf789071d708eea49cfcc9f6cb0388075c104b48b6d859d498814bffb2,COVERED,OUTER_MEMBER_INVENTORIED,COVERED,markdown_blocks=41,equation_catalog_occurrences_verified=0,claim_candidates_classified=23,NOT_APPLICABLE,NOT_APPLICABLE,,True,COVERED
COV-00003,physical_outer_member,01_CANON_ONTOLOGICO/EXTRACTOS_ONTOLOGICOS_TRAZABLES.csv,.csv,782512,1de38a4631fa6f744b88ca2a7b159622a3c068d1e48fca0dd02c22dce5d9d5a4,COVERED,OUTER_MEMBER_INVENTORIED,COVERED,csv_structurally_parsed_not_in_outer_dataset_catalog,NOT_APPLICABLE,NOT_APPLICABLE,NOT_APPLICABLE,NOT_APPLICABLE,,True,COVERED
COV-00004,physical_outer_member,02_FORMALISMO_MATEMATICO/00_MAPA_FORMALISMO.md,.md,1536,4cd868e37e424d85043e4e9848f2c1d1166be71257a7c60ebc110fd81aa20e39,COVERED,OUTER_MEMBER_INVENTORIED,COVERED,markdown_blocks=36,equation_catalog_occurrences_verified=0,claim_candidates_classified=10,NOT_APPLICABLE,NOT_APPLICABLE,,True,COVERED
COV-00005,physical_outer_member,02_FORMALISMO_MATEMATICO/01_INDICE_ECUACIONES.md,.md,119180,4389642c65d14bd93847532aad47cd2ca9f250d996268846db4d5f74f7b27399,COVERED,OUTER_MEMBER_INVENTORIED,COVERED,markdown_blocks=3,equation_catalog_occurrences_verified=0,claim_candidates_classified=2,NOT_APPLICABLE,NOT_APPLICABLE,,True,COVERED
COV-00006,physical_outer_member,02_FORMALISMO_MATEMATICO/CATALOGO_ECUACIONES_UNICAS.csv,.csv,3972382,409346053531d5b1adbfa0bd20f35e7956f5d107eb146e83476982115afee67a,COVERED,OUTER_MEMBER_INVENTORIED,COVERED,csv_structurally_parsed_not_in_outer_dataset_catalog,NOT_APPLICABLE,NOT_APPLICABLE,NOT_APPLICABLE,NOT_APPLICABLE,,True,COVERED
COV-00007,physical_outer_member,02_FORMALISMO_MATEMATICO/ECUACIONES_TODAS_OCURRENCIAS.csv,.csv,5248268,9bdb228aaf50e0ad2ce5bdb724c2d982a42422f53bd1158df68ab9b1bdbf49e7,COVERED,OUTER_MEMBER_INVENTORIED,COVERED,csv_structurally_parsed_not_in_outer_dataset_catalog,NOT_APPLICABLE,NOT_APPLICABLE,NOT_APPLICABLE,NOT_APPLICABLE,,True,COVERED
COV-00008,physical_outer_member,03_RESULTADOS_NUMERICOS/00_GUIA_RESULTADOS_NUMERICOS.md,.md,2092,ff2981d7407072621210664ec043d1673d545cd361dcf3adcb168cf6612234a3,COVERED,OUTER_MEMBER_INVENTORIED,COVERED,markdown_blocks=7,equation_catalog_occurrences_verified=0,claim_candidates_classified=4,NOT_APPLICABLE,NOT_APPLICABLE,control_characters=3,True,COVERED_WITH_NEGATIVE_OR_LIMITATION
COV-00009,physical_outer_member,03_RESULTADOS_NUMERICOS/CATALOGO_DATASETS_NUMERICOS.csv,.csv,525374,96fa0ed61e0d07b969549a58d925250512dec56702aef5f07ace293165da1624,COVERED,OUTER_MEMBER_INVENTORIED,COVERED,csv_structurally_parsed_not_in_outer_dataset_catalog,NOT_APPLICABLE,NOT_APPLICABLE,NOT_APPLICABLE,NOT_APPLICABLE,,True,COVERED
COV-00010,physical_outer_member,04_AUDITORIA_Y_ESTATUS/01_ESTADOS_EPISTEMOLOGICOS.md,.md,1966,0743a56cc265422abcca3f8acf97f4112642d1c2bb70101460e56d22926414e0,COVERED,OUTER_MEMBER_INVENTORIED,COVERED,markdown_blocks=7,equation_catalog_occurrences_verified=0,claim_candidates_classified=4,NOT_APPLICABLE,NOT_APPLICABLE,,True,COVERED
COV-00011,physical_outer_member,04_AUDITORIA_Y_ESTATUS/02_EVOLUCION_CONCEPTUAL.md,.md,1311,4da736ffd5f24805ae97e99dcdfe339f17f94f206dfab27d33630943c5e00068,COVERED,OUTER_MEMBER_INVENTORIED,COVERED,markdown_blocks=3,equation_catalog_occurrences_verified=0,claim_candidates_classified=2,NOT_APPLICABLE,NOT_APPLICABLE,,True,COVERED
COV-00012,physical_outer_member,04_AUDITORIA_Y_ESTATUS/RESULTADOS_NEGATIVOS_TRAZABLES.csv,.csv,56864,373b414f100725891ade4df74d45dd621f158006fa7493a77b9be1868ace8af0,COVERED,OUTER_MEMBER_INVENTORIED,COVERED,csv_structurally_parsed_not_in_outer_dataset_catalog,NOT_APPLICABLE,NOT_APPLICABLE,NOT_APPLICABLE,NOT_APPLICABLE,,True,COVERED
COV-00013,physical_outer_member,04_AUDITORIA_Y_ESTATUS/RESUMENES_RESULTADOS_ENTREGAS.csv,.csv,16636,b9773ca322a9fe4bfd6aa685ff1b9433a102b33a73cd790dd62d7a268bc84ea0,COVERED,OUTER_MEMBER_INVENTORIED,COVERED,csv_structurally_parsed_not_in_outer_dataset_catalog,NOT_APPLICABLE,NOT_APPLICABLE,NOT_APPLICABLE,NOT_APPLICABLE,,True,COVERED
COV-00014,physical_outer_member,04_AUDITORIA_Y_ESTATUS/VEREDICTOS_CONSOLIDADOS.csv,.csv,75055,f6d0fe60a3f458b3b4fd56cad47b98a2e3316319637d3303ec2323833d45ee48,COVERED,OUTER_MEMBER_INVENTORIED,COVERED,csv_structurally_parsed_not_in_outer_dataset_catalog,NOT_APPLICABLE,NOT_APPLICABLE,NOT_APPLICABLE,NOT_APPLICABLE,,True,COVERED
COV-00015,physical_outer_member,05_PROGRAMA_INVESTIGACION/00_PROGRAMA_ABIERTO.md,.md,1226,3a0d280ab90ff1d4dab5ca3dc6704d2cbf3f984fe6caeecc4d7aee0f082c51be,COVERED,OUTER_MEMBER_INVENTORIED,COVERED,markdown_blocks=5,equation_catalog_occurrences_verified=0,claim_candidates_classified=2,NOT_APPLICABLE,NOT_APPLICABLE,,True,COVERED
COV-00016,physical_outer_member,05_PROGRAMA_INVESTIGACION/01_MAPA_DEPENDENCIAS.md,.md,1570,92142772cce440205e28af1a619f57d672a8646caa12b539ccc8a6f0493bee7f,COVERED,OUTER_MEMBER_INVENTORIED,COVERED,markdown_blocks=4,equation_catalog_occurrences_verified=0,claim_candidates_classified=1,NOT_APPLICABLE,NOT_APPLICABLE,,True,COVERED
COV-00017,physical_outer_member,05_PROGRAMA_INVESTIGACION/DUDAS_ABIERTAS_TRAZABLES.csv,.csv,24792,d8d65723b9acfe83167dc0eb16ca8dc869ff96cb0c48c410243e915516dce270,COVERED,OUTER_MEMBER_INVENTORIED,COVERED,csv_structurally_parsed_not_in_outer_dataset_catalog,NOT_APPLICABLE,NOT_APPLICABLE,NOT_APPLICABLE,NOT_APPLICABLE,,True,COVERED
COV-00018,physical_outer_member,06_INDICES_Y_MANIFIESTOS/00_INDICE_PAQUETES.md,.md,3600,e228bca0bedc5425140f652b52d27102e80ac417011041b77f578e2b3a8c9cc5,COVERED,OUTER_MEMBER_INVENTORIED,COVERED,markdown_blocks=2,equation_catalog_occurrences_verified=0,claim_candidates_classified=1,NOT_APPLICABLE,NOT_APPLICABLE,,True,COVERED
COV-00019,physical_outer_member,06_INDICES_Y_MANIFIESTOS/INDICE_ENCABEZADOS.csv,.csv,3509288,62c6bd46e93e34b47a9689ab5d7d569355d43742a4f53fa057a8a66cdf485d82,COVERED,OUTER_MEMBER_INVENTORIED,COVERED,csv_structurally_parsed_not_in_outer_dataset_catalog,NOT_APPLICABLE,NOT_APPLICABLE,NOT_APPLICABLE,NOT_APPLICABLE,,True,COVERED
COV-00020,physical_outer_member,06_INDICES_Y_MANIFIESTOS/INVENTARIO_ARCHIVOS_COMPLETO.csv,.csv,590178,6c407438d0a6f73729dde7c0160d11f4bf151c8502e6ad0e3de054c1e524a62d,COVERED,OUTER_MEMBER_INVENTORIED,COVERED,csv_structurally_parsed_not_in_outer_dataset_catalog,NOT_APPLICABLE,NOT_APPLICABLE,NOT_APPLICABLE,NOT_APPLICABLE,,True,COVERED
COV-00021,physical_outer_member,06_INDICES_Y_MANIFIESTOS/MANIFIESTO_CANON_MAESTRO.csv,.csv,325260,bf14c99088ca0f02c009a95db7aca436a13bf8b12eb00ae14b590343a2a031a9,COVERED,OUTER_MEMBER_INVENTORIED,COVERED,csv_structurally_parsed_not_in_outer_dataset_catalog,NOT_APPLICABLE,NOT_APPLICABLE,NOT_APPLICABLE,NOT_APPLICABLE,,True,COVERED
COV-00022,physical_outer_member,06_INDICES_Y_MANIFIESTOS/METADATA_CANON_MAESTRO.json,.json,445,ac4f1b8970bb1e0da6322b566961c7e0516eef6c927449fe5821cb55aa2fd6c5,COVERED,OUTER_MEMBER_INVENTORIED,COVERED,json_parsed,NOT_APPLICABLE,NOT_APPLICABLE,NOT_APPLICABLE,NOT_APPLICABLE,,True,COVERED
COV-00023,physical_outer_member,06_INDICES_Y_MANIFIESTOS/PAQUETES_FUENTE.csv,.csv,4269,2dd72049fd52587107e5e1a5cfb8a180e396e3f9c9950164925fea7ff7a688f2,COVERED,OUTER_MEMBER_INVENTORIED,COVERED,csv_structurally_parsed_not_in_outer_dataset_catalog,NOT_APPLICABLE,NOT_APPLICABLE,NOT_APPLICABLE,NOT_APPLICABLE,,True,COVERED
COV-00024,physical_outer_member,90_FUENTES_INTEGRAS/GEOMETRY_OMEGA_TEORIA_COMPLETA_V1_0/GEOMETRY_OMEGA_TEORIA_COMPLETA_V1_0/00_INICIO/00_LEEME.md,.md,2264,2a0eb1a97ec49258ade05aa082735e5a16dc0e75a21f14422dddfd8f7d3ba6dc,COVERED,SOURCE_ZIP_INVENTORY_EXTRACTED_EXACT,COVERED,markdown_blocks=14,equation_catalog_occurrences_verified=0,claim_candidates_classified=8,NOT_APPLICABLE,NOT_APPLICABLE,negative_catalog_occurrences=3,True,COVERED_WITH_NEGATIVE_OR_LIMITATION
COV-00025,physical_outer_member,90_FUENTES_INTEGRAS/GEOMETRY_OMEGA_TEORIA_COMPLETA_V1_0/GEOMETRY_OMEGA_TEORIA_COMPLETA_V1_0/00_INICIO/01_ESTADO_CIENTIFICO.md,.md,1135,26770d0fc03e8b746e3e99ecf79d50dcc9aa7095d816f94a5bec35e6c7dd5942,COVERED,SOURCE_ZIP_INVENTORY_EXTRACTED_EXACT,COVERED,markdown_blocks=7,equation_catalog_occurrences_verified=0,claim_candidates_classified=3,NOT_APPLICABLE,NOT_APPLICABLE,,True,COVERED
COV-00026,physical_outer_member,90_FUENTES_INTEGRAS/GEOMETRY_OMEGA_TEORIA_COMPLETA_V1_0/GEOMETRY_OMEGA_TEORIA_COMPLETA_V1_0/01_NUCLEO_CANONICO/01_AXIOMAS_MINIMOS_PROVISIONALES.md,.md,3590,848e58584b61712d7fed38e775aab02cf96f2833cdf52273a7ba027df44b492c,COVERED,SOURCE_ZIP_INVENTORY_EXTRACTED_EXACT,COVERED,markdown_blocks=47,equation_catalog_occurrences_verified=8,claim_candidates_classified=28,NOT_APPLICABLE,NOT_APPLICABLE,,True,COVERED
COV-00027,physical_outer_member,90_FUENTES_INTEGRAS/GEOMETRY_OMEGA_TEORIA_COMPLETA_V1_0/GEOMETRY_OMEGA_TEORIA_COMPLETA_V1_0/01_NUCLEO_CANONICO/02_ONTOLOGIA_CANONICA.md,.md,3831,0e486df72a61177167e3b10571ef4321a05b07cc54a8244577ab7684ce1c714b,COVERED,SOURCE_ZIP_INVENTORY_EXTRACTED_EXACT,COVERED,markdown_blocks=43,equation_catalog_occurrences_verified=4,claim_candidates_classified=28,NOT_APPLICABLE,NOT_APPLICABLE,,True,COVERED
COV-00028,physical_outer_member,90_FUENTES_INTEGRAS/GEOMETRY_OMEGA_TEORIA_COMPLETA_V1_0/GEOMETRY_OMEGA_TEORIA_COMPLETA_V1_0/01_NUCLEO_CANONICO/03_GLOSARIO_CANONICO.csv,.csv,1249,baf7107d9cdd3bb7a72b8e56c5f89008516b696ba793b0c838c3f1b3a46cd0a5,COVERED,SOURCE_ZIP_INVENTORY_EXTRACTED_EXACT,COVERED,dataset_catalog_recomputed_exact,NOT_APPLICABLE,NOT_APPLICABLE,NOT_APPLICABLE,NOT_APPLICABLE,,True,COVERED
COV-00029,physical_outer_member,90_FUENTES_INTEGRAS/GEOMETRY_OMEGA_TEORIA_COMPLETA_V1_0/GEOMETRY_OMEGA_TEORIA_COMPLETA_V1_0/01_NUCLEO_CANONICO/04_MATRIZ_ESTADO_CANONICO.csv,.csv,2998,780c4551704fafa02d324643e10e850a18d3a6afa2bd6194e2c92d4a0e94cc53,COVERED,SOURCE_ZIP_INVENTORY_EXTRACTED_EXACT,COVERED,dataset_catalog_recomputed_exact,NOT_APPLICABLE,NOT_APPLICABLE,NOT_APPLICABLE,NOT_APPLICABLE,,True,COVERED
COV-00030,physical_outer_member,90_FUENTES_INTEGRAS/GEOMETRY_OMEGA_TEORIA_COMPLETA_V1_0/GEOMETRY_OMEGA_TEORIA_COMPLETA_V1_0/02_FORMALISMO_MATEMATICO/01_OBJETOS_MATEMATICOS.md,.md,2435,56fc1521d56cb4b15975c349b5784e3f5ceea61ebaee966ad8b4b2ae202105ee,COVERED,SOURCE_ZIP_INVENTORY_EXTRACTED_EXACT,COVERED,markdown_blocks=48,equation_catalog_occurrences_verified=16,claim_candidates_classified=22,NOT_APPLICABLE,NOT_APPLICABLE,,True,COVERED
COV-00031,physical_outer_member,90_FUENTES_INTEGRAS/GEOMETRY_OMEGA_TEORIA_COMPLETA_V1_0/GEOMETRY_OMEGA_TEORIA_COMPLETA_V1_0/02_FORMALISMO_MATEMATICO/02_ECUACIONES_CLAVE_Y_ESTATUS.csv,.csv,2097,a68154ecddcef663bd67b4ac7755c6edddd41549b303fcef21b2caf77dcbfe52,COVERED,SOURCE_ZIP_INVENTORY_EXTRACTED_EXACT,COVERED,dataset_catalog_recomputed_exact,NOT_APPLICABLE,NOT_APPLICABLE,NOT_APPLICABLE,NOT_APPLICABLE,,True,COVERED
COV-00032,physical_outer_member,90_FUENTES_INTEGRAS/GEOMETRY_OMEGA_TEORIA_COMPLETA_V1_0/GEOMETRY_OMEGA_TEORIA_COMPLETA_V1_0/02_FORMALISMO_MATEMATICO/02_ECUACIONES_CLAVE_Y_ESTATUS.md,.md,2725,751d7b29a783566dd66f897b3b234a52ecbe3f3d8a9efd47434aae190d5f6d08,COVERED,SOURCE_ZIP_INVENTORY_EXTRACTED_EXACT,COVERED,markdown_blocks=85,equation_catalog_occurrences_verified=21,claim_candidates_classified=42,NOT_APPLICABLE,NOT_APPLICABLE,,True,COVERED
COV-00033,physical_outer_member,90_FUENTES_INTEGRAS/GEOMETRY_OMEGA_TEORIA_COMPLETA_V1_0/GEOMETRY_OMEGA_TEORIA_COMPLETA_V1_0/02_FORMALISMO_MATEMATICO/03_CATALOGO_TODAS_ECUACIONES_EXTRAIDAS.csv,.csv,1209939,707782492f4e480f8c1bf65c08363049abf9ba5acf756215ef092af2b9d662e3,COVERED,SOURCE_ZIP_INVENTORY_EXTRACTED_EXACT,COVERED,dataset_catalog_recomputed_exact,NOT_APPLICABLE,NOT_APPLICABLE,NOT_APPLICABLE,NOT_APPLICABLE,,True,COVERED
COV-00034,physical_outer_member,90_FUENTES_INTEGRAS/GEOMETRY_OMEGA_TEORIA_COMPLETA_V1_0/GEOMETRY_OMEGA_TEORIA_COMPLETA_V1_0/02_FORMALISMO_MATEMATICO/03_CATALOGO_TODAS_ECUACIONES_EXTRAIDAS.md,.md,695984,75084de374769a3cf774ec11f1a75001fc591b9b65de9d17a0d32a20ce318d6f,COVERED,SOURCE_ZIP_INVENTORY_EXTRACTED_EXACT,COVERED,markdown_blocks=19100,equation_catalog_occurrences_verified=9303,claim_candidates_classified=216,NOT_APPLICABLE,NOT_APPLICABLE,negative_catalog_occurrences=3; open_doubt_occurrences=1,True,COVERED_WITH_NEGATIVE_OR_LIMITATION
COV-00035,physical_outer_member,90_FUENTES_INTEGRAS/GEOMETRY_OMEGA_TEORIA_COMPLETA_V1_0/GEOMETRY_OMEGA_TEORIA_COMPLETA_V1_0/03_DERIVACIONES_Y_DEPENDENCIAS/01_MAPA_DE_DERIVACIONES.md,.md,2343,7cf303fe067a904e5226c45cd77a87b05c29109200fc479b50b0528168517712,COVERED,SOURCE_ZIP_INVENTORY_EXTRACTED_EXACT,COVERED,markdown_blocks=11,equation_catalog_occurrences_verified=0,claim_candidates_classified=1,NOT_APPLICABLE,NOT_APPLICABLE,,True,COVERED
COV-00036,physical_outer_member,90_FUENTES_INTEGRAS/GEOMETRY_OMEGA_TEORIA_COMPLETA_V1_0/GEOMETRY_OMEGA_TEORIA_COMPLETA_V1_0/03_DERIVACIONES_Y_DEPENDENCIAS/02_DEPENDENCIAS_CONSOLIDADAS.csv,.csv,10627,9f7f4bad3f1f1fa96e841122fa1d84106b6f2c4ed3f014ad53a1ba0220a7b38e,COVERED,SOURCE_ZIP_INVENTORY_EXTRACTED_EXACT,COVERED,dataset_catalog_recomputed_exact,NOT_APPLICABLE,NOT_APPLICABLE,NOT_APPLICABLE,NOT_APPLICABLE,,True,COVERED
COV-00037,physical_outer_member,90_FUENTES_INTEGRAS/GEOMETRY_OMEGA_TEORIA_COMPLETA_V1_0/GEOMETRY_OMEGA_TEORIA_COMPLETA_V1_0/04_VALIDACION_NUMERICA/00_GUIA_VALIDACIONES.md,.md,1116,8a2ed3d4dcc6a9b42b7de0a747519b341061fc911189d0fd9289b0a6791e64f3,COVERED,SOURCE_ZIP_INVENTORY_EXTRACTED_EXACT,COVERED,markdown_blocks=11,equation_catalog_occurrences_verified=0,claim_candidates_classified=7,NOT_APPLICABLE,NOT_APPLICABLE,negative_catalog_occurrences=1,True,COVERED_WITH_NEGATIVE_OR_LIMITATION
COV-00038,physical_outer_member,90_FUENTES_INTEGRAS/GEOMETRY_OMEGA_TEORIA_COMPLETA_V1_0/GEOMETRY_OMEGA_TEORIA_COMPLETA_V1_0/04_VALIDACION_NUMERICA/01_METRICAS_POR_BLOQUE.csv,.csv,829,b650b05fffd4f1a9647a9ba0e7aacd23e081e9f6e39b06bd5359029fc93341cb,COVERED,SOURCE_ZIP_INVENTORY_EXTRACTED_EXACT,COVERED,dataset_catalog_recomputed_exact,NOT_APPLICABLE,NOT_APPLICABLE,NOT_APPLICABLE,NOT_APPLICABLE,,True,COVERED
COV-00039,physical_outer_member,90_FUENTES_INTEGRAS/GEOMETRY_OMEGA_TEORIA_COMPLETA_V1_0/GEOMETRY_OMEGA_TEORIA_COMPLETA_V1_0/04_VALIDACION_NUMERICA/01_PRUEBAS_NUMERICAS_MAESTRAS.csv,.csv,244954,95ad52130f6e9753d72843977ee428dbcca89923e01faf11d4d0cb70f3e8b9da,COVERED,SOURCE_ZIP_INVENTORY_EXTRACTED_EXACT,COVERED,dataset_catalog_recomputed_exact,NOT_APPLICABLE,NOT_APPLICABLE,NOT_APPLICABLE,NOT_APPLICABLE,,True,COVERED
COV-00040,physical_outer_member,90_FUENTES_INTEGRAS/GEOMETRY_OMEGA_TEORIA_COMPLETA_V1_0/GEOMETRY_OMEGA_TEORIA_COMPLETA_V1_0/04_VALIDACION_NUMERICA/02_PARAMETROS_MAESTROS.csv,.csv,7515,c550583720508ed7be3b13b75cc63dced9ec5b39406d86e4a2a8b0166ce0cc09,COVERED,SOURCE_ZIP_INVENTORY_EXTRACTED_EXACT,COVERED,dataset_catalog_recomputed_exact,NOT_APPLICABLE,NOT_APPLICABLE,NOT_APPLICABLE,NOT_APPLICABLE,,True,COVERED
COV-00041,physical_outer_member,90_FUENTES_INTEGRAS/GEOMETRY_OMEGA_TEORIA_COMPLETA_V1_0/GEOMETRY_OMEGA_TEORIA_COMPLETA_V1_0/04_VALIDACION_NUMERICA/04_MATRIZ_ESTADO_CANONICO.csv,.csv,2998,780c4551704fafa02d324643e10e850a18d3a6afa2bd6194e2c92d4a0e94cc53,COVERED,SOURCE_ZIP_INVENTORY_EXTRACTED_EXACT,COVERED,dataset_catalog_recomputed_exact,NOT_APPLICABLE,NOT_APPLICABLE,NOT_APPLICABLE,NOT_APPLICABLE,,True,COVERED
COV-00042,physical_outer_member,90_FUENTES_INTEGRAS/GEOMETRY_OMEGA_TEORIA_COMPLETA_V1_0/GEOMETRY_OMEGA_TEORIA_COMPLETA_V1_0/05_RESULTADOS_NEGATIVOS_Y_CORRECCIONES/00_SINTESIS.md,.md,1272,873cc8f5359fa0fe828ff765773c1c44c8d72e5547c29a8d8c77fec607ea121b,COVERED,SOURCE_ZIP_INVENTORY_EXTRACTED_EXACT,COVERED,markdown_blocks=4,equation_catalog_occurrences_verified=0,claim_candidates_classified=3,NOT_APPLICABLE,NOT_APPLICABLE,negative_catalog_occurrences=1,True,COVERED_WITH_NEGATIVE_OR_LIMITATION
COV-00043,physical_outer_member,90_FUENTES_INTEGRAS/GEOMETRY_OMEGA_TEORIA_COMPLETA_V1_0/GEOMETRY_OMEGA_TEORIA_COMPLETA_V1_0/05_RESULTADOS_NEGATIVOS_Y_CORRECCIONES/01_CORRECCIONES_CONSOLIDADAS.csv,.csv,8855,eb738299585a7eaa8e17d77291130245a0ada37fe020467db71ba35501d01e18,COVERED,SOURCE_ZIP_INVENTORY_EXTRACTED_EXACT,COVERED,dataset_catalog_recomputed_exact,NOT_APPLICABLE,NOT_APPLICABLE,NOT_APPLICABLE,NOT_APPLICABLE,,True,COVERED
COV-00044,physical_outer_member,90_FUENTES_INTEGRAS/GEOMETRY_OMEGA_TEORIA_COMPLETA_V1_0/GEOMETRY_OMEGA_TEORIA_COMPLETA_V1_0/05_RESULTADOS_NEGATIVOS_Y_CORRECCIONES/OMEGA_AUDITORIA_FASE_1_DOCS_01_10__RESULTADOS_SUPERADOS_CORREGIDOS_DOCS_01_10.csv,.csv,885,64679343241ddc1c578171aeafea393922ab159d3362b0b03f717830490e29af,COVERED,SOURCE_ZIP_INVENTORY_EXTRACTED_EXACT,COVERED,dataset_catalog_recomputed_exact,NOT_APPLICABLE,NOT_APPLICABLE,NOT_APPLICABLE,NOT_APPLICABLE,,True,COVERED
COV-00045,physical_outer_member,90_FUENTES_INTEGRAS/GEOMETRY_OMEGA_TEORIA_COMPLETA_V1_0/GEOMETRY_OMEGA_TEORIA_COMPLETA_V1_0/05_RESULTADOS_NEGATIVOS_Y_CORRECCIONES/OMEGA_AUDITORIA_FASE_1_DOCS_01_10__RESULTADOS_VIGENTES_O_APOYADOS_DOCS_01_10.csv,.csv,10174,7d6d51476eaefd61b6b5574e5b82260c12820936b085d00add1d517a3201fea5,COVERED,SOURCE_ZIP_INVENTORY_EXTRACTED_EXACT,COVERED,dataset_catalog_recomputed_exact,NOT_APPLICABLE,NOT_APPLICABLE,NOT_APPLICABLE,NOT_APPLICABLE,,True,COVERED
COV-00046,physical_outer_member,90_FUENTES_INTEGRAS/GEOMETRY_OMEGA_TEORIA_COMPLETA_V1_0/GEOMETRY_OMEGA_TEORIA_COMPLETA_V1_0/05_RESULTADOS_NEGATIVOS_Y_CORRECCIONES/OMEGA_AUDITORIA_FASE_2_DOCS_11_20__RESULTADOS_SUPERADOS_CORREGIDOS_DOCS_11_20.csv,.csv,831,46931952f88f9af5a2b9e5901b4adc8a98efa3e8d6a685f87df940dacd66be66,COVERED,SOURCE_ZIP_INVENTORY_EXTRACTED_EXACT,COVERED,dataset_catalog_recomputed_exact,NOT_APPLICABLE,NOT_APPLICABLE,NOT_APPLICABLE,NOT_APPLICABLE,,True,COVERED
COV-00047,physical_outer_member,90_FUENTES_INTEGRAS/GEOMETRY_OMEGA_TEORIA_COMPLETA_V1_0/GEOMETRY_OMEGA_TEORIA_COMPLETA_V1_0/05_RESULTADOS_NEGATIVOS_Y_CORRECCIONES/OMEGA_AUDITORIA_FASE_2_DOCS_11_20__RESULTADOS_VIGENTES_O_APOYADOS_DOCS_11_20.csv,.csv,10132,9f0674c3084e5a266d661b9675fba6f082238a0c803de7e53579631cd7b22c7f,COVERED,SOURCE_ZIP_INVENTORY_EXTRACTED_EXACT,COVERED,dataset_catalog_recomputed_exact,NOT_APPLICABLE,NOT_APPLICABLE,NOT_APPLICABLE,NOT_APPLICABLE,,True,COVERED
COV-00048,physical_outer_member,90_FUENTES_INTEGRAS/GEOMETRY_OMEGA_TEORIA_COMPLETA_V1_0/GEOMETRY_OMEGA_TEORIA_COMPLETA_V1_0/05_RESULTADOS_NEGATIVOS_Y_CORRECCIONES/OMEGA_AUDITORIA_FASE_3_DOCS_21_30__RESULTADOS_SUPERADOS_CORREGIDOS_DOCS_21_30.csv,.csv,530,7e7c8526326e3e946a381b3767bcacd353c05aabe09ebd9e8c85a4c2fa20e12d,COVERED,SOURCE_ZIP_INVENTORY_EXTRACTED_EXACT,COVERED,dataset_catalog_recomputed_exact,NOT_APPLICABLE,NOT_APPLICABLE,NOT_APPLICABLE,NOT_APPLICABLE,,True,COVERED
COV-00049,physical_outer_member,90_FUENTES_INTEGRAS/GEOMETRY_OMEGA_TEORIA_COMPLETA_V1_0/GEOMETRY_OMEGA_TEORIA_COMPLETA_V1_0/05_RESULTADOS_NEGATIVOS_Y_CORRECCIONES/OMEGA_AUDITORIA_FASE_3_DOCS_21_30__RESULTADOS_VIGENTES_O_APOYADOS_DOCS_21_30.csv,.csv,11979,d94f39d63b00f0f7ead0f5fc23c4cb74261be261c7b7292f4da8ccd1f5b09923,COVERED,SOURCE_ZIP_INVENTORY_EXTRACTED_EXACT,COVERED,dataset_catalog_recomputed_exact,NOT_APPLICABLE,NOT_APPLICABLE,NOT_APPLICABLE,NOT_APPLICABLE,,True,COVERED
COV-00050,physical_outer_member,90_FUENTES_INTEGRAS/GEOMETRY_OMEGA_TEORIA_COMPLETA_V1_0/GEOMETRY_OMEGA_TEORIA_COMPLETA_V1_0/05_RESULTADOS_NEGATIVOS_Y_CORRECCIONES/OMEGA_AUDITORIA_FASE_4_DOCS_31_40__RESULTADOS_NEGATIVOS_DIMENSION_DOCS_31_40.csv,.csv,333,efbc7a3ddb5bd50632239dc5d41e9c3415d5baabbf20aafb5671ab7fd0f218dd,COVERED,SOURCE_ZIP_INVENTORY_EXTRACTED_EXACT,COVERED,dataset_catalog_recomputed_exact,NOT_APPLICABLE,NOT_APPLICABLE,NOT_APPLICABLE,NOT_APPLICABLE,,True,COVERED
COV-00051,physical_outer_member,90_FUENTES_INTEGRAS/GEOMETRY_OMEGA_TEORIA_COMPLETA_V1_0/GEOMETRY_OMEGA_TEORIA_COMPLETA_V1_0/05_RESULTADOS_NEGATIVOS_Y_CORRECCIONES/OMEGA_AUDITORIA_FASE_4_DOCS_31_40__RESULTADOS_SUPERADOS_CORREGIDOS_DOCS_31_40.csv,.csv,622,41dd00113fde401c41abdf85067c667d2d2025aaf89fecc9e655f28be1b994c4,COVERED,SOURCE_ZIP_INVENTORY_EXTRACTED_EXACT,COVERED,dataset_catalog_recomputed_exact,NOT_APPLICABLE,NOT_APPLICABLE,NOT_APPLICABLE,NOT_APPLICABLE,,True,COVERED
COV-00052,physical_outer_member,90_FUENTES_INTEGRAS/GEOMETRY_OMEGA_TEORIA_COMPLETA_V1_0/GEOMETRY_OMEGA_TEORIA_COMPLETA_V1_0/05_RESULTADOS_NEGATIVOS_Y_CORRECCIONES/OMEGA_AUDITORIA_FASE_5_DOCS_41_50__RESULTADOS_SUPERADOS_CORREGIDOS_DOCS_41_50.csv,.csv,806,35e4820874c83a46600aac6ee3f838d52081f748c81010318db42c028e24b5a5,COVERED,SOURCE_ZIP_INVENTORY_EXTRACTED_EXACT,COVERED,dataset_catalog_recomputed_exact,NOT_APPLICABLE,NOT_APPLICABLE,NOT_APPLICABLE,NOT_APPLICABLE,,True,COVERED
COV-00053,physical_outer_member,90_FUENTES_INTEGRAS/GEOMETRY_OMEGA_TEORIA_COMPLETA_V1_0/GEOMETRY_OMEGA_TEORIA_COMPLETA_V1_0/05_RESULTADOS_NEGATIVOS_Y_CORRECCIONES/OMEGA_AUDITORIA_FASE_6_DOCS_51_58_HISTORICOS__RESULTADOS_HISTORICOS_Y_CORRECCIONES_DOCS_51_58.csv,.csv,845,41c6fd18e502275059694afa3642a42ec4f504c3a8f27bfb58a5f5fc83dfcaf3,COVERED,SOURCE_ZIP_INVENTORY_EXTRACTED_EXACT,COVERED,dataset_catalog_recomputed_exact,NOT_APPLICABLE,NOT_APPLICABLE,NOT_APPLICABLE,NOT_APPLICABLE,,True,COVERED
COV-00054,physical_outer_member,90_FUENTES_INTEGRAS/GEOMETRY_OMEGA_TEORIA_COMPLETA_V1_0/GEOMETRY_OMEGA_TEORIA_COMPLETA_V1_0/05_RESULTADOS_NEGATIVOS_Y_CORRECCIONES/OMEGA_AUDITORIA_MODERNA_FASE_1_V61_V69__RESULTADOS_SUPERADOS_O_REFINADOS_V61_V69.csv,.csv,583,84d0908e7b263d9c7dbf81d35b19a5bccfc6f8bb3631556ee77c76db07c099b7,COVERED,SOURCE_ZIP_INVENTORY_EXTRACTED_EXACT,COVERED,dataset_catalog_recomputed_exact,NOT_APPLICABLE,NOT_APPLICABLE,NOT_APPLICABLE,NOT_APPLICABLE,,True,COVERED
COV-00055,physical_outer_member,90_FUENTES_INTEGRAS/GEOMETRY_OMEGA_TEORIA_COMPLETA_V1_0/GEOMETRY_OMEGA_TEORIA_COMPLETA_V1_0/05_RESULTADOS_NEGATIVOS_Y_CORRECCIONES/OMEGA_AUDITORIA_MODERNA_FASE_2_V70_V79__RESULTADOS_SUPERADOS_O_REFINADOS_V70_V79.csv,.csv,985,e4ee80257b35071c7aaf7b019807d18a9d5651378f8d4162cf7638863c97120f,COVERED,SOURCE_ZIP_INVENTORY_EXTRACTED_EXACT,COVERED,dataset_catalog_recomputed_exact,NOT_APPLICABLE,NOT_APPLICABLE,NOT_APPLICABLE,NOT_APPLICABLE,,True,COVERED
COV-00056,physical_outer_member,90_FUENTES_INTEGRAS/GEOMETRY_OMEGA_TEORIA_COMPLETA_V1_0/GEOMETRY_OMEGA_TEORIA_COMPLETA_V1_0/05_RESULTADOS_NEGATIVOS_Y_CORRECCIONES/OMEGA_AUDITORIA_MODERNA_FASE_3_V80_V86__RESULTADOS_SUPERADOS_O_REFINADOS_V80_V86.csv,.csv,947,6f44d43497de8d3e8c355f9b2bbfc222b2937b82b1690f7c9686190d37ea65c8,COVERED,SOURCE_ZIP_INVENTORY_EXTRACTED_EXACT,COVERED,dataset_catalog_recomputed_exact,NOT_APPLICABLE,NOT_APPLICABLE,NOT_APPLICABLE,NOT_APPLICABLE,,True,COVERED
COV-00057,physical_outer_member,90_FUENTES_INTEGRAS/GEOMETRY_OMEGA_TEORIA_COMPLETA_V1_0/GEOMETRY_OMEGA_TEORIA_COMPLETA_V1_0/05_RESULTADOS_NEGATIVOS_Y_CORRECCIONES/OMEGA_AUDITORIA_MODERNA_FINAL_V83_V90__RESULTADOS_SUPERADOS_O_REFINADOS_V83_V90.csv,.csv,646,29360164135998840a0b462b3f19dbd7eb235d0d01f5a7ad533de5a488478864,COVERED,SOURCE_ZIP_INVENTORY_EXTRACTED_EXACT,COVERED,dataset_catalog_recomputed_exact,NOT_APPLICABLE,NOT_APPLICABLE,NOT_APPLICABLE,NOT_APPLICABLE,,True,COVERED
COV-00058,physical_outer_member,90_FUENTES_INTEGRAS/GEOMETRY_OMEGA_TEORIA_COMPLETA_V1_0/GEOMETRY_OMEGA_TEORIA_COMPLETA_V1_0/06_FENOMENOLOGIA/00_FENOMENOLOGIA.md,.md,1547,6fd447af8af1d1c98fa49c6914f957fa3d58da595eb2688e0a20695db2e8fcab,COVERED,SOURCE_ZIP_INVENTORY_EXTRACTED_EXACT,COVERED,markdown_blocks=21,equation_catalog_occurrences_verified=1,claim_candidates_classified=12,NOT_APPLICABLE,NOT_APPLICABLE,,True,COVERED
COV-00059,physical_outer_member,90_FUENTES_INTEGRAS/GEOMETRY_OMEGA_TEORIA_COMPLETA_V1_0/GEOMETRY_OMEGA_TEORIA_COMPLETA_V1_0/06_FENOMENOLOGIA/ALFA_DATOS/Geometry_Omega_Alpha_Coefficients_v67.csv,.csv,1008,b1afb47b017c688d93973c59b7ee7c7dc56d9bc24ae297ded9a9a5c3dd14cc84,COVERED,SOURCE_ZIP_INVENTORY_EXTRACTED_EXACT,COVERED,dataset_catalog_recomputed_exact,NOT_APPLICABLE,NOT_APPLICABLE,NOT_APPLICABLE,NOT_APPLICABLE,,True,COVERED
COV-00060,physical_outer_member,90_FUENTES_INTEGRAS/GEOMETRY_OMEGA_TEORIA_COMPLETA_V1_0/GEOMETRY_OMEGA_TEORIA_COMPLETA_V1_0/06_FENOMENOLOGIA/ALFA_DATOS/Geometry_Omega_Alpha_Dataset_Filtered_v67.csv,.csv,41516,9791bc834960ed436f75e7bdaf38633d1f81e6c441020fbe1a10285e7f131873,COVERED,SOURCE_ZIP_INVENTORY_EXTRACTED_EXACT,COVERED,dataset_catalog_recomputed_exact,NOT_APPLICABLE,NOT_APPLICABLE,NOT_APPLICABLE,NOT_APPLICABLE,,True,COVERED
COV-00061,physical_outer_member,90_FUENTES_INTEGRAS/GEOMETRY_OMEGA_TEORIA_COMPLETA_V1_0/GEOMETRY_OMEGA_TEORIA_COMPLETA_V1_0/06_FENOMENOLOGIA/ALFA_DATOS/Geometry_Omega_Alpha_Dataset_NUBASE2020_v67.csv,.csv,42743,42c33c112921e12d961808d0aaee21cf3e52e79eb7d3bc73e3f3973a7bea579d,COVERED,SOURCE_ZIP_INVENTORY_EXTRACTED_EXACT,COVERED,dataset_catalog_recomputed_exact,NOT_APPLICABLE,NOT_APPLICABLE,NOT_APPLICABLE,NOT_APPLICABLE,,True,COVERED
COV-00062,physical_outer_member,90_FUENTES_INTEGRAS/GEOMETRY_OMEGA_TEORIA_COMPLETA_V1_0/GEOMETRY_OMEGA_TEORIA_COMPLETA_V1_0/06_FENOMENOLOGIA/ALFA_DATOS/Geometry_Omega_Alpha_Derived_Separation_Coefficients_v68.csv,.csv,1209,6d97db1e32a2a550baaa52ad09926d9956624774c20aa0a08d2725a93bc32860,COVERED,SOURCE_ZIP_INVENTORY_EXTRACTED_EXACT,COVERED,dataset_catalog_recomputed_exact,NOT_APPLICABLE,NOT_APPLICABLE,NOT_APPLICABLE,NOT_APPLICABLE,,True,COVERED
COV-00063,physical_outer_member,90_FUENTES_INTEGRAS/GEOMETRY_OMEGA_TEORIA_COMPLETA_V1_0/GEOMETRY_OMEGA_TEORIA_COMPLETA_V1_0/06_FENOMENOLOGIA/ALFA_DATOS/Geometry_Omega_Alpha_Derived_Separation_Diagnostics_v68.csv,.csv,212,7e2fc5e96f60b0fb7a845e47ee95a2d204da2b3fbe5a3c70264d5fd25ecfa5ac,COVERED,SOURCE_ZIP_INVENTORY_EXTRACTED_EXACT,COVERED,dataset_catalog_recomputed_exact,NOT_APPLICABLE,NOT_APPLICABLE,NOT_APPLICABLE,NOT_APPLICABLE,,True,COVERED
COV-00064,physical_outer_member,90_FUENTES_INTEGRAS/GEOMETRY_OMEGA_TEORIA_COMPLETA_V1_0/GEOMETRY_OMEGA_TEORIA_COMPLETA_V1_0/06_FENOMENOLOGIA/ALFA_DATOS/Geometry_Omega_Alpha_Derived_Separation_Models_v68.csv,.csv,923,81273302df78df8b218a8244ab9cfeda99e8cceafa3f45bd13c356c30fd8cff7,COVERED,SOURCE_ZIP_INVENTORY_EXTRACTED_EXACT,COVERED,dataset_catalog_recomputed_exact,NOT_APPLICABLE,NOT_APPLICABLE,NOT_APPLICABLE,NOT_APPLICABLE,,True,COVERED
COV-00065,physical_outer_member,90_FUENTES_INTEGRAS/GEOMETRY_OMEGA_TEORIA_COMPLETA_V1_0/GEOMETRY_OMEGA_TEORIA_COMPLETA_V1_0/06_FENOMENOLOGIA/ALFA_DATOS/Geometry_Omega_Alpha_Derived_Separation_Predictions_v68.csv,.csv,86909,f5a643f9c57e35b68ba7845265e7ade5634443eff22e3938b5a030d135767f7b,COVERED,SOURCE_ZIP_INVENTORY_EXTRACTED_EXACT,COVERED,dataset_catalog_recomputed_exact,NOT_APPLICABLE,NOT_APPLICABLE,NOT_APPLICABLE,NOT_APPLICABLE,,True,COVERED
COV-00066,physical_outer_member,90_FUENTES_INTEGRAS/GEOMETRY_OMEGA_TEORIA_COMPLETA_V1_0/GEOMETRY_OMEGA_TEORIA_COMPLETA_V1_0/06_FENOMENOLOGIA/ALFA_DATOS/Geometry_Omega_Alpha_Derived_Separation_Residuals_v68.csv,.csv,29243,c003eac5857faaded80d1de669d4ffd81d392eac41e79ef4d1fa324ce2d4dd27,COVERED,SOURCE_ZIP_INVENTORY_EXTRACTED_EXACT,COVERED,dataset_catalog_recomputed_exact,NOT_APPLICABLE,NOT_APPLICABLE,NOT_APPLICABLE,NOT_APPLICABLE,,True,COVERED
COV-00067,physical_outer_member,90_FUENTES_INTEGRAS/GEOMETRY_OMEGA_TEORIA_COMPLETA_V1_0/GEOMETRY_OMEGA_TEORIA_COMPLETA_V1_0/06_FENOMENOLOGIA/ALFA_DATOS/Geometry_Omega_Alpha_Derived_Separation_Transfer_v68.csv,.csv,624,019b7743d9be608bc93050760cf22ad249370fff6371aa4c7eda4f2b28a81f1b,COVERED,SOURCE_ZIP_INVENTORY_EXTRACTED_EXACT,COVERED,dataset_catalog_recomputed_exact,NOT_APPLICABLE,NOT_APPLICABLE,NOT_APPLICABLE,NOT_APPLICABLE,,True,COVERED
COV-00068,physical_outer_member,90_FUENTES_INTEGRAS/GEOMETRY_OMEGA_TEORIA_COMPLETA_V1_0/GEOMETRY_OMEGA_TEORIA_COMPLETA_V1_0/06_FENOMENOLOGIA/ALFA_DATOS/Geometry_Omega_Alpha_Largest_Residuals_v67.csv,.csv,28178,eb6a7f612ffa5beff553b78a5bcdaa7b93991870713e28aaa04dcf7e4ff6849f,COVERED,SOURCE_ZIP_INVENTORY_EXTRACTED_EXACT,COVERED,dataset_catalog_recomputed_exact,NOT_APPLICABLE,NOT_APPLICABLE,NOT_APPLICABLE,NOT_APPLICABLE,,True,COVERED
COV-00069,physical_outer_member,90_FUENTES_INTEGRAS/GEOMETRY_OMEGA_TEORIA_COMPLETA_V1_0/GEOMETRY_OMEGA_TEORIA_COMPLETA_V1_0/06_FENOMENOLOGIA/ALFA_DATOS/Geometry_Omega_Alpha_Microseparation_Actions_v69.csv,.csv,716586,550faa20d7264786ee175815b05132eef84e1b12f4aaee2b40f55574d3a016a6,COVERED,SOURCE_ZIP_INVENTORY_EXTRACTED_EXACT,COVERED,dataset_catalog_recomputed_exact,NOT_APPLICABLE,NOT_APPLICABLE,NOT_APPLICABLE,NOT_APPLICABLE,,True,COVERED
COV-00070,physical_outer_member,90_FUENTES_INTEGRAS/GEOMETRY_OMEGA_TEORIA_COMPLETA_V1_0/GEOMETRY_OMEGA_TEORIA_COMPLETA_V1_0/06_FENOMENOLOGIA/ALFA_DATOS/Geometry_Omega_Alpha_Microseparation_Coefficients_v69.csv,.csv,10545,affb429300c2db2c56e4d9f255698bfa180e9335fb1cee3125aa2c816f573c79,COVERED,SOURCE_ZIP_INVENTORY_EXTRACTED_EXACT,COVERED,dataset_catalog_recomputed_exact,NOT_APPLICABLE,NOT_APPLICABLE,NOT_APPLICABLE,NOT_APPLICABLE,,True,COVERED
COV-00071,physical_outer_member,90_FUENTES_INTEGRAS/GEOMETRY_OMEGA_TEORIA_COMPLETA_V1_0/GEOMETRY_OMEGA_TEORIA_COMPLETA_V1_0/06_FENOMENOLOGIA/ALFA_DATOS/Geometry_Omega_Alpha_Microseparation_Emergence_v69.csv,.csv,3610,7706e6e06c84072c9e77184e3bba08035c4d5787b537d2b375f1bb311705ec17,COVERED,SOURCE_ZIP_INVENTORY_EXTRACTED_EXACT,COVERED,dataset_catalog_recomputed_exact,NOT_APPLICABLE,NOT_APPLICABLE,NOT_APPLICABLE,NOT_APPLICABLE,,True,COVERED
COV-00072,physical_outer_member,90_FUENTES_INTEGRAS/GEOMETRY_OMEGA_TEORIA_COMPLETA_V1_0/GEOMETRY_OMEGA_TEORIA_COMPLETA_V1_0/06_FENOMENOLOGIA/ALFA_DATOS/Geometry_Omega_Alpha_Microseparation_Models_v69.csv,.csv,6654,c5a1ae1a39b7e7ca78845bcf0690adcaf833709f21b98ef49ed9ca795b568c65,COVERED,SOURCE_ZIP_INVENTORY_EXTRACTED_EXACT,COVERED,dataset_catalog_recomputed_exact,NOT_APPLICABLE,NOT_APPLICABLE,NOT_APPLICABLE,NOT_APPLICABLE,,True,COVERED
COV-00073,physical_outer_member,90_FUENTES_INTEGRAS/GEOMETRY_OMEGA_TEORIA_COMPLETA_V1_0/GEOMETRY_OMEGA_TEORIA_COMPLETA_V1_0/06_FENOMENOLOGIA/ALFA_DATOS/Geometry_Omega_Alpha_Microseparation_Predictions_v69.csv,.csv,1570670,4a9e18bd25592d7b4f1736d5519fe408b8213f663e73bedd5a04f220b98a0d2b,COVERED,SOURCE_ZIP_INVENTORY_EXTRACTED_EXACT,COVERED,dataset_catalog_recomputed_exact,NOT_APPLICABLE,NOT_APPLICABLE,NOT_APPLICABLE,NOT_APPLICABLE,,True,COVERED
COV-00074,physical_outer_member,90_FUENTES_INTEGRAS/GEOMETRY_OMEGA_TEORIA_COMPLETA_V1_0/GEOMETRY_OMEGA_TEORIA_COMPLETA_V1_0/06_FENOMENOLOGIA/ALFA_DATOS/Geometry_Omega_Alpha_Microseparation_Residuals_v69.csv,.csv,27108,1e37819c0079c6748529a5a0fcb43031a872245a5da258d77d9d5dcc2d78c2c0,COVERED,SOURCE_ZIP_INVENTORY_EXTRACTED_EXACT,COVERED,dataset_catalog_recomputed_exact,NOT_APPLICABLE,NOT_APPLICABLE,NOT_APPLICABLE,NOT_APPLICABLE,,True,COVERED
COV-00075,physical_outer_member,90_FUENTES_INTEGRAS/GEOMETRY_OMEGA_TEORIA_COMPLETA_V1_0/GEOMETRY_OMEGA_TEORIA_COMPLETA_V1_0/06_FENOMENOLOGIA/ALFA_DATOS/Geometry_Omega_Alpha_Model_Comparison_v67.csv,.csv,770,7a3fc5fae2e3553705f96ecc175eed62f23b124c70c63afe08252df67466412d,COVERED,SOURCE_ZIP_INVENTORY_EXTRACTED_EXACT,COVERED,dataset_catalog_recomputed_exact,NOT_APPLICABLE,NOT_APPLICABLE,NOT_APPLICABLE,NOT_APPLICABLE,,True,COVERED
COV-00076,physical_outer_member,90_FUENTES_INTEGRAS/GEOMETRY_OMEGA_TEORIA_COMPLETA_V1_0/GEOMETRY_OMEGA_TEORIA_COMPLETA_V1_0/06_FENOMENOLOGIA/ALFA_DATOS/Geometry_Omega_Alpha_Predictions_v67.csv,.csv,99789,f1a0160c01af3090ae53f88e4376b593c68318c518067595d33e6503730d3ea5,COVERED,SOURCE_ZIP_INVENTORY_EXTRACTED_EXACT,COVERED,dataset_catalog_recomputed_exact,NOT_APPLICABLE,NOT_APPLICABLE,NOT_APPLICABLE,NOT_APPLICABLE,,True,COVERED
COV-00077,physical_outer_member,90_FUENTES_INTEGRAS/GEOMETRY_OMEGA_TEORIA_COMPLETA_V1_0/GEOMETRY_OMEGA_TEORIA_COMPLETA_V1_0/06_FENOMENOLOGIA/ALFA_DATOS/Geometry_Omega_Alpha_Preformation_Coefficients_v70.csv,.csv,1582,c569bc35b2acc0d76de685d155ebe3f0fbed31a56992cd47ace3b06010388842,COVERED,SOURCE_ZIP_INVENTORY_EXTRACTED_EXACT,COVERED,dataset_catalog_recomputed_exact,NOT_APPLICABLE,NOT_APPLICABLE,NOT_APPLICABLE,NOT_APPLICABLE,,True,COVERED
COV-00078,physical_outer_member,90_FUENTES_INTEGRAS/GEOMETRY_OMEGA_TEORIA_COMPLETA_V1_0/GEOMETRY_OMEGA_TEORIA_COMPLETA_V1_0/06_FENOMENOLOGIA/ALFA_DATOS/Geometry_Omega_Alpha_Preformation_Correlations_v70.csv,.csv,267,5ac93e0ee24617eb02993695275b280012834f10de62e18bae91e15d9c4e290a,COVERED,SOURCE_ZIP_INVENTORY_EXTRACTED_EXACT,COVERED,dataset_catalog_recomputed_exact,NOT_APPLICABLE,NOT_APPLICABLE,NOT_APPLICABLE,NOT_APPLICABLE,,True,COVERED
COV-00079,physical_outer_member,90_FUENTES_INTEGRAS/GEOMETRY_OMEGA_TEORIA_COMPLETA_V1_0/GEOMETRY_OMEGA_TEORIA_COMPLETA_V1_0/06_FENOMENOLOGIA/ALFA_DATOS/Geometry_Omega_Alpha_Preformation_Dataset_v70.csv,.csv,80957,64b8a2e050981dd69821edbc7127065b70e76e7ffd7dec3892f5ec653f2cd508,COVERED,SOURCE_ZIP_INVENTORY_EXTRACTED_EXACT,COVERED,dataset_catalog_recomputed_exact,NOT_APPLICABLE,NOT_APPLICABLE,NOT_APPLICABLE,NOT_APPLICABLE,,True,COVERED
COV-00080,physical_outer_member,90_FUENTES_INTEGRAS/GEOMETRY_OMEGA_TEORIA_COMPLETA_V1_0/GEOMETRY_OMEGA_TEORIA_COMPLETA_V1_0/06_FENOMENOLOGIA/ALFA_DATOS/Geometry_Omega_Alpha_Preformation_Models_v70.csv,.csv,1093,77d78fab46566bcb309e2f172076ee10a77e31149220bcc5dcd3c44ffa217b71,COVERED,SOURCE_ZIP_INVENTORY_EXTRACTED_EXACT,COVERED,dataset_catalog_recomputed_exact,NOT_APPLICABLE,NOT_APPLICABLE,NOT_APPLICABLE,NOT_APPLICABLE,,True,COVERED
COV-00081,physical_outer_member,90_FUENTES_INTEGRAS/GEOMETRY_OMEGA_TEORIA_COMPLETA_V1_0/GEOMETRY_OMEGA_TEORIA_COMPLETA_V1_0/06_FENOMENOLOGIA/ALFA_DATOS/Geometry_Omega_Alpha_Preformation_Predictions_v70.csv,.csv,86808,77f575c18945ec9d132b2130b575766409de7563f90ed2e2a048d58017e90583,COVERED,SOURCE_ZIP_INVENTORY_EXTRACTED_EXACT,COVERED,dataset_catalog_recomputed_exact,NOT_APPLICABLE,NOT_APPLICABLE,NOT_APPLICABLE,NOT_APPLICABLE,,True,COVERED
COV-00082,physical_outer_member,90_FUENTES_INTEGRAS/GEOMETRY_OMEGA_TEORIA_COMPLETA_V1_0/GEOMETRY_OMEGA_TEORIA_COMPLETA_V1_0/06_FENOMENOLOGIA/ALFA_DATOS/Geometry_Omega_Alpha_Preformation_Residuals_v70.csv,.csv,35061,a5d6c7d1a179edf6f4a508d98d027d9d28aa2bc53fb730ff1ec44057d98e56ee,COVERED,SOURCE_ZIP_INVENTORY_EXTRACTED_EXACT,COVERED,dataset_catalog_recomputed_exact,NOT_APPLICABLE,NOT_APPLICABLE,NOT_APPLICABLE,NOT_APPLICABLE,,True,COVERED
COV-00083,physical_outer_member,90_FUENTES_INTEGRAS/GEOMETRY_OMEGA_TEORIA_COMPLETA_V1_0/GEOMETRY_OMEGA_TEORIA_COMPLETA_V1_0/06_FENOMENOLOGIA/ALFA_DATOS/Geometry_Omega_Alpha_Preformation_Transfer_v70.csv,.csv,309,5f1204bd610cb84c1006f8cd7fd97325973605b13938b9452791da01ab9bd976,COVERED,SOURCE_ZIP_INVENTORY_EXTRACTED_EXACT,COVERED,dataset_catalog_recomputed_exact,NOT_APPLICABLE,NOT_APPLICABLE,NOT_APPLICABLE,NOT_APPLICABLE,,True,COVERED
COV-00084,physical_outer_member,90_FUENTES_INTEGRAS/GEOMETRY_OMEGA_TEORIA_COMPLETA_V1_0/GEOMETRY_OMEGA_TEORIA_COMPLETA_V1_0/06_FENOMENOLOGIA/ALFA_DATOS/Geometry_Omega_Alpha_Relational_Network_Coefficients_v71.csv,.csv,1448,2a2ef0db6b460d399cadc05b9c68c6caeb719b5b093709b6562445eb2b623e77,COVERED,SOURCE_ZIP_INVENTORY_EXTRACTED_EXACT,COVERED,dataset_catalog_recomputed_exact,NOT_APPLICABLE,NOT_APPLICABLE,NOT_APPLICABLE,NOT_APPLICABLE,,True,COVERED
COV-00085,physical_outer_member,90_FUENTES_INTEGRAS/GEOMETRY_OMEGA_TEORIA_COMPLETA_V1_0/GEOMETRY_OMEGA_TEORIA_COMPLETA_V1_0/06_FENOMENOLOGIA/ALFA_DATOS/Geometry_Omega_Alpha_Relational_Network_Correlations_v71.csv,.csv,286,881e16fa4e3287e3a826d4e6c4b58aa05a73edea2f33422ebbf476c06d306bed,COVERED,SOURCE_ZIP_INVENTORY_EXTRACTED_EXACT,COVERED,dataset_catalog_recomputed_exact,NOT_APPLICABLE,NOT_APPLICABLE,NOT_APPLICABLE,NOT_APPLICABLE,,True,COVERED
COV-00086,physical_outer_member,90_FUENTES_INTEGRAS/GEOMETRY_OMEGA_TEORIA_COMPLETA_V1_0/GEOMETRY_OMEGA_TEORIA_COMPLETA_V1_0/06_FENOMENOLOGIA/ALFA_DATOS/Geometry_Omega_Alpha_Relational_Network_Models_v71.csv,.csv,1065,8fb998ef07b13050622838d25428723fa598e20f5fed2274ac6587f2dc853b5c,COVERED,SOURCE_ZIP_INVENTORY_EXTRACTED_EXACT,COVERED,dataset_catalog_recomputed_exact,NOT_APPLICABLE,NOT_APPLICABLE,NOT_APPLICABLE,NOT_APPLICABLE,,True,COVERED
COV-00087,physical_outer_member,90_FUENTES_INTEGRAS/GEOMETRY_OMEGA_TEORIA_COMPLETA_V1_0/GEOMETRY_OMEGA_TEORIA_COMPLETA_V1_0/06_FENOMENOLOGIA/ALFA_DATOS/Geometry_Omega_Alpha_Relational_Network_Predictions_v71.csv,.csv,60136,ba5b939925cb9f58ad1d9ff09bc01652f7264f3159626b1488b8200fc5e68fc7,COVERED,SOURCE_ZIP_INVENTORY_EXTRACTED_EXACT,COVERED,dataset_catalog_recomputed_exact,NOT_APPLICABLE,NOT_APPLICABLE,NOT_APPLICABLE,NOT_APPLICABLE,,True,COVERED
COV-00088,physical_outer_member,90_FUENTES_INTEGRAS/GEOMETRY_OMEGA_TEORIA_COMPLETA_V1_0/GEOMETRY_OMEGA_TEORIA_COMPLETA_V1_0/06_FENOMENOLOGIA/ALFA_DATOS/Geometry_Omega_Alpha_Relational_Network_Residuals_v71.csv,.csv,49869,248fe60469aa4ef9b681c2d60cfd6412dcaa9555b69b56454035125a336f548c,COVERED,SOURCE_ZIP_INVENTORY_EXTRACTED_EXACT,COVERED,dataset_catalog_recomputed_exact,NOT_APPLICABLE,NOT_APPLICABLE,NOT_APPLICABLE,NOT_APPLICABLE,,True,COVERED
COV-00089,physical_outer_member,90_FUENTES_INTEGRAS/GEOMETRY_OMEGA_TEORIA_COMPLETA_V1_0/GEOMETRY_OMEGA_TEORIA_COMPLETA_V1_0/06_FENOMENOLOGIA/ALFA_DATOS/Geometry_Omega_Alpha_Relational_Network_v71.csv,.csv,118537,52853a02bb12b2b18d5ed59f23b20d5ffcc1c664e219e704984e1a71f57c4b7b,COVERED,SOURCE_ZIP_INVENTORY_EXTRACTED_EXACT,COVERED,dataset_catalog_recomputed_exact,NOT_APPLICABLE,NOT_APPLICABLE,NOT_APPLICABLE,NOT_APPLICABLE,,True,COVERED
COV-00090,physical_outer_member,90_FUENTES_INTEGRAS/GEOMETRY_OMEGA_TEORIA_COMPLETA_V1_0/GEOMETRY_OMEGA_TEORIA_COMPLETA_V1_0/06_FENOMENOLOGIA/ALFA_DATOS/Geometry_Omega_Alpha_Residual_Diagnostics_v67.csv,.csv,690,f8121fc7e804654b3f0345d75e6f99f2fd8971c9c38b95219bfa96af370c41cf,COVERED,SOURCE_ZIP_INVENTORY_EXTRACTED_EXACT,COVERED,dataset_catalog_recomputed_exact,NOT_APPLICABLE,NOT_APPLICABLE,NOT_APPLICABLE,NOT_APPLICABLE,,True,COVERED
COV-00091,physical_outer_member,90_FUENTES_INTEGRAS/GEOMETRY_OMEGA_TEORIA_COMPLETA_V1_0/GEOMETRY_OMEGA_TEORIA_COMPLETA_V1_0/06_FENOMENOLOGIA/ALFA_DATOS/Geometry_Omega_Confrontacion_Decaimiento_Alfa_v67_2026-08-02.md,.md,11649,a1a2570c2b669775b70de59cb8c2ab41615148646741c0d442e08bf1a2bce079,COVERED,SOURCE_ZIP_INVENTORY_EXTRACTED_EXACT,COVERED,markdown_blocks=93,equation_catalog_occurrences_verified=25,claim_candidates_classified=48,NOT_APPLICABLE,NOT_APPLICABLE,,True,COVERED
COV-00092,physical_outer_member,90_FUENTES_INTEGRAS/GEOMETRY_OMEGA_TEORIA_COMPLETA_V1_0/GEOMETRY_OMEGA_TEORIA_COMPLETA_V1_0/06_FENOMENOLOGIA/ALFA_DATOS/Geometry_Omega_Derivacion_Restriccion_Alfa_v68_2026-08-02.md,.md,17694,86c5682dec8eed4609f2b190cade5d578daf7657beda7fd6f5c47079ce25c5ff,COVERED,SOURCE_ZIP_INVENTORY_EXTRACTED_EXACT,COVERED,markdown_blocks=199,equation_catalog_occurrences_verified=53,claim_candidates_classified=121,NOT_APPLICABLE,NOT_APPLICABLE,negative_catalog_occurrences=2,True,COVERED_WITH_NEGATIVE_OR_LIMITATION
COV-00093,physical_outer_member,90_FUENTES_INTEGRAS/GEOMETRY_OMEGA_TEORIA_COMPLETA_V1_0/GEOMETRY_OMEGA_TEORIA_COMPLETA_V1_0/06_FENOMENOLOGIA/ALFA_DATOS/Geometry_Omega_Perfil_Microscopico_Separacion_Alfa_v69_2026-08-02.md,.md,12582,8f5f6f70e7d37ddc28a8811deeb2463411e5fe424603b03b15cd54bd3d0f369b,COVERED,SOURCE_ZIP_INVENTORY_EXTRACTED_EXACT,COVERED,markdown_blocks=119,equation_catalog_occurrences_verified=38,claim_candidates_classified=68,NOT_APPLICABLE,NOT_APPLICABLE,,True,COVERED
COV-00094,physical_outer_member,90_FUENTES_INTEGRAS/GEOMETRY_OMEGA_TEORIA_COMPLETA_V1_0/GEOMETRY_OMEGA_TEORIA_COMPLETA_V1_0/06_FENOMENOLOGIA/ALFA_DATOS/Geometry_Omega_Preformacion_Alfa_Cierre_Identidad_v70_2026-08-02.md,.md,15799,13511092fd79b008ac450aafdd6f85052b748f6f36e485e6a10bc7a2f809caac,COVERED,SOURCE_ZIP_INVENTORY_EXTRACTED_EXACT,COVERED,markdown_blocks=163,equation_catalog_occurrences_verified=49,claim_candidates_classified=97,NOT_APPLICABLE,NOT_APPLICABLE,,True,COVERED
COV-00095,physical_outer_member,90_FUENTES_INTEGRAS/GEOMETRY_OMEGA_TEORIA_COMPLETA_V1_0/GEOMETRY_OMEGA_TEORIA_COMPLETA_V1_0/06_FENOMENOLOGIA/ALFA_DATOS/Geometry_Omega_Red_Relacional_Preformacion_Alfa_v71_2026-08-02.md,.md,14153,338b79628ecd345ac722da18277bb8de2e6a5d66644f5ee6dc886c0f0a5636d3,COVERED,SOURCE_ZIP_INVENTORY_EXTRACTED_EXACT,COVERED,markdown_blocks=146,equation_catalog_occurrences_verified=41,claim_candidates_classified=85,NOT_APPLICABLE,NOT_APPLICABLE,,True,COVERED
COV-00096,physical_outer_member,90_FUENTES_INTEGRAS/GEOMETRY_OMEGA_TEORIA_COMPLETA_V1_0/GEOMETRY_OMEGA_TEORIA_COMPLETA_V1_0/07_PROBLEMAS_ABIERTOS/00_PROGRAMA_PRIORIZADO.md,.md,1486,daa1a79f2ecb985926655748b8b7941ef1ff5db41aa08a90a1a6fecda44d59ef,COVERED,SOURCE_ZIP_INVENTORY_EXTRACTED_EXACT,COVERED,markdown_blocks=21,equation_catalog_occurrences_verified=0,claim_candidates_classified=12,NOT_APPLICABLE,NOT_APPLICABLE,,True,COVERED
COV-00097,physical_outer_member,90_FUENTES_INTEGRAS/GEOMETRY_OMEGA_TEORIA_COMPLETA_V1_0/GEOMETRY_OMEGA_TEORIA_COMPLETA_V1_0/07_PROBLEMAS_ABIERTOS/01_PREGUNTAS_ABIERTAS_CONSOLIDADAS.csv,.csv,8902,2f2ead79fbd163303f7adc3082531dcee50b079372e200de6c727e7f8ae67ac0,COVERED,SOURCE_ZIP_INVENTORY_EXTRACTED_EXACT,COVERED,dataset_catalog_recomputed_exact,NOT_APPLICABLE,NOT_APPLICABLE,NOT_APPLICABLE,NOT_APPLICABLE,,True,COVERED
COV-00098,physical_outer_member,90_FUENTES_INTEGRAS/GEOMETRY_OMEGA_TEORIA_COMPLETA_V1_0/GEOMETRY_OMEGA_TEORIA_COMPLETA_V1_0/07_PROBLEMAS_ABIERTOS/02_PROGRAMA_PRIORIZADO.csv,.csv,1433,fcbeb50ea44e05737427ffe09425d40da97c3afac6ef098cf99435671673dca2,COVERED,SOURCE_ZIP_INVENTORY_EXTRACTED_EXACT,COVERED,dataset_catalog_recomputed_exact,NOT_APPLICABLE,NOT_APPLICABLE,NOT_APPLICABLE,NOT_APPLICABLE,,True,COVERED
COV-00099,physical_outer_member,90_FUENTES_INTEGRAS/GEOMETRY_OMEGA_TEORIA_COMPLETA_V1_0/GEOMETRY_OMEGA_TEORIA_COMPLETA_V1_0/08_HISTORIA_Y_EVOLUCION/00_HISTORIA_RESUMIDA.md,.md,1148,30013365a4139d99c1f765d45067cb1a01d357af29e546aab3ef8ad8849c6717,COVERED,SOURCE_ZIP_INVENTORY_EXTRACTED_EXACT,COVERED,markdown_blocks=15,equation_catalog_occurrences_verified=0,claim_candidates_classified=7,NOT_APPLICABLE,NOT_APPLICABLE,,True,COVERED
COV-00100,physical_outer_member,90_FUENTES_INTEGRAS/GEOMETRY_OMEGA_TEORIA_COMPLETA_V1_0/GEOMETRY_OMEGA_TEORIA_COMPLETA_V1_0/08_HISTORIA_Y_EVOLUCION/00_INFORME_MAESTRO_OMEGA_0_90.md,.md,24393,15eaf23c6dc951d01d8dc1cab366c2470ffe3f3781a2ae5aea5009b35ca524ab,COVERED,SOURCE_ZIP_INVENTORY_EXTRACTED_EXACT,COVERED,markdown_blocks=119,equation_catalog_occurrences_verified=7,claim_candidates_classified=81,NOT_APPLICABLE,NOT_APPLICABLE,negative_catalog_occurrences=1; open_doubt_occurrences=1,True,COVERED_WITH_NEGATIVE_OR_LIMITATION
COV-00101,physical_outer_member,90_FUENTES_INTEGRAS/GEOMETRY_OMEGA_TEORIA_COMPLETA_V1_0/GEOMETRY_OMEGA_TEORIA_COMPLETA_V1_0/08_HISTORIA_Y_EVOLUCION/01_METRICAS_POR_BLOQUE.csv,.csv,829,b650b05fffd4f1a9647a9ba0e7aacd23e081e9f6e39b06bd5359029fc93341cb,COVERED,SOURCE_ZIP_INVENTORY_EXTRACTED_EXACT,COVERED,dataset_catalog_recomputed_exact,NOT_APPLICABLE,NOT_APPLICABLE,NOT_APPLICABLE,NOT_APPLICABLE,,True,COVERED
COV-00102,physical_outer_member,90_FUENTES_INTEGRAS/GEOMETRY_OMEGA_TEORIA_COMPLETA_V1_0/GEOMETRY_OMEGA_TEORIA_COMPLETA_V1_0/08_HISTORIA_Y_EVOLUCION/06_RESUMEN_MAQUINA.json,.json,734,6ac557c2e4c65d865bad161c148bf15d3d9dcfaf4e207053e179754652b84fd2,COVERED,SOURCE_ZIP_INVENTORY_EXTRACTED_EXACT,COVERED,json_parsed,NOT_APPLICABLE,NOT_APPLICABLE,NOT_APPLICABLE,NOT_APPLICABLE,,True,COVERED
COV-00103,physical_outer_member,90_FUENTES_INTEGRAS/GEOMETRY_OMEGA_TEORIA_COMPLETA_V1_0/GEOMETRY_OMEGA_TEORIA_COMPLETA_V1_0/09_AUDITORIAS_COMPLETAS/OMEGA_AUDITORIA_FASE_0/00_LEEME_FASE_0.md,.md,3323,f2b34e00c541b3fca9e90741545a5399a80f68d9ed91a58ac177a140b3ee1de0,COVERED,SOURCE_ZIP_INVENTORY_EXTRACTED_EXACT,COVERED,markdown_blocks=24,equation_catalog_occurrences_verified=0,claim_candidates_classified=15,NOT_APPLICABLE,NOT_APPLICABLE,negative_catalog_occurrences=1,True,COVERED_WITH_NEGATIVE_OR_LIMITATION
COV-00104,physical_outer_member,90_FUENTES_INTEGRAS/GEOMETRY_OMEGA_TEORIA_COMPLETA_V1_0/GEOMETRY_OMEGA_TEORIA_COMPLETA_V1_0/09_AUDITORIAS_COMPLETAS/OMEGA_AUDITORIA_FASE_0/01_INVENTARIO_COMPLETO_ARCHIVOS.csv,.csv,76593,665448240cb7708d91709d90f748dde77ef0343e943cc57458922db1427a82ef,COVERED,SOURCE_ZIP_INVENTORY_EXTRACTED_EXACT,COVERED,dataset_catalog_recomputed_exact,NOT_APPLICABLE,NOT_APPLICABLE,NOT_APPLICABLE,NOT_APPLICABLE,,True,COVERED
COV-00105,physical_outer_member,90_FUENTES_INTEGRAS/GEOMETRY_OMEGA_TEORIA_COMPLETA_V1_0/GEOMETRY_OMEGA_TEORIA_COMPLETA_V1_0/09_AUDITORIAS_COMPLETAS/OMEGA_AUDITORIA_FASE_0/02_DUPLICADOS_EXACTOS.csv,.csv,2496,59525ff9a2dffba4206c1809addab54580c96a62f2eb7cf54bc2f794de567fcf,COVERED,SOURCE_ZIP_INVENTORY_EXTRACTED_EXACT,COVERED,dataset_catalog_recomputed_exact,NOT_APPLICABLE,NOT_APPLICABLE,NOT_APPLICABLE,NOT_APPLICABLE,,True,COVERED
COV-00106,physical_outer_member,90_FUENTES_INTEGRAS/GEOMETRY_OMEGA_TEORIA_COMPLETA_V1_0/GEOMETRY_OMEGA_TEORIA_COMPLETA_V1_0/09_AUDITORIAS_COMPLETAS/OMEGA_AUDITORIA_FASE_0/03_INDICE_58_DOCUMENTOS_CORPUS.csv,.csv,8348,a9b91f7a2ede27b75aaecd337e613efc9f9ea28c6624c4690be8b35dfabe48ba,COVERED,SOURCE_ZIP_INVENTORY_EXTRACTED_EXACT,COVERED,dataset_catalog_recomputed_exact,NOT_APPLICABLE,NOT_APPLICABLE,NOT_APPLICABLE,NOT_APPLICABLE,,True,COVERED
COV-00107,physical_outer_member,90_FUENTES_INTEGRAS/GEOMETRY_OMEGA_TEORIA_COMPLETA_V1_0/GEOMETRY_OMEGA_TEORIA_COMPLETA_V1_0/09_AUDITORIAS_COMPLETAS/OMEGA_AUDITORIA_FASE_0/04_COBERTURA_VERSIONES_MARKDOWN.csv,.csv,5834,0bc64ea579a2b14f8ccb1048cac6f992b9b64241c2e596a7e4ed38b249e26157,COVERED,SOURCE_ZIP_INVENTORY_EXTRACTED_EXACT,COVERED,dataset_catalog_recomputed_exact,NOT_APPLICABLE,NOT_APPLICABLE,NOT_APPLICABLE,NOT_APPLICABLE,,True,COVERED
COV-00108,physical_outer_member,90_FUENTES_INTEGRAS/GEOMETRY_OMEGA_TEORIA_COMPLETA_V1_0/GEOMETRY_OMEGA_TEORIA_COMPLETA_V1_0/09_AUDITORIAS_COMPLETAS/OMEGA_AUDITORIA_FASE_0/05_RESUMEN_MAQUINA.json,.json,1284,daee898fa9882963dbfa4ff147d75853f59b1c16d543aa676bebf520b536659d,COVERED,SOURCE_ZIP_INVENTORY_EXTRACTED_EXACT,COVERED,json_parsed,NOT_APPLICABLE,NOT_APPLICABLE,NOT_APPLICABLE,NOT_APPLICABLE,,True,COVERED
COV-00109,physical_outer_member,90_FUENTES_INTEGRAS/GEOMETRY_OMEGA_TEORIA_COMPLETA_V1_0/GEOMETRY_OMEGA_TEORIA_COMPLETA_V1_0/09_AUDITORIAS_COMPLETAS/OMEGA_AUDITORIA_FASE_1_DOCS_01_10/00_LEEME_FASE_1.md,.md,2457,1e33f15879ddb799e5555df3879217fd2b35dbedb236618548cfb6e5c41a4862,COVERED,SOURCE_ZIP_INVENTORY_EXTRACTED_EXACT,COVERED,markdown_blocks=22,equation_catalog_occurrences_verified=1,claim_candidates_classified=14,NOT_APPLICABLE,NOT_APPLICABLE,,True,COVERED
COV-00110,physical_outer_member,90_FUENTES_INTEGRAS/GEOMETRY_OMEGA_TEORIA_COMPLETA_V1_0/GEOMETRY_OMEGA_TEORIA_COMPLETA_V1_0/09_AUDITORIAS_COMPLETAS/OMEGA_AUDITORIA_FASE_1_DOCS_01_10/01_RESUMEN_MAQUINA_FASE_1.json,.json,1791,1e151daa92a1678ec2c4976c6a2663f450d9965b72fc515855d9804aab22bdbb,COVERED,SOURCE_ZIP_INVENTORY_EXTRACTED_EXACT,COVERED,json_parsed,NOT_APPLICABLE,NOT_APPLICABLE,NOT_APPLICABLE,NOT_APPLICABLE,,True,COVERED
COV-00111,physical_outer_member,90_FUENTES_INTEGRAS/GEOMETRY_OMEGA_TEORIA_COMPLETA_V1_0/GEOMETRY_OMEGA_TEORIA_COMPLETA_V1_0/09_AUDITORIAS_COMPLETAS/OMEGA_AUDITORIA_FASE_1_DOCS_01_10/02_INVENTARIO_ENTREGABLE_FASE_1.csv,.csv,2534,c8c604111c9c95af40db11e876493d4ed9eeeac9cade61e173a5de4ef6eeb708,COVERED,SOURCE_ZIP_INVENTORY_EXTRACTED_EXACT,COVERED,dataset_catalog_recomputed_exact,NOT_APPLICABLE,NOT_APPLICABLE,NOT_APPLICABLE,NOT_APPLICABLE,,True,COVERED
COV-00112,physical_outer_member,90_FUENTES_INTEGRAS/GEOMETRY_OMEGA_TEORIA_COMPLETA_V1_0/GEOMETRY_OMEGA_TEORIA_COMPLETA_V1_0/09_AUDITORIAS_COMPLETAS/OMEGA_AUDITORIA_FASE_1_DOCS_01_10/03_AUDITORIAS_DOCUMENTALES/DOC_01_AUDITORIA.md,.md,2847,4f26c4a8dc5c9b67691e83d172aac0c2cbffaa300cdb43ef4aac0bc91aad5efc,COVERED,SOURCE_ZIP_INVENTORY_EXTRACTED_EXACT,COVERED,markdown_blocks=17,equation_catalog_occurrences_verified=0,claim_candidates_classified=9,NOT_APPLICABLE,NOT_APPLICABLE,,True,COVERED
COV-00113,physical_outer_member,90_FUENTES_INTEGRAS/GEOMETRY_OMEGA_TEORIA_COMPLETA_V1_0/GEOMETRY_OMEGA_TEORIA_COMPLETA_V1_0/09_AUDITORIAS_COMPLETAS/OMEGA_AUDITORIA_FASE_1_DOCS_01_10/03_AUDITORIAS_DOCUMENTALES/DOC_02_AUDITORIA.md,.md,2732,fc512fe3148cafe7cd893b0d01b40d9c357897c790d9311f29bb618e85e258d4,COVERED,SOURCE_ZIP_INVENTORY_EXTRACTED_EXACT,COVERED,markdown_blocks=17,equation_catalog_occurrences_verified=0,claim_candidates_classified=9,NOT_APPLICABLE,NOT_APPLICABLE,,True,COVERED
COV-00114,physical_outer_member,90_FUENTES_INTEGRAS/GEOMETRY_OMEGA_TEORIA_COMPLETA_V1_0/GEOMETRY_OMEGA_TEORIA_COMPLETA_V1_0/09_AUDITORIAS_COMPLETAS/OMEGA_AUDITORIA_FASE_1_DOCS_01_10/03_AUDITORIAS_DOCUMENTALES/DOC_03_AUDITORIA.md,.md,1708,fe088f22596ae3a029bfae06ea88e74ee0f413d781f9e2418ea7598881cb5677,COVERED,SOURCE_ZIP_INVENTORY_EXTRACTED_EXACT,COVERED,markdown_blocks=17,equation_catalog_occurrences_verified=0,claim_candidates_classified=9,NOT_APPLICABLE,NOT_APPLICABLE,,True,COVERED
COV-00115,physical_outer_member,90_FUENTES_INTEGRAS/GEOMETRY_OMEGA_TEORIA_COMPLETA_V1_0/GEOMETRY_OMEGA_TEORIA_COMPLETA_V1_0/09_AUDITORIAS_COMPLETAS/OMEGA_AUDITORIA_FASE_1_DOCS_01_10/03_AUDITORIAS_DOCUMENTALES/DOC_04_AUDITORIA.md,.md,2116,7e983bd563eec9fa545afa5f307ff5e12864c6cf6bf41b2856ae9c0eb8cfdeb9,COVERED,SOURCE_ZIP_INVENTORY_EXTRACTED_EXACT,COVERED,markdown_blocks=17,equation_catalog_occurrences_verified=0,claim_candidates_classified=9,NOT_APPLICABLE,NOT_APPLICABLE,,True,COVERED
COV-00116,physical_outer_member,90_FUENTES_INTEGRAS/GEOMETRY_OMEGA_TEORIA_COMPLETA_V1_0/GEOMETRY_OMEGA_TEORIA_COMPLETA_V1_0/09_AUDITORIAS_COMPLETAS/OMEGA_AUDITORIA_FASE_1_DOCS_01_10/03_AUDITORIAS_DOCUMENTALES/DOC_05_AUDITORIA.md,.md,2270,053c256cb27a5664c502ca18748cff9d3bb9beb9c71dae9a2d29342cc031e83a,COVERED,SOURCE_ZIP_INVENTORY_EXTRACTED_EXACT,COVERED,markdown_blocks=17,equation_catalog_occurrences_verified=0,claim_candidates_classified=9,NOT_APPLICABLE,NOT_APPLICABLE,,True,COVERED
COV-00117,physical_outer_member,90_FUENTES_INTEGRAS/GEOMETRY_OMEGA_TEORIA_COMPLETA_V1_0/GEOMETRY_OMEGA_TEORIA_COMPLETA_V1_0/09_AUDITORIAS_COMPLETAS/OMEGA_AUDITORIA_FASE_1_DOCS_01_10/03_AUDITORIAS_DOCUMENTALES/DOC_06_AUDITORIA.md,.md,2686,f938b686af0d6a1f646f1af2e2778fcc810bf667007c6a3681c97d5b080559ef,COVERED,SOURCE_ZIP_INVENTORY_EXTRACTED_EXACT,COVERED,markdown_blocks=17,equation_catalog_occurrences_verified=0,claim_candidates_classified=9,NOT_APPLICABLE,NOT_APPLICABLE,,True,COVERED
COV-00118,physical_outer_member,90_FUENTES_INTEGRAS/GEOMETRY_OMEGA_TEORIA_COMPLETA_V1_0/GEOMETRY_OMEGA_TEORIA_COMPLETA_V1_0/09_AUDITORIAS_COMPLETAS/OMEGA_AUDITORIA_FASE_1_DOCS_01_10/03_AUDITORIAS_DOCUMENTALES/DOC_07_AUDITORIA.md,.md,4633,7717ae38bdec2286721ae60579dd5c497680260e9a8485aa64cf060049702d98,COVERED,SOURCE_ZIP_INVENTORY_EXTRACTED_EXACT,COVERED,markdown_blocks=17,equation_catalog_occurrences_verified=0,claim_candidates_classified=9,NOT_APPLICABLE,NOT_APPLICABLE,,True,COVERED
COV-00119,physical_outer_member,90_FUENTES_INTEGRAS/GEOMETRY_OMEGA_TEORIA_COMPLETA_V1_0/GEOMETRY_OMEGA_TEORIA_COMPLETA_V1_0/09_AUDITORIAS_COMPLETAS/OMEGA_AUDITORIA_FASE_1_DOCS_01_10/03_AUDITORIAS_DOCUMENTALES/DOC_08_AUDITORIA.md,.md,6355,7cb3eca1d94f160ccbc2a16fbb88da5bc6e139b69066c75fb941a644bcce2f39,COVERED,SOURCE_ZIP_INVENTORY_EXTRACTED_EXACT,COVERED,markdown_blocks=17,equation_catalog_occurrences_verified=0,claim_candidates_classified=9,NOT_APPLICABLE,NOT_APPLICABLE,,True,COVERED
COV-00120,physical_outer_member,90_FUENTES_INTEGRAS/GEOMETRY_OMEGA_TEORIA_COMPLETA_V1_0/GEOMETRY_OMEGA_TEORIA_COMPLETA_V1_0/09_AUDITORIAS_COMPLETAS/OMEGA_AUDITORIA_FASE_1_DOCS_01_10/03_AUDITORIAS_DOCUMENTALES/DOC_09_AUDITORIA.md,.md,2140,e80a3e6c8eb6b110cb29daf1eb4bfa3dbd5355df49e41f143ac6b5dee8b25ad2,COVERED,SOURCE_ZIP_INVENTORY_EXTRACTED_EXACT,COVERED,markdown_blocks=17,equation_catalog_occurrences_verified=0,claim_candidates_classified=9,NOT_APPLICABLE,NOT_APPLICABLE,,True,COVERED
COV-00121,physical_outer_member,90_FUENTES_INTEGRAS/GEOMETRY_OMEGA_TEORIA_COMPLETA_V1_0/GEOMETRY_OMEGA_TEORIA_COMPLETA_V1_0/09_AUDITORIAS_COMPLETAS/OMEGA_AUDITORIA_FASE_1_DOCS_01_10/03_AUDITORIAS_DOCUMENTALES/DOC_10_AUDITORIA.md,.md,3861,72f1032d98aeaa1c7b39868208bbb9505e995b519171fe5998af8c8c21e4188e,COVERED,SOURCE_ZIP_INVENTORY_EXTRACTED_EXACT,COVERED,markdown_blocks=17,equation_catalog_occurrences_verified=0,claim_candidates_classified=9,NOT_APPLICABLE,NOT_APPLICABLE,,True,COVERED
COV-00122,physical_outer_member,90_FUENTES_INTEGRAS/GEOMETRY_OMEGA_TEORIA_COMPLETA_V1_0/GEOMETRY_OMEGA_TEORIA_COMPLETA_V1_0/09_AUDITORIAS_COMPLETAS/OMEGA_AUDITORIA_FASE_1_DOCS_01_10/04_PRUEBAS_NUMERICAS/PARAMETROS_MAESTROS_DOCS_01_10.csv,.csv,716,c34d3f1c22e079e91790163c177fdaa564c9727943c8c700013a80884fe52897,COVERED,SOURCE_ZIP_INVENTORY_EXTRACTED_EXACT,COVERED,dataset_catalog_recomputed_exact,NOT_APPLICABLE,NOT_APPLICABLE,NOT_APPLICABLE,NOT_APPLICABLE,,True,COVERED
COV-00123,physical_outer_member,90_FUENTES_INTEGRAS/GEOMETRY_OMEGA_TEORIA_COMPLETA_V1_0/GEOMETRY_OMEGA_TEORIA_COMPLETA_V1_0/09_AUDITORIAS_COMPLETAS/OMEGA_AUDITORIA_FASE_1_DOCS_01_10/04_PRUEBAS_NUMERICAS/PRUEBAS_NUMERICAS_MAESTRAS_DOCS_01_10.csv,.csv,12967,8d5d005613e524bf376ecd90ec0e4e11ac5f40d45913c9d8333c467d0cb66ca2,COVERED,SOURCE_ZIP_INVENTORY_EXTRACTED_EXACT,COVERED,dataset_catalog_recomputed_exact,NOT_APPLICABLE,NOT_APPLICABLE,NOT_APPLICABLE,NOT_APPLICABLE,,True,COVERED
COV-00124,physical_outer_member,90_FUENTES_INTEGRAS/GEOMETRY_OMEGA_TEORIA_COMPLETA_V1_0/GEOMETRY_OMEGA_TEORIA_COMPLETA_V1_0/09_AUDITORIAS_COMPLETAS/OMEGA_AUDITORIA_FASE_1_DOCS_01_10/05_DEPENDENCIAS/DEPENDENCIAS_DOCS_01_10.csv,.csv,1106,f72ce2646f160088d166fd69a75314c00987c1d96b9cade6e03a5bab603df323,COVERED,SOURCE_ZIP_INVENTORY_EXTRACTED_EXACT,COVERED,dataset_catalog_recomputed_exact,NOT_APPLICABLE,NOT_APPLICABLE,NOT_APPLICABLE,NOT_APPLICABLE,,True,COVERED
COV-00125,physical_outer_member,90_FUENTES_INTEGRAS/GEOMETRY_OMEGA_TEORIA_COMPLETA_V1_0/GEOMETRY_OMEGA_TEORIA_COMPLETA_V1_0/09_AUDITORIAS_COMPLETAS/OMEGA_AUDITORIA_FASE_1_DOCS_01_10/06_ESTADO_CIENTIFICO/PREGUNTAS_ABIERTAS_DOCS_01_10.csv,.csv,1017,fcc7ae5076b561c9fc64803e3ea0abc708f1a5e22a193a9746943bde7dda87b6,COVERED,SOURCE_ZIP_INVENTORY_EXTRACTED_EXACT,COVERED,dataset_catalog_recomputed_exact,NOT_APPLICABLE,NOT_APPLICABLE,NOT_APPLICABLE,NOT_APPLICABLE,,True,COVERED
COV-00126,physical_outer_member,90_FUENTES_INTEGRAS/GEOMETRY_OMEGA_TEORIA_COMPLETA_V1_0/GEOMETRY_OMEGA_TEORIA_COMPLETA_V1_0/09_AUDITORIAS_COMPLETAS/OMEGA_AUDITORIA_FASE_1_DOCS_01_10/06_ESTADO_CIENTIFICO/RESULTADOS_SUPERADOS_CORREGIDOS_DOCS_01_10.csv,.csv,885,64679343241ddc1c578171aeafea393922ab159d3362b0b03f717830490e29af,COVERED,SOURCE_ZIP_INVENTORY_EXTRACTED_EXACT,COVERED,dataset_catalog_recomputed_exact,NOT_APPLICABLE,NOT_APPLICABLE,NOT_APPLICABLE,NOT_APPLICABLE,,True,COVERED
COV-00127,physical_outer_member,90_FUENTES_INTEGRAS/GEOMETRY_OMEGA_TEORIA_COMPLETA_V1_0/GEOMETRY_OMEGA_TEORIA_COMPLETA_V1_0/09_AUDITORIAS_COMPLETAS/OMEGA_AUDITORIA_FASE_1_DOCS_01_10/06_ESTADO_CIENTIFICO/RESULTADOS_VIGENTES_O_APOYADOS_DOCS_01_10.csv,.csv,10174,7d6d51476eaefd61b6b5574e5b82260c12820936b085d00add1d517a3201fea5,COVERED,SOURCE_ZIP_INVENTORY_EXTRACTED_EXACT,COVERED,dataset_catalog_recomputed_exact,NOT_APPLICABLE,NOT_APPLICABLE,NOT_APPLICABLE,NOT_APPLICABLE,,True,COVERED
COV-00128,physical_outer_member,90_FUENTES_INTEGRAS/GEOMETRY_OMEGA_TEORIA_COMPLETA_V1_0/GEOMETRY_OMEGA_TEORIA_COMPLETA_V1_0/09_AUDITORIAS_COMPLETAS/OMEGA_AUDITORIA_FASE_1_DOCS_01_10/06_ESTADO_CIENTIFICO/SINTESIS_CIENTIFICA_DOCS_01_10.md,.md,1692,5f759849ae041ee30126f050b6f3a19e84c96b3d44dc9e12ca8bd79d42abc603,COVERED,SOURCE_ZIP_INVENTORY_EXTRACTED_EXACT,COVERED,markdown_blocks=18,equation_catalog_occurrences_verified=1,claim_candidates_classified=11,NOT_APPLICABLE,NOT_APPLICABLE,control_characters=5,True,COVERED_WITH_NEGATIVE_OR_LIMITATION
COV-00129,physical_outer_member,90_FUENTES_INTEGRAS/GEOMETRY_OMEGA_TEORIA_COMPLETA_V1_0/GEOMETRY_OMEGA_TEORIA_COMPLETA_V1_0/09_AUDITORIAS_COMPLETAS/OMEGA_AUDITORIA_FASE_1_DOCS_01_10/07_MANIFIESTO_FUENTES/FUENTES_DATOS_CODIGO_01_10.csv,.csv,1619,2268ac9f9628fd681ab84508d73a0077d6575ba1f84415b68a3406864b0274c9,COVERED,SOURCE_ZIP_INVENTORY_EXTRACTED_EXACT,COVERED,dataset_catalog_recomputed_exact,NOT_APPLICABLE,NOT_APPLICABLE,NOT_APPLICABLE,NOT_APPLICABLE,,True,COVERED
COV-00130,physical_outer_member,90_FUENTES_INTEGRAS/GEOMETRY_OMEGA_TEORIA_COMPLETA_V1_0/GEOMETRY_OMEGA_TEORIA_COMPLETA_V1_0/09_AUDITORIAS_COMPLETAS/OMEGA_AUDITORIA_FASE_1_DOCS_01_10/07_MANIFIESTO_FUENTES/FUENTES_DOCUMENTOS_01_10.csv,.csv,1762,94f01b0004584dde41e32e188510e67bcc4247a8b9d82c9b393c5fda9c0f6361,COVERED,SOURCE_ZIP_INVENTORY_EXTRACTED_EXACT,COVERED,dataset_catalog_recomputed_exact,NOT_APPLICABLE,NOT_APPLICABLE,NOT_APPLICABLE,NOT_APPLICABLE,,True,COVERED
COV-00131,physical_outer_member,90_FUENTES_INTEGRAS/GEOMETRY_OMEGA_TEORIA_COMPLETA_V1_0/GEOMETRY_OMEGA_TEORIA_COMPLETA_V1_0/09_AUDITORIAS_COMPLETAS/OMEGA_AUDITORIA_FASE_2_DOCS_11_20/00_LEEME_FASE_2.md,.md,784,2c04e69118589d60da99d6937093fa0db083601a9e51cd80da69beca79fc2409,COVERED,SOURCE_ZIP_INVENTORY_EXTRACTED_EXACT,COVERED,markdown_blocks=8,equation_catalog_occurrences_verified=0,claim_candidates_classified=5,NOT_APPLICABLE,NOT_APPLICABLE,,True,COVERED
COV-00132,physical_outer_member,90_FUENTES_INTEGRAS/GEOMETRY_OMEGA_TEORIA_COMPLETA_V1_0/GEOMETRY_OMEGA_TEORIA_COMPLETA_V1_0/09_AUDITORIAS_COMPLETAS/OMEGA_AUDITORIA_FASE_2_DOCS_11_20/01_RESUMEN_MAQUINA_FASE_2.json,.json,364,7a16ad3b62a483c22ee52cfe2fc68143e701be804b28c3dfd44d7418b81ea0c1,COVERED,SOURCE_ZIP_INVENTORY_EXTRACTED_EXACT,COVERED,json_parsed,NOT_APPLICABLE,NOT_APPLICABLE,NOT_APPLICABLE,NOT_APPLICABLE,,True,COVERED
COV-00133,physical_outer_member,90_FUENTES_INTEGRAS/GEOMETRY_OMEGA_TEORIA_COMPLETA_V1_0/GEOMETRY_OMEGA_TEORIA_COMPLETA_V1_0/09_AUDITORIAS_COMPLETAS/OMEGA_AUDITORIA_FASE_2_DOCS_11_20/02_INVENTARIO_ENTREGABLE_FASE_2.csv,.csv,2530,669e1fbce21a6b5d7f17de37afdcf165ef055f9053ae596b0bf05f4a8b36ed70,COVERED,SOURCE_ZIP_INVENTORY_EXTRACTED_EXACT,COVERED,dataset_catalog_recomputed_exact,NOT_APPLICABLE,NOT_APPLICABLE,NOT_APPLICABLE,NOT_APPLICABLE,,True,COVERED
COV-00134,physical_outer_member,90_FUENTES_INTEGRAS/GEOMETRY_OMEGA_TEORIA_COMPLETA_V1_0/GEOMETRY_OMEGA_TEORIA_COMPLETA_V1_0/09_AUDITORIAS_COMPLETAS/OMEGA_AUDITORIA_FASE_2_DOCS_11_20/03_AUDITORIAS_DOCUMENTALES/DOC_11_AUDITORIA.md,.md,3306,5cfd5b3a4f1bade997a933314ec3ffc41b6c37ab4eaea4d9418a44f72f654950,COVERED,SOURCE_ZIP_INVENTORY_EXTRACTED_EXACT,COVERED,markdown_blocks=17,equation_catalog_occurrences_verified=0,claim_candidates_classified=9,NOT_APPLICABLE,NOT_APPLICABLE,,True,COVERED
COV-00135,physical_outer_member,90_FUENTES_INTEGRAS/GEOMETRY_OMEGA_TEORIA_COMPLETA_V1_0/GEOMETRY_OMEGA_TEORIA_COMPLETA_V1_0/09_AUDITORIAS_COMPLETAS/OMEGA_AUDITORIA_FASE_2_DOCS_11_20/03_AUDITORIAS_DOCUMENTALES/DOC_12_AUDITORIA.md,.md,2553,fc4ee6af8da127da38f37c8d57a44d06f6f27ccc0e74fc2b528206633cb32afc,COVERED,SOURCE_ZIP_INVENTORY_EXTRACTED_EXACT,COVERED,markdown_blocks=17,equation_catalog_occurrences_verified=0,claim_candidates_classified=9,NOT_APPLICABLE,NOT_APPLICABLE,,True,COVERED
COV-00136,physical_outer_member,90_FUENTES_INTEGRAS/GEOMETRY_OMEGA_TEORIA_COMPLETA_V1_0/GEOMETRY_OMEGA_TEORIA_COMPLETA_V1_0/09_AUDITORIAS_COMPLETAS/OMEGA_AUDITORIA_FASE_2_DOCS_11_20/03_AUDITORIAS_DOCUMENTALES/DOC_13_AUDITORIA.md,.md,1108,8021e721e745fb14b85537afe710bb1ff3aac1630b7c3f1e01cfab6b3745d165,COVERED,SOURCE_ZIP_INVENTORY_EXTRACTED_EXACT,COVERED,markdown_blocks=17,equation_catalog_occurrences_verified=0,claim_candidates_classified=9,NOT_APPLICABLE,NOT_APPLICABLE,,True,COVERED
COV-00137,physical_outer_member,90_FUENTES_INTEGRAS/GEOMETRY_OMEGA_TEORIA_COMPLETA_V1_0/GEOMETRY_OMEGA_TEORIA_COMPLETA_V1_0/09_AUDITORIAS_COMPLETAS/OMEGA_AUDITORIA_FASE_2_DOCS_11_20/03_AUDITORIAS_DOCUMENTALES/DOC_14_AUDITORIA.md,.md,2093,ad1005d31c30ed372c5941ae9420be436e8210a9dc3580eccefad31a821f9cb5,COVERED,SOURCE_ZIP_INVENTORY_EXTRACTED_EXACT,COVERED,markdown_blocks=17,equation_catalog_occurrences_verified=0,claim_candidates_classified=9,NOT_APPLICABLE,NOT_APPLICABLE,,True,COVERED
COV-00138,physical_outer_member,90_FUENTES_INTEGRAS/GEOMETRY_OMEGA_TEORIA_COMPLETA_V1_0/GEOMETRY_OMEGA_TEORIA_COMPLETA_V1_0/09_AUDITORIAS_COMPLETAS/OMEGA_AUDITORIA_FASE_2_DOCS_11_20/03_AUDITORIAS_DOCUMENTALES/DOC_15_AUDITORIA.md,.md,1058,22eed6caecfdc5a0654f769643a41ecc8be7fe6acc0e797fc3846ced2d2083e1,COVERED,SOURCE_ZIP_INVENTORY_EXTRACTED_EXACT,COVERED,markdown_blocks=17,equation_catalog_occurrences_verified=0,claim_candidates_classified=9,NOT_APPLICABLE,NOT_APPLICABLE,,True,COVERED
COV-00139,physical_outer_member,90_FUENTES_INTEGRAS/GEOMETRY_OMEGA_TEORIA_COMPLETA_V1_0/GEOMETRY_OMEGA_TEORIA_COMPLETA_V1_0/09_AUDITORIAS_COMPLETAS/OMEGA_AUDITORIA_FASE_2_DOCS_11_20/03_AUDITORIAS_DOCUMENTALES/DOC_16_AUDITORIA.md,.md,5073,ae306df0c127db84233e8d5bf8b7dde01980af807d7dea99180fd42e97a52c24,COVERED,SOURCE_ZIP_INVENTORY_EXTRACTED_EXACT,COVERED,markdown_blocks=17,equation_catalog_occurrences_verified=0,claim_candidates_classified=9,NOT_APPLICABLE,NOT_APPLICABLE,,True,COVERED
COV-00140,physical_outer_member,90_FUENTES_INTEGRAS/GEOMETRY_OMEGA_TEORIA_COMPLETA_V1_0/GEOMETRY_OMEGA_TEORIA_COMPLETA_V1_0/09_AUDITORIAS_COMPLETAS/OMEGA_AUDITORIA_FASE_2_DOCS_11_20/03_AUDITORIAS_DOCUMENTALES/DOC_17_AUDITORIA.md,.md,2112,3ab29a2a5f5188e60390035a57ff3c9980afbb8a595e314e1edd01253e5bf79f,COVERED,SOURCE_ZIP_INVENTORY_EXTRACTED_EXACT,COVERED,markdown_blocks=17,equation_catalog_occurrences_verified=0,claim_candidates_classified=9,NOT_APPLICABLE,NOT_APPLICABLE,negative_catalog_occurrences=1,True,COVERED_WITH_NEGATIVE_OR_LIMITATION
COV-00141,physical_outer_member,90_FUENTES_INTEGRAS/GEOMETRY_OMEGA_TEORIA_COMPLETA_V1_0/GEOMETRY_OMEGA_TEORIA_COMPLETA_V1_0/09_AUDITORIAS_COMPLETAS/OMEGA_AUDITORIA_FASE_2_DOCS_11_20/03_AUDITORIAS_DOCUMENTALES/DOC_18_AUDITORIA.md,.md,3174,289130690e6a9825dbc79207e46f056a7601178606738162cfed838d673af75c,COVERED,SOURCE_ZIP_INVENTORY_EXTRACTED_EXACT,COVERED,markdown_blocks=17,equation_catalog_occurrences_verified=0,claim_candidates_classified=9,NOT_APPLICABLE,NOT_APPLICABLE,,True,COVERED
COV-00142,physical_outer_member,90_FUENTES_INTEGRAS/GEOMETRY_OMEGA_TEORIA_COMPLETA_V1_0/GEOMETRY_OMEGA_TEORIA_COMPLETA_V1_0/09_AUDITORIAS_COMPLETAS/OMEGA_AUDITORIA_FASE_2_DOCS_11_20/03_AUDITORIAS_DOCUMENTALES/DOC_19_AUDITORIA.md,.md,2383,de1074d421010765a22e8bc58b2c2f566cda40d75253cb29f1115a782a90f6bb,COVERED,SOURCE_ZIP_INVENTORY_EXTRACTED_EXACT,COVERED,markdown_blocks=17,equation_catalog_occurrences_verified=0,claim_candidates_classified=9,NOT_APPLICABLE,NOT_APPLICABLE,,True,COVERED
COV-00143,physical_outer_member,90_FUENTES_INTEGRAS/GEOMETRY_OMEGA_TEORIA_COMPLETA_V1_0/GEOMETRY_OMEGA_TEORIA_COMPLETA_V1_0/09_AUDITORIAS_COMPLETAS/OMEGA_AUDITORIA_FASE_2_DOCS_11_20/03_AUDITORIAS_DOCUMENTALES/DOC_20_AUDITORIA.md,.md,2282,934d4c53f59d24030992f41109181b6f59861c41985b12a74b44e0842cae610c,COVERED,SOURCE_ZIP_INVENTORY_EXTRACTED_EXACT,COVERED,markdown_blocks=17,equation_catalog_occurrences_verified=0,claim_candidates_classified=9,NOT_APPLICABLE,NOT_APPLICABLE,negative_catalog_occurrences=1,True,COVERED_WITH_NEGATIVE_OR_LIMITATION
COV-00144,physical_outer_member,90_FUENTES_INTEGRAS/GEOMETRY_OMEGA_TEORIA_COMPLETA_V1_0/GEOMETRY_OMEGA_TEORIA_COMPLETA_V1_0/09_AUDITORIAS_COMPLETAS/OMEGA_AUDITORIA_FASE_2_DOCS_11_20/04_PRUEBAS_NUMERICAS/PARAMETROS_MAESTROS_DOCS_11_20.csv,.csv,593,a32f18e0c8b82111784be8848d6c331755bf84152fda008c3279dad5498ea8bf,COVERED,SOURCE_ZIP_INVENTORY_EXTRACTED_EXACT,COVERED,dataset_catalog_recomputed_exact,NOT_APPLICABLE,NOT_APPLICABLE,NOT_APPLICABLE,NOT_APPLICABLE,,True,COVERED
COV-00145,physical_outer_member,90_FUENTES_INTEGRAS/GEOMETRY_OMEGA_TEORIA_COMPLETA_V1_0/GEOMETRY_OMEGA_TEORIA_COMPLETA_V1_0/09_AUDITORIAS_COMPLETAS/OMEGA_AUDITORIA_FASE_2_DOCS_11_20/04_PRUEBAS_NUMERICAS/PRUEBAS_NUMERICAS_MAESTRAS_DOCS_11_20.csv,.csv,11570,afa32209c9cf92e0c46520781b012e5036d7ce858d51cd73cceb75d30e2579cd,COVERED,SOURCE_ZIP_INVENTORY_EXTRACTED_EXACT,COVERED,dataset_catalog_recomputed_exact,NOT_APPLICABLE,NOT_APPLICABLE,NOT_APPLICABLE,NOT_APPLICABLE,,True,COVERED
COV-00146,physical_outer_member,90_FUENTES_INTEGRAS/GEOMETRY_OMEGA_TEORIA_COMPLETA_V1_0/GEOMETRY_OMEGA_TEORIA_COMPLETA_V1_0/09_AUDITORIAS_COMPLETAS/OMEGA_AUDITORIA_FASE_2_DOCS_11_20/05_DEPENDENCIAS/DEPENDENCIAS_DOCS_11_20.csv,.csv,836,0e17661895e8c06f0c36f026f779b4c4e7ff8109c3c622db649e84e05985de4f,COVERED,SOURCE_ZIP_INVENTORY_EXTRACTED_EXACT,COVERED,dataset_catalog_recomputed_exact,NOT_APPLICABLE,NOT_APPLICABLE,NOT_APPLICABLE,NOT_APPLICABLE,,True,COVERED
COV-00147,physical_outer_member,90_FUENTES_INTEGRAS/GEOMETRY_OMEGA_TEORIA_COMPLETA_V1_0/GEOMETRY_OMEGA_TEORIA_COMPLETA_V1_0/09_AUDITORIAS_COMPLETAS/OMEGA_AUDITORIA_FASE_2_DOCS_11_20/06_ESTADO_CIENTIFICO/PREGUNTAS_ABIERTAS_DOCS_11_20.csv,.csv,877,024990eea684e7288b337fc5117941acf3b03b104348a8512a7e24f592ed4363,COVERED,SOURCE_ZIP_INVENTORY_EXTRACTED_EXACT,COVERED,dataset_catalog_recomputed_exact,NOT_APPLICABLE,NOT_APPLICABLE,NOT_APPLICABLE,NOT_APPLICABLE,,True,COVERED
COV-00148,physical_outer_member,90_FUENTES_INTEGRAS/GEOMETRY_OMEGA_TEORIA_COMPLETA_V1_0/GEOMETRY_OMEGA_TEORIA_COMPLETA_V1_0/09_AUDITORIAS_COMPLETAS/OMEGA_AUDITORIA_FASE_2_DOCS_11_20/06_ESTADO_CIENTIFICO/RESULTADOS_SUPERADOS_CORREGIDOS_DOCS_11_20.csv,.csv,831,46931952f88f9af5a2b9e5901b4adc8a98efa3e8d6a685f87df940dacd66be66,COVERED,SOURCE_ZIP_INVENTORY_EXTRACTED_EXACT,COVERED,dataset_catalog_recomputed_exact,NOT_APPLICABLE,NOT_APPLICABLE,NOT_APPLICABLE,NOT_APPLICABLE,,True,COVERED
COV-00149,physical_outer_member,90_FUENTES_INTEGRAS/GEOMETRY_OMEGA_TEORIA_COMPLETA_V1_0/GEOMETRY_OMEGA_TEORIA_COMPLETA_V1_0/09_AUDITORIAS_COMPLETAS/OMEGA_AUDITORIA_FASE_2_DOCS_11_20/06_ESTADO_CIENTIFICO/RESULTADOS_VIGENTES_O_APOYADOS_DOCS_11_20.csv,.csv,10132,9f0674c3084e5a266d661b9675fba6f082238a0c803de7e53579631cd7b22c7f,COVERED,SOURCE_ZIP_INVENTORY_EXTRACTED_EXACT,COVERED,dataset_catalog_recomputed_exact,NOT_APPLICABLE,NOT_APPLICABLE,NOT_APPLICABLE,NOT_APPLICABLE,,True,COVERED
COV-00150,physical_outer_member,90_FUENTES_INTEGRAS/GEOMETRY_OMEGA_TEORIA_COMPLETA_V1_0/GEOMETRY_OMEGA_TEORIA_COMPLETA_V1_0/09_AUDITORIAS_COMPLETAS/OMEGA_AUDITORIA_FASE_2_DOCS_11_20/06_ESTADO_CIENTIFICO/SINTESIS_CIENTIFICA_DOCS_11_20.md,.md,1557,e88a033cec2c4749552e560d609e3438edb2fff4c121fb7770a3c5231f6a1b47,COVERED,SOURCE_ZIP_INVENTORY_EXTRACTED_EXACT,COVERED,markdown_blocks=14,equation_catalog_occurrences_verified=3,claim_candidates_classified=6,NOT_APPLICABLE,NOT_APPLICABLE,control_characters=5; negative_catalog_occurrences=1,True,COVERED_WITH_NEGATIVE_OR_LIMITATION
COV-00151,physical_outer_member,90_FUENTES_INTEGRAS/GEOMETRY_OMEGA_TEORIA_COMPLETA_V1_0/GEOMETRY_OMEGA_TEORIA_COMPLETA_V1_0/09_AUDITORIAS_COMPLETAS/OMEGA_AUDITORIA_FASE_2_DOCS_11_20/07_MANIFIESTO_FUENTES/FUENTES_DATOS_CODIGO_11_20.csv,.csv,2710,7a35364302a1d29bf8ba7d8581cc3717c302e398e05b2d4f4aa6e6d37b25c5d4,COVERED,SOURCE_ZIP_INVENTORY_EXTRACTED_EXACT,COVERED,dataset_catalog_recomputed_exact,NOT_APPLICABLE,NOT_APPLICABLE,NOT_APPLICABLE,NOT_APPLICABLE,,True,COVERED
COV-00152,physical_outer_member,90_FUENTES_INTEGRAS/GEOMETRY_OMEGA_TEORIA_COMPLETA_V1_0/GEOMETRY_OMEGA_TEORIA_COMPLETA_V1_0/09_AUDITORIAS_COMPLETAS/OMEGA_AUDITORIA_FASE_2_DOCS_11_20/07_MANIFIESTO_FUENTES/FUENTES_DOCUMENTOS_11_20.csv,.csv,1929,41182fb796b61fe5463cdbbe94402e963052bc573bc77aff72e66f8ab6d09b7f,COVERED,SOURCE_ZIP_INVENTORY_EXTRACTED_EXACT,COVERED,dataset_catalog_recomputed_exact,NOT_APPLICABLE,NOT_APPLICABLE,NOT_APPLICABLE,NOT_APPLICABLE,,True,COVERED
COV-00153,physical_outer_member,90_FUENTES_INTEGRAS/GEOMETRY_OMEGA_TEORIA_COMPLETA_V1_0/GEOMETRY_OMEGA_TEORIA_COMPLETA_V1_0/09_AUDITORIAS_COMPLETAS/OMEGA_AUDITORIA_FASE_3_DOCS_21_30/00_LEEME_FASE_3.md,.md,356,820cd9473c458017f7c43c58aa226535ea9f2dba2cf3b0456085d5de96927751,COVERED,SOURCE_ZIP_INVENTORY_EXTRACTED_EXACT,COVERED,markdown_blocks=4,equation_catalog_occurrences_verified=0,claim_candidates_classified=3,NOT_APPLICABLE,NOT_APPLICABLE,,True,COVERED
COV-00154,physical_outer_member,90_FUENTES_INTEGRAS/GEOMETRY_OMEGA_TEORIA_COMPLETA_V1_0/GEOMETRY_OMEGA_TEORIA_COMPLETA_V1_0/09_AUDITORIAS_COMPLETAS/OMEGA_AUDITORIA_FASE_3_DOCS_21_30/01_RESUMEN_MAQUINA_FASE_3.json,.json,232,65d34859bdf038a21d051dad7afc499a8c26d27a78673b55b92690dc7e0b6753,COVERED,SOURCE_ZIP_INVENTORY_EXTRACTED_EXACT,COVERED,json_parsed,NOT_APPLICABLE,NOT_APPLICABLE,NOT_APPLICABLE,NOT_APPLICABLE,,True,COVERED
COV-00155,physical_outer_member,90_FUENTES_INTEGRAS/GEOMETRY_OMEGA_TEORIA_COMPLETA_V1_0/GEOMETRY_OMEGA_TEORIA_COMPLETA_V1_0/09_AUDITORIAS_COMPLETAS/OMEGA_AUDITORIA_FASE_3_DOCS_21_30/02_INVENTARIO_ENTREGABLE_FASE_3.csv,.csv,2648,a6e0f373613b2876d9101cbbbb0061fb7219cd9bc9bd449e07afddb46efa9be1,COVERED,SOURCE_ZIP_INVENTORY_EXTRACTED_EXACT,COVERED,dataset_catalog_recomputed_exact,NOT_APPLICABLE,NOT_APPLICABLE,NOT_APPLICABLE,NOT_APPLICABLE,,True,COVERED
COV-00156,physical_outer_member,90_FUENTES_INTEGRAS/GEOMETRY_OMEGA_TEORIA_COMPLETA_V1_0/GEOMETRY_OMEGA_TEORIA_COMPLETA_V1_0/09_AUDITORIAS_COMPLETAS/OMEGA_AUDITORIA_FASE_3_DOCS_21_30/03_AUDITORIAS_DOCUMENTALES/DOC_21_AUDITORIA.md,.md,8243,2b5ef911607e517b290f222cfaddc4c317b44e58f93d2ede7b690ce0e4cba250,COVERED,SOURCE_ZIP_INVENTORY_EXTRACTED_EXACT,COVERED,markdown_blocks=17,equation_catalog_occurrences_verified=0,claim_candidates_classified=9,NOT_APPLICABLE,NOT_APPLICABLE,,True,COVERED
COV-00157,physical_outer_member,90_FUENTES_INTEGRAS/GEOMETRY_OMEGA_TEORIA_COMPLETA_V1_0/GEOMETRY_OMEGA_TEORIA_COMPLETA_V1_0/09_AUDITORIAS_COMPLETAS/OMEGA_AUDITORIA_FASE_3_DOCS_21_30/03_AUDITORIAS_DOCUMENTALES/DOC_22_AUDITORIA.md,.md,1256,8cb20ccb96a1a3fb98a1beb68a5e8b6eeb17af205d0dd8ec46f7336c00df02e4,COVERED,SOURCE_ZIP_INVENTORY_EXTRACTED_EXACT,COVERED,markdown_blocks=17,equation_catalog_occurrences_verified=0,claim_candidates_classified=9,NOT_APPLICABLE,NOT_APPLICABLE,,True,COVERED
COV-00158,physical_outer_member,90_FUENTES_INTEGRAS/GEOMETRY_OMEGA_TEORIA_COMPLETA_V1_0/GEOMETRY_OMEGA_TEORIA_COMPLETA_V1_0/09_AUDITORIAS_COMPLETAS/OMEGA_AUDITORIA_FASE_3_DOCS_21_30/03_AUDITORIAS_DOCUMENTALES/DOC_23_AUDITORIA.md,.md,1260,cf68dd96852a63b784aee04dff2adbf790261b7a3e8a6766389a682dbd8007ff,COVERED,SOURCE_ZIP_INVENTORY_EXTRACTED_EXACT,COVERED,markdown_blocks=17,equation_catalog_occurrences_verified=0,claim_candidates_classified=9,NOT_APPLICABLE,NOT_APPLICABLE,,True,COVERED
COV-00159,physical_outer_member,90_FUENTES_INTEGRAS/GEOMETRY_OMEGA_TEORIA_COMPLETA_V1_0/GEOMETRY_OMEGA_TEORIA_COMPLETA_V1_0/09_AUDITORIAS_COMPLETAS/OMEGA_AUDITORIA_FASE_3_DOCS_21_30/03_AUDITORIAS_DOCUMENTALES/DOC_24_AUDITORIA.md,.md,1140,e0a8e4220623dd8a11be9e0f96e0d62413db65462b327a03279e2e2fa9d37f63,COVERED,SOURCE_ZIP_INVENTORY_EXTRACTED_EXACT,COVERED,markdown_blocks=17,equation_catalog_occurrences_verified=0,claim_candidates_classified=9,NOT_APPLICABLE,NOT_APPLICABLE,,True,COVERED
COV-00160,physical_outer_member,90_FUENTES_INTEGRAS/GEOMETRY_OMEGA_TEORIA_COMPLETA_V1_0/GEOMETRY_OMEGA_TEORIA_COMPLETA_V1_0/09_AUDITORIAS_COMPLETAS/OMEGA_AUDITORIA_FASE_3_DOCS_21_30/03_AUDITORIAS_DOCUMENTALES/DOC_25_AUDITORIA.md,.md,1273,c029a6f8a28996b937986f0b93e4d11fab73e9a8d75ab5b502c0a3a96c1d833e,COVERED,SOURCE_ZIP_INVENTORY_EXTRACTED_EXACT,COVERED,markdown_blocks=17,equation_catalog_occurrences_verified=0,claim_candidates_classified=9,NOT_APPLICABLE,NOT_APPLICABLE,,True,COVERED
COV-00161,physical_outer_member,90_FUENTES_INTEGRAS/GEOMETRY_OMEGA_TEORIA_COMPLETA_V1_0/GEOMETRY_OMEGA_TEORIA_COMPLETA_V1_0/09_AUDITORIAS_COMPLETAS/OMEGA_AUDITORIA_FASE_3_DOCS_21_30/03_AUDITORIAS_DOCUMENTALES/DOC_26_AUDITORIA.md,.md,1246,a8b1117151ec51ca38bc2035d5d8dcaeb48b6e2070850734ebb624aa2cac0f49,COVERED,SOURCE_ZIP_INVENTORY_EXTRACTED_EXACT,COVERED,markdown_blocks=17,equation_catalog_occurrences_verified=0,claim_candidates_classified=9,NOT_APPLICABLE,NOT_APPLICABLE,,True,COVERED
COV-00162,physical_outer_member,90_FUENTES_INTEGRAS/GEOMETRY_OMEGA_TEORIA_COMPLETA_V1_0/GEOMETRY_OMEGA_TEORIA_COMPLETA_V1_0/09_AUDITORIAS_COMPLETAS/OMEGA_AUDITORIA_FASE_3_DOCS_21_30/03_AUDITORIAS_DOCUMENTALES/DOC_27_AUDITORIA.md,.md,1259,21041069accd5f04e1a795aacbd67ca0a61f9afb59aec5d3266707f92c1968ce,COVERED,SOURCE_ZIP_INVENTORY_EXTRACTED_EXACT,COVERED,markdown_blocks=17,equation_catalog_occurrences_verified=0,claim_candidates_classified=9,NOT_APPLICABLE,NOT_APPLICABLE,,True,COVERED
COV-00163,physical_outer_member,90_FUENTES_INTEGRAS/GEOMETRY_OMEGA_TEORIA_COMPLETA_V1_0/GEOMETRY_OMEGA_TEORIA_COMPLETA_V1_0/09_AUDITORIAS_COMPLETAS/OMEGA_AUDITORIA_FASE_3_DOCS_21_30/03_AUDITORIAS_DOCUMENTALES/DOC_28_AUDITORIA.md,.md,1175,07240431ae8b1fdc3cb80e5dcaa1fe26dd97a807d580a1a374c3a38a9faa95f4,COVERED,SOURCE_ZIP_INVENTORY_EXTRACTED_EXACT,COVERED,markdown_blocks=17,equation_catalog_occurrences_verified=0,claim_candidates_classified=9,NOT_APPLICABLE,NOT_APPLICABLE,,True,COVERED
COV-00164,physical_outer_member,90_FUENTES_INTEGRAS/GEOMETRY_OMEGA_TEORIA_COMPLETA_V1_0/GEOMETRY_OMEGA_TEORIA_COMPLETA_V1_0/09_AUDITORIAS_COMPLETAS/OMEGA_AUDITORIA_FASE_3_DOCS_21_30/03_AUDITORIAS_DOCUMENTALES/DOC_29_AUDITORIA.md,.md,1271,beba0ed176ce2f4775ee5980287b9f895f44fb1f97cfacf89720a0ea88f33bab,COVERED,SOURCE_ZIP_INVENTORY_EXTRACTED_EXACT,COVERED,markdown_blocks=17,equation_catalog_occurrences_verified=0,claim_candidates_classified=9,NOT_APPLICABLE,NOT_APPLICABLE,,True,COVERED
COV-00165,physical_outer_member,90_FUENTES_INTEGRAS/GEOMETRY_OMEGA_TEORIA_COMPLETA_V1_0/GEOMETRY_OMEGA_TEORIA_COMPLETA_V1_0/09_AUDITORIAS_COMPLETAS/OMEGA_AUDITORIA_FASE_3_DOCS_21_30/03_AUDITORIAS_DOCUMENTALES/DOC_30_AUDITORIA.md,.md,1846,aae1bd91b155e858e7cd392cd2658c9595d6c32e64df9f824e6bfd8d078a7b99,COVERED,SOURCE_ZIP_INVENTORY_EXTRACTED_EXACT,COVERED,markdown_blocks=17,equation_catalog_occurrences_verified=0,claim_candidates_classified=9,NOT_APPLICABLE,NOT_APPLICABLE,,True,COVERED
COV-00166,physical_outer_member,90_FUENTES_INTEGRAS/GEOMETRY_OMEGA_TEORIA_COMPLETA_V1_0/GEOMETRY_OMEGA_TEORIA_COMPLETA_V1_0/09_AUDITORIAS_COMPLETAS/OMEGA_AUDITORIA_FASE_3_DOCS_21_30/04_PRUEBAS_NUMERICAS/PARAMETROS_MAESTROS_DOCS_21_30.csv,.csv,415,bff3e10996ab3f40246816bab74199d1e06e505f81a53e00f1c6ed87690f1eb1,COVERED,SOURCE_ZIP_INVENTORY_EXTRACTED_EXACT,COVERED,dataset_catalog_recomputed_exact,NOT_APPLICABLE,NOT_APPLICABLE,NOT_APPLICABLE,NOT_APPLICABLE,,True,COVERED
COV-00167,physical_outer_member,90_FUENTES_INTEGRAS/GEOMETRY_OMEGA_TEORIA_COMPLETA_V1_0/GEOMETRY_OMEGA_TEORIA_COMPLETA_V1_0/09_AUDITORIAS_COMPLETAS/OMEGA_AUDITORIA_FASE_3_DOCS_21_30/04_PRUEBAS_NUMERICAS/PRUEBAS_NUMERICAS_MAESTRAS_DOCS_21_30.csv,.csv,12504,b412708620079cbc61dffea69bf4140aae07c26a6af9e8590c2e351794957de2,COVERED,SOURCE_ZIP_INVENTORY_EXTRACTED_EXACT,COVERED,dataset_catalog_recomputed_exact,NOT_APPLICABLE,NOT_APPLICABLE,NOT_APPLICABLE,NOT_APPLICABLE,,True,COVERED
COV-00168,physical_outer_member,90_FUENTES_INTEGRAS/GEOMETRY_OMEGA_TEORIA_COMPLETA_V1_0/GEOMETRY_OMEGA_TEORIA_COMPLETA_V1_0/09_AUDITORIAS_COMPLETAS/OMEGA_AUDITORIA_FASE_3_DOCS_21_30/05_DEPENDENCIAS/DEPENDENCIAS_DOCS_21_30.csv,.csv,459,03626125c9376bb7aaeee68ef3ae2f4e89e62b522c79bdfbda9a68e4f6015318,COVERED,SOURCE_ZIP_INVENTORY_EXTRACTED_EXACT,COVERED,dataset_catalog_recomputed_exact,NOT_APPLICABLE,NOT_APPLICABLE,NOT_APPLICABLE,NOT_APPLICABLE,,True,COVERED
COV-00169,physical_outer_member,90_FUENTES_INTEGRAS/GEOMETRY_OMEGA_TEORIA_COMPLETA_V1_0/GEOMETRY_OMEGA_TEORIA_COMPLETA_V1_0/09_AUDITORIAS_COMPLETAS/OMEGA_AUDITORIA_FASE_3_DOCS_21_30/06_ESTADO_CIENTIFICO/PREGUNTAS_ABIERTAS_DOCS_21_30.csv,.csv,438,e651787341fcd6f37f655224f16f33064e6eb6618b020c5d2cc954e4ee4c579f,COVERED,SOURCE_ZIP_INVENTORY_EXTRACTED_EXACT,COVERED,dataset_catalog_recomputed_exact,NOT_APPLICABLE,NOT_APPLICABLE,NOT_APPLICABLE,NOT_APPLICABLE,,True,COVERED
COV-00170,physical_outer_member,90_FUENTES_INTEGRAS/GEOMETRY_OMEGA_TEORIA_COMPLETA_V1_0/GEOMETRY_OMEGA_TEORIA_COMPLETA_V1_0/09_AUDITORIAS_COMPLETAS/OMEGA_AUDITORIA_FASE_3_DOCS_21_30/06_ESTADO_CIENTIFICO/RESULTADOS_SUPERADOS_CORREGIDOS_DOCS_21_30.csv,.csv,530,7e7c8526326e3e946a381b3767bcacd353c05aabe09ebd9e8c85a4c2fa20e12d,COVERED,SOURCE_ZIP_INVENTORY_EXTRACTED_EXACT,COVERED,dataset_catalog_recomputed_exact,NOT_APPLICABLE,NOT_APPLICABLE,NOT_APPLICABLE,NOT_APPLICABLE,,True,COVERED
COV-00171,physical_outer_member,90_FUENTES_INTEGRAS/GEOMETRY_OMEGA_TEORIA_COMPLETA_V1_0/GEOMETRY_OMEGA_TEORIA_COMPLETA_V1_0/09_AUDITORIAS_COMPLETAS/OMEGA_AUDITORIA_FASE_3_DOCS_21_30/06_ESTADO_CIENTIFICO/RESULTADOS_VIGENTES_O_APOYADOS_DOCS_21_30.csv,.csv,11979,d94f39d63b00f0f7ead0f5fc23c4cb74261be261c7b7292f4da8ccd1f5b09923,COVERED,SOURCE_ZIP_INVENTORY_EXTRACTED_EXACT,COVERED,dataset_catalog_recomputed_exact,NOT_APPLICABLE,NOT_APPLICABLE,NOT_APPLICABLE,NOT_APPLICABLE,,True,COVERED
COV-00172,physical_outer_member,90_FUENTES_INTEGRAS/GEOMETRY_OMEGA_TEORIA_COMPLETA_V1_0/GEOMETRY_OMEGA_TEORIA_COMPLETA_V1_0/09_AUDITORIAS_COMPLETAS/OMEGA_AUDITORIA_FASE_3_DOCS_21_30/06_ESTADO_CIENTIFICO/SINTESIS_CIENTIFICA_DOCS_21_30.md,.md,921,45d2577844b504b4e05553e1edb8273fb77df05b44dac71b8718e9908d248200,COVERED,SOURCE_ZIP_INVENTORY_EXTRACTED_EXACT,COVERED,markdown_blocks=9,equation_catalog_occurrences_verified=1,claim_candidates_classified=7,NOT_APPLICABLE,NOT_APPLICABLE,,True,COVERED
COV-00173,physical_outer_member,90_FUENTES_INTEGRAS/GEOMETRY_OMEGA_TEORIA_COMPLETA_V1_0/GEOMETRY_OMEGA_TEORIA_COMPLETA_V1_0/09_AUDITORIAS_COMPLETAS/OMEGA_AUDITORIA_FASE_3_DOCS_21_30/06_ESTADO_CIENTIFICO/TRANSICION_CONCEPTUAL_DOCS_21_30.csv,.csv,532,21dd0ae5c98feffaa0826ef223e45d360eb69c68a9e5f8533ee06dc9be470726,COVERED,SOURCE_ZIP_INVENTORY_EXTRACTED_EXACT,COVERED,dataset_catalog_recomputed_exact,NOT_APPLICABLE,NOT_APPLICABLE,NOT_APPLICABLE,NOT_APPLICABLE,,True,COVERED
COV-00174,physical_outer_member,90_FUENTES_INTEGRAS/GEOMETRY_OMEGA_TEORIA_COMPLETA_V1_0/GEOMETRY_OMEGA_TEORIA_COMPLETA_V1_0/09_AUDITORIAS_COMPLETAS/OMEGA_AUDITORIA_FASE_3_DOCS_21_30/07_MANIFIESTO_FUENTES/FUENTES_DATOS_21_30.csv,.csv,984,ff684ac1ccc3d93f96a169e946dea4d5f5d4711f36ff8570129830040072e648,COVERED,SOURCE_ZIP_INVENTORY_EXTRACTED_EXACT,COVERED,dataset_catalog_recomputed_exact,NOT_APPLICABLE,NOT_APPLICABLE,NOT_APPLICABLE,NOT_APPLICABLE,,True,COVERED
COV-00175,physical_outer_member,90_FUENTES_INTEGRAS/GEOMETRY_OMEGA_TEORIA_COMPLETA_V1_0/GEOMETRY_OMEGA_TEORIA_COMPLETA_V1_0/09_AUDITORIAS_COMPLETAS/OMEGA_AUDITORIA_FASE_3_DOCS_21_30/07_MANIFIESTO_FUENTES/FUENTES_DOCUMENTOS_21_30.csv,.csv,1960,fae83dbf40ae0a79a7e810c1873f19e4bbdfa01aaeb7e074604ba459aa9c9401,COVERED,SOURCE_ZIP_INVENTORY_EXTRACTED_EXACT,COVERED,dataset_catalog_recomputed_exact,NOT_APPLICABLE,NOT_APPLICABLE,NOT_APPLICABLE,NOT_APPLICABLE,,True,COVERED
COV-00176,physical_outer_member,90_FUENTES_INTEGRAS/GEOMETRY_OMEGA_TEORIA_COMPLETA_V1_0/GEOMETRY_OMEGA_TEORIA_COMPLETA_V1_0/09_AUDITORIAS_COMPLETAS/OMEGA_AUDITORIA_FASE_4_DOCS_31_40/00_LEEME_FASE_4.md,.md,428,506e5c7454cf0ab6b09c492520808d378d84cbad7cddb817d5e9861201e24f12,COVERED,SOURCE_ZIP_INVENTORY_EXTRACTED_EXACT,COVERED,markdown_blocks=4,equation_catalog_occurrences_verified=0,claim_candidates_classified=3,NOT_APPLICABLE,NOT_APPLICABLE,negative_catalog_occurrences=1,True,COVERED_WITH_NEGATIVE_OR_LIMITATION
COV-00177,physical_outer_member,90_FUENTES_INTEGRAS/GEOMETRY_OMEGA_TEORIA_COMPLETA_V1_0/GEOMETRY_OMEGA_TEORIA_COMPLETA_V1_0/09_AUDITORIAS_COMPLETAS/OMEGA_AUDITORIA_FASE_4_DOCS_31_40/01_RESUMEN_MAQUINA_FASE_4.json,.json,254,2a840b913d183aac86b91377b56cde516d830e16fdefca1b30f3ee93ade1108a,COVERED,SOURCE_ZIP_INVENTORY_EXTRACTED_EXACT,COVERED,json_parsed,NOT_APPLICABLE,NOT_APPLICABLE,NOT_APPLICABLE,NOT_APPLICABLE,,True,COVERED
COV-00178,physical_outer_member,90_FUENTES_INTEGRAS/GEOMETRY_OMEGA_TEORIA_COMPLETA_V1_0/GEOMETRY_OMEGA_TEORIA_COMPLETA_V1_0/09_AUDITORIAS_COMPLETAS/OMEGA_AUDITORIA_FASE_4_DOCS_31_40/02_INVENTARIO_ENTREGABLE_FASE_4.csv,.csv,2520,717e918f4285b4467601607f21c7e2c74736c3d8cc6581e9a77f8a4ab18fcb78,COVERED,SOURCE_ZIP_INVENTORY_EXTRACTED_EXACT,COVERED,dataset_catalog_recomputed_exact,NOT_APPLICABLE,NOT_APPLICABLE,NOT_APPLICABLE,NOT_APPLICABLE,,True,COVERED
COV-00179,physical_outer_member,90_FUENTES_INTEGRAS/GEOMETRY_OMEGA_TEORIA_COMPLETA_V1_0/GEOMETRY_OMEGA_TEORIA_COMPLETA_V1_0/09_AUDITORIAS_COMPLETAS/OMEGA_AUDITORIA_FASE_4_DOCS_31_40/03_AUDITORIAS_DOCUMENTALES/DOC_31_AUDITORIA.md,.md,2484,b380b87853e7a2d5b98fb3938fc5a4aa3afa065452a468f70c934f1e1ad2e7c3,COVERED,SOURCE_ZIP_INVENTORY_EXTRACTED_EXACT,COVERED,markdown_blocks=12,equation_catalog_occurrences_verified=0,claim_candidates_classified=6,NOT_APPLICABLE,NOT_APPLICABLE,negative_catalog_occurrences=1,True,COVERED_WITH_NEGATIVE_OR_LIMITATION
COV-00180,physical_outer_member,90_FUENTES_INTEGRAS/GEOMETRY_OMEGA_TEORIA_COMPLETA_V1_0/GEOMETRY_OMEGA_TEORIA_COMPLETA_V1_0/09_AUDITORIAS_COMPLETAS/OMEGA_AUDITORIA_FASE_4_DOCS_31_40/03_AUDITORIAS_DOCUMENTALES/DOC_32_AUDITORIA.md,.md,3307,95b6a4256d53a8147c34c91eb58e9bc708bc0b452a0144e265995b74e37f79a0,COVERED,SOURCE_ZIP_INVENTORY_EXTRACTED_EXACT,COVERED,markdown_blocks=12,equation_catalog_occurrences_verified=0,claim_candidates_classified=6,NOT_APPLICABLE,NOT_APPLICABLE,negative_catalog_occurrences=1,True,COVERED_WITH_NEGATIVE_OR_LIMITATION
COV-00181,physical_outer_member,90_FUENTES_INTEGRAS/GEOMETRY_OMEGA_TEORIA_COMPLETA_V1_0/GEOMETRY_OMEGA_TEORIA_COMPLETA_V1_0/09_AUDITORIAS_COMPLETAS/OMEGA_AUDITORIA_FASE_4_DOCS_31_40/03_AUDITORIAS_DOCUMENTALES/DOC_33_AUDITORIA.md,.md,1238,501ff5f4fe369892033f8a3de5b34d25149c165bb667981f505255dca65b2624,COVERED,SOURCE_ZIP_INVENTORY_EXTRACTED_EXACT,COVERED,markdown_blocks=12,equation_catalog_occurrences_verified=0,claim_candidates_classified=6,NOT_APPLICABLE,NOT_APPLICABLE,negative_catalog_occurrences=1,True,COVERED_WITH_NEGATIVE_OR_LIMITATION
COV-00182,physical_outer_member,90_FUENTES_INTEGRAS/GEOMETRY_OMEGA_TEORIA_COMPLETA_V1_0/GEOMETRY_OMEGA_TEORIA_COMPLETA_V1_0/09_AUDITORIAS_COMPLETAS/OMEGA_AUDITORIA_FASE_4_DOCS_31_40/03_AUDITORIAS_DOCUMENTALES/DOC_34_AUDITORIA.md,.md,1288,c32514eabef3d8b5324f970550f8ab65de76ad3a71a2fe0bf6e671d237e923b1,COVERED,SOURCE_ZIP_INVENTORY_EXTRACTED_EXACT,COVERED,markdown_blocks=12,equation_catalog_occurrences_verified=0,claim_candidates_classified=6,NOT_APPLICABLE,NOT_APPLICABLE,negative_catalog_occurrences=1,True,COVERED_WITH_NEGATIVE_OR_LIMITATION
COV-00183,physical_outer_member,90_FUENTES_INTEGRAS/GEOMETRY_OMEGA_TEORIA_COMPLETA_V1_0/GEOMETRY_OMEGA_TEORIA_COMPLETA_V1_0/09_AUDITORIAS_COMPLETAS/OMEGA_AUDITORIA_FASE_4_DOCS_31_40/03_AUDITORIAS_DOCUMENTALES/DOC_35_AUDITORIA.md,.md,5167,5291f3b0691dd1ce36448cd5c458674800ea9127b2b403aff20b57b92f85fd66,COVERED,SOURCE_ZIP_INVENTORY_EXTRACTED_EXACT,COVERED,markdown_blocks=12,equation_catalog_occurrences_verified=0,claim_candidates_classified=6,NOT_APPLICABLE,NOT_APPLICABLE,negative_catalog_occurrences=1,True,COVERED_WITH_NEGATIVE_OR_LIMITATION
COV-00184,physical_outer_member,90_FUENTES_INTEGRAS/GEOMETRY_OMEGA_TEORIA_COMPLETA_V1_0/GEOMETRY_OMEGA_TEORIA_COMPLETA_V1_0/09_AUDITORIAS_COMPLETAS/OMEGA_AUDITORIA_FASE_4_DOCS_31_40/03_AUDITORIAS_DOCUMENTALES/DOC_36_AUDITORIA.md,.md,4880,8bfc23217a7f7319fe076416541f51cac05e05731a3842f8e65650858d8d0259,COVERED,SOURCE_ZIP_INVENTORY_EXTRACTED_EXACT,COVERED,markdown_blocks=12,equation_catalog_occurrences_verified=0,claim_candidates_classified=6,NOT_APPLICABLE,NOT_APPLICABLE,negative_catalog_occurrences=1,True,COVERED_WITH_NEGATIVE_OR_LIMITATION
COV-00185,physical_outer_member,90_FUENTES_INTEGRAS/GEOMETRY_OMEGA_TEORIA_COMPLETA_V1_0/GEOMETRY_OMEGA_TEORIA_COMPLETA_V1_0/09_AUDITORIAS_COMPLETAS/OMEGA_AUDITORIA_FASE_4_DOCS_31_40/03_AUDITORIAS_DOCUMENTALES/DOC_37_AUDITORIA.md,.md,2547,93035ad8818ae117b0c21c7cda0aa4179d202f8a0ba571ba192f68fe53696f8c,COVERED,SOURCE_ZIP_INVENTORY_EXTRACTED_EXACT,COVERED,markdown_blocks=12,equation_catalog_occurrences_verified=0,claim_candidates_classified=6,NOT_APPLICABLE,NOT_APPLICABLE,negative_catalog_occurrences=2,True,COVERED_WITH_NEGATIVE_OR_LIMITATION
COV-00186,physical_outer_member,90_FUENTES_INTEGRAS/GEOMETRY_OMEGA_TEORIA_COMPLETA_V1_0/GEOMETRY_OMEGA_TEORIA_COMPLETA_V1_0/09_AUDITORIAS_COMPLETAS/OMEGA_AUDITORIA_FASE_4_DOCS_31_40/03_AUDITORIAS_DOCUMENTALES/DOC_38_AUDITORIA.md,.md,1147,6580fc0679a9527d3d723ed346b693ae037567b9bb856dbc211a7dc80daf1562,COVERED,SOURCE_ZIP_INVENTORY_EXTRACTED_EXACT,COVERED,markdown_blocks=12,equation_catalog_occurrences_verified=0,claim_candidates_classified=6,NOT_APPLICABLE,NOT_APPLICABLE,negative_catalog_occurrences=2,True,COVERED_WITH_NEGATIVE_OR_LIMITATION
COV-00187,physical_outer_member,90_FUENTES_INTEGRAS/GEOMETRY_OMEGA_TEORIA_COMPLETA_V1_0/GEOMETRY_OMEGA_TEORIA_COMPLETA_V1_0/09_AUDITORIAS_COMPLETAS/OMEGA_AUDITORIA_FASE_4_DOCS_31_40/03_AUDITORIAS_DOCUMENTALES/DOC_39_AUDITORIA.md,.md,2355,0345dbb4c94f891367bdd29da4db0be66800988b0c9b27247fe5809f421d5088,COVERED,SOURCE_ZIP_INVENTORY_EXTRACTED_EXACT,COVERED,markdown_blocks=12,equation_catalog_occurrences_verified=0,claim_candidates_classified=6,NOT_APPLICABLE,NOT_APPLICABLE,negative_catalog_occurrences=2,True,COVERED_WITH_NEGATIVE_OR_LIMITATION
COV-00188,physical_outer_member,90_FUENTES_INTEGRAS/GEOMETRY_OMEGA_TEORIA_COMPLETA_V1_0/GEOMETRY_OMEGA_TEORIA_COMPLETA_V1_0/09_AUDITORIAS_COMPLETAS/OMEGA_AUDITORIA_FASE_4_DOCS_31_40/03_AUDITORIAS_DOCUMENTALES/DOC_40_AUDITORIA.md,.md,3730,13fd6b4df5759e385946ba5ecc34927312a6d2b1fa6a2601240d609d20e64f82,COVERED,SOURCE_ZIP_INVENTORY_EXTRACTED_EXACT,COVERED,markdown_blocks=12,equation_catalog_occurrences_verified=0,claim_candidates_classified=6,NOT_APPLICABLE,NOT_APPLICABLE,negative_catalog_occurrences=1,True,COVERED_WITH_NEGATIVE_OR_LIMITATION
COV-00189,physical_outer_member,90_FUENTES_INTEGRAS/GEOMETRY_OMEGA_TEORIA_COMPLETA_V1_0/GEOMETRY_OMEGA_TEORIA_COMPLETA_V1_0/09_AUDITORIAS_COMPLETAS/OMEGA_AUDITORIA_FASE_4_DOCS_31_40/04_PRUEBAS_NUMERICAS/PARAMETROS_MAESTROS_DOCS_31_40.csv,.csv,355,011353799e92088cd3a0a30091a8b8f1120f96dc21ac634ad180e244613f36c5,COVERED,SOURCE_ZIP_INVENTORY_EXTRACTED_EXACT,COVERED,dataset_catalog_recomputed_exact,NOT_APPLICABLE,NOT_APPLICABLE,NOT_APPLICABLE,NOT_APPLICABLE,,True,COVERED
COV-00190,physical_outer_member,90_FUENTES_INTEGRAS/GEOMETRY_OMEGA_TEORIA_COMPLETA_V1_0/GEOMETRY_OMEGA_TEORIA_COMPLETA_V1_0/09_AUDITORIAS_COMPLETAS/OMEGA_AUDITORIA_FASE_4_DOCS_31_40/04_PRUEBAS_NUMERICAS/PRUEBAS_NUMERICAS_MAESTRAS_DOCS_31_40.csv,.csv,23964,9e901923de270a8b893d9e3b6355518c83edf34ec77286abed5c1972a2ced77a,COVERED,SOURCE_ZIP_INVENTORY_EXTRACTED_EXACT,COVERED,dataset_catalog_recomputed_exact,NOT_APPLICABLE,NOT_APPLICABLE,NOT_APPLICABLE,NOT_APPLICABLE,,True,COVERED
COV-00191,physical_outer_member,90_FUENTES_INTEGRAS/GEOMETRY_OMEGA_TEORIA_COMPLETA_V1_0/GEOMETRY_OMEGA_TEORIA_COMPLETA_V1_0/09_AUDITORIAS_COMPLETAS/OMEGA_AUDITORIA_FASE_4_DOCS_31_40/05_DEPENDENCIAS/DEPENDENCIAS_DOCS_31_40.csv,.csv,541,ec301d4c18c386fbd3ee818f6134b2d10c4b0c626c544443904bfc115f83106b,COVERED,SOURCE_ZIP_INVENTORY_EXTRACTED_EXACT,COVERED,dataset_catalog_recomputed_exact,NOT_APPLICABLE,NOT_APPLICABLE,NOT_APPLICABLE,NOT_APPLICABLE,,True,COVERED
COV-00192,physical_outer_member,90_FUENTES_INTEGRAS/GEOMETRY_OMEGA_TEORIA_COMPLETA_V1_0/GEOMETRY_OMEGA_TEORIA_COMPLETA_V1_0/09_AUDITORIAS_COMPLETAS/OMEGA_AUDITORIA_FASE_4_DOCS_31_40/06_ESTADO_CIENTIFICO/PREGUNTAS_ABIERTAS_DOCS_31_40.csv,.csv,421,38ab86e990c96d2f3bda00c06471a617d56e4002fd762768f1d9cde08996e73a,COVERED,SOURCE_ZIP_INVENTORY_EXTRACTED_EXACT,COVERED,dataset_catalog_recomputed_exact,NOT_APPLICABLE,NOT_APPLICABLE,NOT_APPLICABLE,NOT_APPLICABLE,,True,COVERED
COV-00193,physical_outer_member,90_FUENTES_INTEGRAS/GEOMETRY_OMEGA_TEORIA_COMPLETA_V1_0/GEOMETRY_OMEGA_TEORIA_COMPLETA_V1_0/09_AUDITORIAS_COMPLETAS/OMEGA_AUDITORIA_FASE_4_DOCS_31_40/06_ESTADO_CIENTIFICO/RESULTADOS_NEGATIVOS_DIMENSION_DOCS_31_40.csv,.csv,333,efbc7a3ddb5bd50632239dc5d41e9c3415d5baabbf20aafb5671ab7fd0f218dd,COVERED,SOURCE_ZIP_INVENTORY_EXTRACTED_EXACT,COVERED,dataset_catalog_recomputed_exact,NOT_APPLICABLE,NOT_APPLICABLE,NOT_APPLICABLE,NOT_APPLICABLE,,True,COVERED
COV-00194,physical_outer_member,90_FUENTES_INTEGRAS/GEOMETRY_OMEGA_TEORIA_COMPLETA_V1_0/GEOMETRY_OMEGA_TEORIA_COMPLETA_V1_0/09_AUDITORIAS_COMPLETAS/OMEGA_AUDITORIA_FASE_4_DOCS_31_40/06_ESTADO_CIENTIFICO/RESULTADOS_SUPERADOS_CORREGIDOS_DOCS_31_40.csv,.csv,622,41dd00113fde401c41abdf85067c667d2d2025aaf89fecc9e655f28be1b994c4,COVERED,SOURCE_ZIP_INVENTORY_EXTRACTED_EXACT,COVERED,dataset_catalog_recomputed_exact,NOT_APPLICABLE,NOT_APPLICABLE,NOT_APPLICABLE,NOT_APPLICABLE,,True,COVERED
COV-00195,physical_outer_member,90_FUENTES_INTEGRAS/GEOMETRY_OMEGA_TEORIA_COMPLETA_V1_0/GEOMETRY_OMEGA_TEORIA_COMPLETA_V1_0/09_AUDITORIAS_COMPLETAS/OMEGA_AUDITORIA_FASE_4_DOCS_31_40/06_ESTADO_CIENTIFICO/SINTESIS_CIENTIFICA_DOCS_31_40.md,.md,849,72a7fbc78fc2c0cc176d218dfc9a6f4f85566cfb142adaef13fcd82aac26f512,COVERED,SOURCE_ZIP_INVENTORY_EXTRACTED_EXACT,COVERED,markdown_blocks=5,equation_catalog_occurrences_verified=0,claim_candidates_classified=4,NOT_APPLICABLE,NOT_APPLICABLE,,True,COVERED
COV-00196,physical_outer_member,90_FUENTES_INTEGRAS/GEOMETRY_OMEGA_TEORIA_COMPLETA_V1_0/GEOMETRY_OMEGA_TEORIA_COMPLETA_V1_0/09_AUDITORIAS_COMPLETAS/OMEGA_AUDITORIA_FASE_4_DOCS_31_40/07_MANIFIESTO_FUENTES/FUENTES_DATOS_31_40.csv,.csv,1615,ef4ff890b4ade2144f8b89dbee39d01749dfbdca679fa8bfe0617acb6b4b05bd,COVERED,SOURCE_ZIP_INVENTORY_EXTRACTED_EXACT,COVERED,dataset_catalog_recomputed_exact,NOT_APPLICABLE,NOT_APPLICABLE,NOT_APPLICABLE,NOT_APPLICABLE,,True,COVERED
COV-00197,physical_outer_member,90_FUENTES_INTEGRAS/GEOMETRY_OMEGA_TEORIA_COMPLETA_V1_0/GEOMETRY_OMEGA_TEORIA_COMPLETA_V1_0/09_AUDITORIAS_COMPLETAS/OMEGA_AUDITORIA_FASE_4_DOCS_31_40/07_MANIFIESTO_FUENTES/FUENTES_DOCUMENTOS_31_40.csv,.csv,1954,1f486e7a2166954b7f3a0728d78405db6c8724faeadd26ab496ff1b0e47da903,COVERED,SOURCE_ZIP_INVENTORY_EXTRACTED_EXACT,COVERED,dataset_catalog_recomputed_exact,NOT_APPLICABLE,NOT_APPLICABLE,NOT_APPLICABLE,NOT_APPLICABLE,,True,COVERED
COV-00198,physical_outer_member,90_FUENTES_INTEGRAS/GEOMETRY_OMEGA_TEORIA_COMPLETA_V1_0/GEOMETRY_OMEGA_TEORIA_COMPLETA_V1_0/09_AUDITORIAS_COMPLETAS/OMEGA_AUDITORIA_FASE_5_DOCS_41_50/00_LEEME_FASE_5.md,.md,465,0853cb285a80272a4554b646c7a008452028cfc4b97120c9c81658777823c05a,COVERED,SOURCE_ZIP_INVENTORY_EXTRACTED_EXACT,COVERED,markdown_blocks=4,equation_catalog_occurrences_verified=0,claim_candidates_classified=3,NOT_APPLICABLE,NOT_APPLICABLE,,True,COVERED
COV-00199,physical_outer_member,90_FUENTES_INTEGRAS/GEOMETRY_OMEGA_TEORIA_COMPLETA_V1_0/GEOMETRY_OMEGA_TEORIA_COMPLETA_V1_0/09_AUDITORIAS_COMPLETAS/OMEGA_AUDITORIA_FASE_5_DOCS_41_50/01_RESUMEN_MAQUINA_FASE_5.json,.json,495,8395a860115f4a259a4ad01efc6e4f6f5a8b69acf18ef0810791231292e8f687,COVERED,SOURCE_ZIP_INVENTORY_EXTRACTED_EXACT,COVERED,json_parsed,NOT_APPLICABLE,NOT_APPLICABLE,NOT_APPLICABLE,NOT_APPLICABLE,,True,COVERED
COV-00200,physical_outer_member,90_FUENTES_INTEGRAS/GEOMETRY_OMEGA_TEORIA_COMPLETA_V1_0/GEOMETRY_OMEGA_TEORIA_COMPLETA_V1_0/09_AUDITORIAS_COMPLETAS/OMEGA_AUDITORIA_FASE_5_DOCS_41_50/02_INVENTARIO_ENTREGABLE_FASE_5.csv,.csv,2385,e6a0bcf18a3caf6ef25d3cfa97c97f7275585bd35ddb4c48a90260b544c3d151,COVERED,SOURCE_ZIP_INVENTORY_EXTRACTED_EXACT,COVERED,dataset_catalog_recomputed_exact,NOT_APPLICABLE,NOT_APPLICABLE,NOT_APPLICABLE,NOT_APPLICABLE,,True,COVERED
COV-00201,physical_outer_member,90_FUENTES_INTEGRAS/GEOMETRY_OMEGA_TEORIA_COMPLETA_V1_0/GEOMETRY_OMEGA_TEORIA_COMPLETA_V1_0/09_AUDITORIAS_COMPLETAS/OMEGA_AUDITORIA_FASE_5_DOCS_41_50/03_AUDITORIAS_DOCUMENTALES/DOC_41_AUDITORIA.md,.md,3824,c9f4744ddd222b535d14e0ac35656a0fc2fc63d15a2c2cf79d346c0eca74b4d5,COVERED,SOURCE_ZIP_INVENTORY_EXTRACTED_EXACT,COVERED,markdown_blocks=12,equation_catalog_occurrences_verified=0,claim_candidates_classified=6,NOT_APPLICABLE,NOT_APPLICABLE,negative_catalog_occurrences=1,True,COVERED_WITH_NEGATIVE_OR_LIMITATION
COV-00202,physical_outer_member,90_FUENTES_INTEGRAS/GEOMETRY_OMEGA_TEORIA_COMPLETA_V1_0/GEOMETRY_OMEGA_TEORIA_COMPLETA_V1_0/09_AUDITORIAS_COMPLETAS/OMEGA_AUDITORIA_FASE_5_DOCS_41_50/03_AUDITORIAS_DOCUMENTALES/DOC_42_AUDITORIA.md,.md,5942,2af4f271dac31e3c6209606aaf10d18bbeacece110485ed03409a05aef452ae1,COVERED,SOURCE_ZIP_INVENTORY_EXTRACTED_EXACT,COVERED,markdown_blocks=12,equation_catalog_occurrences_verified=0,claim_candidates_classified=6,NOT_APPLICABLE,NOT_APPLICABLE,negative_catalog_occurrences=1,True,COVERED_WITH_NEGATIVE_OR_LIMITATION
COV-00203,physical_outer_member,90_FUENTES_INTEGRAS/GEOMETRY_OMEGA_TEORIA_COMPLETA_V1_0/GEOMETRY_OMEGA_TEORIA_COMPLETA_V1_0/09_AUDITORIAS_COMPLETAS/OMEGA_AUDITORIA_FASE_5_DOCS_41_50/03_AUDITORIAS_DOCUMENTALES/DOC_43_AUDITORIA.md,.md,1689,bdcdfaf6fe55e6220f8231e4a517734f65214a2ce464c7362e4ae36a3a3cf573,COVERED,SOURCE_ZIP_INVENTORY_EXTRACTED_EXACT,COVERED,markdown_blocks=12,equation_catalog_occurrences_verified=0,claim_candidates_classified=6,NOT_APPLICABLE,NOT_APPLICABLE,negative_catalog_occurrences=1,True,COVERED_WITH_NEGATIVE_OR_LIMITATION
COV-00204,physical_outer_member,90_FUENTES_INTEGRAS/GEOMETRY_OMEGA_TEORIA_COMPLETA_V1_0/GEOMETRY_OMEGA_TEORIA_COMPLETA_V1_0/09_AUDITORIAS_COMPLETAS/OMEGA_AUDITORIA_FASE_5_DOCS_41_50/03_AUDITORIAS_DOCUMENTALES/DOC_44_AUDITORIA.md,.md,3010,1047cb9588dcef87954a8f6f54035a3e98070f4e5bdde2d0f8296788db1c5a3b,COVERED,SOURCE_ZIP_INVENTORY_EXTRACTED_EXACT,COVERED,markdown_blocks=12,equation_catalog_occurrences_verified=0,claim_candidates_classified=6,NOT_APPLICABLE,NOT_APPLICABLE,negative_catalog_occurrences=1,True,COVERED_WITH_NEGATIVE_OR_LIMITATION
COV-00205,physical_outer_member,90_FUENTES_INTEGRAS/GEOMETRY_OMEGA_TEORIA_COMPLETA_V1_0/GEOMETRY_OMEGA_TEORIA_COMPLETA_V1_0/09_AUDITORIAS_COMPLETAS/OMEGA_AUDITORIA_FASE_5_DOCS_41_50/03_AUDITORIAS_DOCUMENTALES/DOC_45_AUDITORIA.md,.md,2684,105d12cc42ebe17b966629c2b64700cf9e4403243d9ce10f1085517d56bd25e7,COVERED,SOURCE_ZIP_INVENTORY_EXTRACTED_EXACT,COVERED,markdown_blocks=12,equation_catalog_occurrences_verified=0,claim_candidates_classified=6,NOT_APPLICABLE,NOT_APPLICABLE,negative_catalog_occurrences=1,True,COVERED_WITH_NEGATIVE_OR_LIMITATION
COV-00206,physical_outer_member,90_FUENTES_INTEGRAS/GEOMETRY_OMEGA_TEORIA_COMPLETA_V1_0/GEOMETRY_OMEGA_TEORIA_COMPLETA_V1_0/09_AUDITORIAS_COMPLETAS/OMEGA_AUDITORIA_FASE_5_DOCS_41_50/03_AUDITORIAS_DOCUMENTALES/DOC_46_AUDITORIA.md,.md,2012,44d9b3ab8d835dae2db599286f18864f2fd8e98380926da33197cae933dd315f,COVERED,SOURCE_ZIP_INVENTORY_EXTRACTED_EXACT,COVERED,markdown_blocks=12,equation_catalog_occurrences_verified=0,claim_candidates_classified=6,NOT_APPLICABLE,NOT_APPLICABLE,negative_catalog_occurrences=1,True,COVERED_WITH_NEGATIVE_OR_LIMITATION
COV-00207,physical_outer_member,90_FUENTES_INTEGRAS/GEOMETRY_OMEGA_TEORIA_COMPLETA_V1_0/GEOMETRY_OMEGA_TEORIA_COMPLETA_V1_0/09_AUDITORIAS_COMPLETAS/OMEGA_AUDITORIA_FASE_5_DOCS_41_50/03_AUDITORIAS_DOCUMENTALES/DOC_47_AUDITORIA.md,.md,2151,666b77643f8d7b943251ad222235e3b0be0c044be7c702b54511fc4aa4e68432,COVERED,SOURCE_ZIP_INVENTORY_EXTRACTED_EXACT,COVERED,markdown_blocks=12,equation_catalog_occurrences_verified=0,claim_candidates_classified=6,NOT_APPLICABLE,NOT_APPLICABLE,negative_catalog_occurrences=1,True,COVERED_WITH_NEGATIVE_OR_LIMITATION
COV-00208,physical_outer_member,90_FUENTES_INTEGRAS/GEOMETRY_OMEGA_TEORIA_COMPLETA_V1_0/GEOMETRY_OMEGA_TEORIA_COMPLETA_V1_0/09_AUDITORIAS_COMPLETAS/OMEGA_AUDITORIA_FASE_5_DOCS_41_50/03_AUDITORIAS_DOCUMENTALES/DOC_48_AUDITORIA.md,.md,1532,deecc616e5b46cca589ade3bb924493ba2129f011ae7f169d6f214936e880152,COVERED,SOURCE_ZIP_INVENTORY_EXTRACTED_EXACT,COVERED,markdown_blocks=12,equation_catalog_occurrences_verified=0,claim_candidates_classified=6,NOT_APPLICABLE,NOT_APPLICABLE,negative_catalog_occurrences=1,True,COVERED_WITH_NEGATIVE_OR_LIMITATION
COV-00209,physical_outer_member,90_FUENTES_INTEGRAS/GEOMETRY_OMEGA_TEORIA_COMPLETA_V1_0/GEOMETRY_OMEGA_TEORIA_COMPLETA_V1_0/09_AUDITORIAS_COMPLETAS/OMEGA_AUDITORIA_FASE_5_DOCS_41_50/03_AUDITORIAS_DOCUMENTALES/DOC_49_AUDITORIA.md,.md,2268,a112112c5118e3fa37c266dd65246951f35cda59d9fa8e185fe5e48500374877,COVERED,SOURCE_ZIP_INVENTORY_EXTRACTED_EXACT,COVERED,markdown_blocks=12,equation_catalog_occurrences_verified=0,claim_candidates_classified=6,NOT_APPLICABLE,NOT_APPLICABLE,negative_catalog_occurrences=1,True,COVERED_WITH_NEGATIVE_OR_LIMITATION
COV-00210,physical_outer_member,90_FUENTES_INTEGRAS/GEOMETRY_OMEGA_TEORIA_COMPLETA_V1_0/GEOMETRY_OMEGA_TEORIA_COMPLETA_V1_0/09_AUDITORIAS_COMPLETAS/OMEGA_AUDITORIA_FASE_5_DOCS_41_50/03_AUDITORIAS_DOCUMENTALES/DOC_50_AUDITORIA.md,.md,5196,79af90a21c1e8cc1865844d050bec7b5ef79a25749f6f9f68ef44a31898c6a4e,COVERED,SOURCE_ZIP_INVENTORY_EXTRACTED_EXACT,COVERED,markdown_blocks=12,equation_catalog_occurrences_verified=0,claim_candidates_classified=6,NOT_APPLICABLE,NOT_APPLICABLE,negative_catalog_occurrences=1,True,COVERED_WITH_NEGATIVE_OR_LIMITATION
COV-00211,physical_outer_member,90_FUENTES_INTEGRAS/GEOMETRY_OMEGA_TEORIA_COMPLETA_V1_0/GEOMETRY_OMEGA_TEORIA_COMPLETA_V1_0/09_AUDITORIAS_COMPLETAS/OMEGA_AUDITORIA_FASE_5_DOCS_41_50/04_PRUEBAS_NUMERICAS/PARAMETROS_MAESTROS_DOCS_41_50.csv,.csv,410,0cfbc866e48e71583108782cb432c0bb45a9537953cb030be4c428fa9b96d66e,COVERED,SOURCE_ZIP_INVENTORY_EXTRACTED_EXACT,COVERED,dataset_catalog_recomputed_exact,NOT_APPLICABLE,NOT_APPLICABLE,NOT_APPLICABLE,NOT_APPLICABLE,,True,COVERED
COV-00212,physical_outer_member,90_FUENTES_INTEGRAS/GEOMETRY_OMEGA_TEORIA_COMPLETA_V1_0/GEOMETRY_OMEGA_TEORIA_COMPLETA_V1_0/09_AUDITORIAS_COMPLETAS/OMEGA_AUDITORIA_FASE_5_DOCS_41_50/04_PRUEBAS_NUMERICAS/PRUEBAS_NUMERICAS_MAESTRAS_DOCS_41_50.csv,.csv,23459,ea19f876d86a5fb046d4ea197d63091c4a624f384cbbe345ab7190629046aa63,COVERED,SOURCE_ZIP_INVENTORY_EXTRACTED_EXACT,COVERED,dataset_catalog_recomputed_exact,NOT_APPLICABLE,NOT_APPLICABLE,NOT_APPLICABLE,NOT_APPLICABLE,,True,COVERED
COV-00213,physical_outer_member,90_FUENTES_INTEGRAS/GEOMETRY_OMEGA_TEORIA_COMPLETA_V1_0/GEOMETRY_OMEGA_TEORIA_COMPLETA_V1_0/09_AUDITORIAS_COMPLETAS/OMEGA_AUDITORIA_FASE_5_DOCS_41_50/05_DEPENDENCIAS/DEPENDENCIAS_DOCS_41_50.csv,.csv,743,8ccdbf3c63b6c7dad052cc4f4b82afe69dba905d6865424dedc0bc53713be8ca,COVERED,SOURCE_ZIP_INVENTORY_EXTRACTED_EXACT,COVERED,dataset_catalog_recomputed_exact,NOT_APPLICABLE,NOT_APPLICABLE,NOT_APPLICABLE,NOT_APPLICABLE,,True,COVERED
COV-00214,physical_outer_member,90_FUENTES_INTEGRAS/GEOMETRY_OMEGA_TEORIA_COMPLETA_V1_0/GEOMETRY_OMEGA_TEORIA_COMPLETA_V1_0/09_AUDITORIAS_COMPLETAS/OMEGA_AUDITORIA_FASE_5_DOCS_41_50/06_ESTADO_CIENTIFICO/PREGUNTAS_ABIERTAS_DOCS_41_50.csv,.csv,739,fc393628792083cc6ac4310b88a338773dd220545967e4ddc43c3278f8475f57,COVERED,SOURCE_ZIP_INVENTORY_EXTRACTED_EXACT,COVERED,dataset_catalog_recomputed_exact,NOT_APPLICABLE,NOT_APPLICABLE,NOT_APPLICABLE,NOT_APPLICABLE,,True,COVERED
COV-00215,physical_outer_member,90_FUENTES_INTEGRAS/GEOMETRY_OMEGA_TEORIA_COMPLETA_V1_0/GEOMETRY_OMEGA_TEORIA_COMPLETA_V1_0/09_AUDITORIAS_COMPLETAS/OMEGA_AUDITORIA_FASE_5_DOCS_41_50/06_ESTADO_CIENTIFICO/RESULTADOS_SUPERADOS_CORREGIDOS_DOCS_41_50.csv,.csv,806,35e4820874c83a46600aac6ee3f838d52081f748c81010318db42c028e24b5a5,COVERED,SOURCE_ZIP_INVENTORY_EXTRACTED_EXACT,COVERED,dataset_catalog_recomputed_exact,NOT_APPLICABLE,NOT_APPLICABLE,NOT_APPLICABLE,NOT_APPLICABLE,,True,COVERED
COV-00216,physical_outer_member,90_FUENTES_INTEGRAS/GEOMETRY_OMEGA_TEORIA_COMPLETA_V1_0/GEOMETRY_OMEGA_TEORIA_COMPLETA_V1_0/09_AUDITORIAS_COMPLETAS/OMEGA_AUDITORIA_FASE_5_DOCS_41_50/06_ESTADO_CIENTIFICO/SINTESIS_CIENTIFICA_DOCS_41_50.md,.md,1320,15a2737ee84a61d89ffa7442795e819758d50f01e7cfc82b58d8befef9dac11f,COVERED,SOURCE_ZIP_INVENTORY_EXTRACTED_EXACT,COVERED,markdown_blocks=6,equation_catalog_occurrences_verified=0,claim_candidates_classified=5,NOT_APPLICABLE,NOT_APPLICABLE,,True,COVERED
COV-00217,physical_outer_member,90_FUENTES_INTEGRAS/GEOMETRY_OMEGA_TEORIA_COMPLETA_V1_0/GEOMETRY_OMEGA_TEORIA_COMPLETA_V1_0/09_AUDITORIAS_COMPLETAS/OMEGA_AUDITORIA_FASE_5_DOCS_41_50/07_MANIFIESTO_FUENTES/FUENTES_DATOS_41_50.csv,.csv,4250,49ee4fd0523d5de6f3ca95b6b1996bed7552be4855095164590f15adb9284e27,COVERED,SOURCE_ZIP_INVENTORY_EXTRACTED_EXACT,COVERED,dataset_catalog_recomputed_exact,NOT_APPLICABLE,NOT_APPLICABLE,NOT_APPLICABLE,NOT_APPLICABLE,,True,COVERED
COV-00218,physical_outer_member,90_FUENTES_INTEGRAS/GEOMETRY_OMEGA_TEORIA_COMPLETA_V1_0/GEOMETRY_OMEGA_TEORIA_COMPLETA_V1_0/09_AUDITORIAS_COMPLETAS/OMEGA_AUDITORIA_FASE_5_DOCS_41_50/07_MANIFIESTO_FUENTES/FUENTES_DOCUMENTOS_41_50.csv,.csv,1806,e9191a1cbb647f0c2a3f3ba4338e0341f10796a5bf9ac0a4ee9b54ed8454a892,COVERED,SOURCE_ZIP_INVENTORY_EXTRACTED_EXACT,COVERED,dataset_catalog_recomputed_exact,NOT_APPLICABLE,NOT_APPLICABLE,NOT_APPLICABLE,NOT_APPLICABLE,,True,COVERED
COV-00219,physical_outer_member,90_FUENTES_INTEGRAS/GEOMETRY_OMEGA_TEORIA_COMPLETA_V1_0/GEOMETRY_OMEGA_TEORIA_COMPLETA_V1_0/09_AUDITORIAS_COMPLETAS/OMEGA_AUDITORIA_FASE_6_DOCS_51_58_HISTORICOS/00_LEEME_FASE_6_HISTORICA.md,.md,1037,352f644c0634f3512bd5343e95d44b8ccc7c6900e4f4e1ccaf595ce7d8229acd,COVERED,SOURCE_ZIP_INVENTORY_EXTRACTED_EXACT,COVERED,markdown_blocks=7,equation_catalog_occurrences_verified=0,claim_candidates_classified=4,NOT_APPLICABLE,NOT_APPLICABLE,,True,COVERED
COV-00220,physical_outer_member,90_FUENTES_INTEGRAS/GEOMETRY_OMEGA_TEORIA_COMPLETA_V1_0/GEOMETRY_OMEGA_TEORIA_COMPLETA_V1_0/09_AUDITORIAS_COMPLETAS/OMEGA_AUDITORIA_FASE_6_DOCS_51_58_HISTORICOS/01_RESUMEN_MAQUINA_FASE_6.json,.json,387,6a47a27a9e186b82e06ee9cfc037571acf26c82036ab44cba8b47df70fbb4f81,COVERED,SOURCE_ZIP_INVENTORY_EXTRACTED_EXACT,COVERED,json_parsed,NOT_APPLICABLE,NOT_APPLICABLE,NOT_APPLICABLE,NOT_APPLICABLE,,True,COVERED
COV-00221,physical_outer_member,90_FUENTES_INTEGRAS/GEOMETRY_OMEGA_TEORIA_COMPLETA_V1_0/GEOMETRY_OMEGA_TEORIA_COMPLETA_V1_0/09_AUDITORIAS_COMPLETAS/OMEGA_AUDITORIA_FASE_6_DOCS_51_58_HISTORICOS/02_INVENTARIO_ENTREGABLE_FASE_6.csv,.csv,2389,5e3ee4f54691c6a9516ed2d414893ecea4f6c15d6de21bd6cc9a4ccc1fefab7e,COVERED,SOURCE_ZIP_INVENTORY_EXTRACTED_EXACT,COVERED,dataset_catalog_recomputed_exact,NOT_APPLICABLE,NOT_APPLICABLE,NOT_APPLICABLE,NOT_APPLICABLE,,True,COVERED
COV-00222,physical_outer_member,90_FUENTES_INTEGRAS/GEOMETRY_OMEGA_TEORIA_COMPLETA_V1_0/GEOMETRY_OMEGA_TEORIA_COMPLETA_V1_0/09_AUDITORIAS_COMPLETAS/OMEGA_AUDITORIA_FASE_6_DOCS_51_58_HISTORICOS/03_AUDITORIAS_DOCUMENTALES/DOC_51_AUDITORIA_HISTORICA.md,.md,2842,1c8f6d4ad57dfa41ac01f1adc90152d3027e8ceaedae93baa70925ef3a625510,COVERED,SOURCE_ZIP_INVENTORY_EXTRACTED_EXACT,COVERED,markdown_blocks=15,equation_catalog_occurrences_verified=0,claim_candidates_classified=8,NOT_APPLICABLE,NOT_APPLICABLE,negative_catalog_occurrences=1,True,COVERED_WITH_NEGATIVE_OR_LIMITATION
COV-00223,physical_outer_member,90_FUENTES_INTEGRAS/GEOMETRY_OMEGA_TEORIA_COMPLETA_V1_0/GEOMETRY_OMEGA_TEORIA_COMPLETA_V1_0/09_AUDITORIAS_COMPLETAS/OMEGA_AUDITORIA_FASE_6_DOCS_51_58_HISTORICOS/03_AUDITORIAS_DOCUMENTALES/DOC_52_AUDITORIA_HISTORICA.md,.md,1966,ddf45a2c130b3d45388cfa4f5147538811b4bf2bfbed67e0151ce968fded52b4,COVERED,SOURCE_ZIP_INVENTORY_EXTRACTED_EXACT,COVERED,markdown_blocks=15,equation_catalog_occurrences_verified=0,claim_candidates_classified=8,NOT_APPLICABLE,NOT_APPLICABLE,negative_catalog_occurrences=1,True,COVERED_WITH_NEGATIVE_OR_LIMITATION
COV-00224,physical_outer_member,90_FUENTES_INTEGRAS/GEOMETRY_OMEGA_TEORIA_COMPLETA_V1_0/GEOMETRY_OMEGA_TEORIA_COMPLETA_V1_0/09_AUDITORIAS_COMPLETAS/OMEGA_AUDITORIA_FASE_6_DOCS_51_58_HISTORICOS/03_AUDITORIAS_DOCUMENTALES/DOC_53_AUDITORIA_HISTORICA.md,.md,4022,1230f746ef42c149d1f9f3f9e53742e618e90aa1d149345c143fee01d94d9481,COVERED,SOURCE_ZIP_INVENTORY_EXTRACTED_EXACT,COVERED,markdown_blocks=15,equation_catalog_occurrences_verified=0,claim_candidates_classified=8,NOT_APPLICABLE,NOT_APPLICABLE,negative_catalog_occurrences=1,True,COVERED_WITH_NEGATIVE_OR_LIMITATION
COV-00225,physical_outer_member,90_FUENTES_INTEGRAS/GEOMETRY_OMEGA_TEORIA_COMPLETA_V1_0/GEOMETRY_OMEGA_TEORIA_COMPLETA_V1_0/09_AUDITORIAS_COMPLETAS/OMEGA_AUDITORIA_FASE_6_DOCS_51_58_HISTORICOS/03_AUDITORIAS_DOCUMENTALES/DOC_54_AUDITORIA_HISTORICA.md,.md,3328,9c941baa23644dcec50fe3b7343ea19cb028ef277b3109fc96ad8f77e1b4209d,COVERED,SOURCE_ZIP_INVENTORY_EXTRACTED_EXACT,COVERED,markdown_blocks=15,equation_catalog_occurrences_verified=0,claim_candidates_classified=8,NOT_APPLICABLE,NOT_APPLICABLE,negative_catalog_occurrences=3,True,COVERED_WITH_NEGATIVE_OR_LIMITATION
COV-00226,physical_outer_member,90_FUENTES_INTEGRAS/GEOMETRY_OMEGA_TEORIA_COMPLETA_V1_0/GEOMETRY_OMEGA_TEORIA_COMPLETA_V1_0/09_AUDITORIAS_COMPLETAS/OMEGA_AUDITORIA_FASE_6_DOCS_51_58_HISTORICOS/03_AUDITORIAS_DOCUMENTALES/DOC_55_AUDITORIA_HISTORICA.md,.md,3217,8b731848bdc5d463223cfdb1c0c9e10a24b358a2af4b06c74f31797e15d7e685,COVERED,SOURCE_ZIP_INVENTORY_EXTRACTED_EXACT,COVERED,markdown_blocks=15,equation_catalog_occurrences_verified=0,claim_candidates_classified=8,NOT_APPLICABLE,NOT_APPLICABLE,negative_catalog_occurrences=2,True,COVERED_WITH_NEGATIVE_OR_LIMITATION
COV-00227,physical_outer_member,90_FUENTES_INTEGRAS/GEOMETRY_OMEGA_TEORIA_COMPLETA_V1_0/GEOMETRY_OMEGA_TEORIA_COMPLETA_V1_0/09_AUDITORIAS_COMPLETAS/OMEGA_AUDITORIA_FASE_6_DOCS_51_58_HISTORICOS/03_AUDITORIAS_DOCUMENTALES/DOC_56_AUDITORIA_HISTORICA.md,.md,5057,a96d235704343530e2f49f2daa782a64c3cf44f88b1899c79cfb1ed8b907ef1a,COVERED,SOURCE_ZIP_INVENTORY_EXTRACTED_EXACT,COVERED,markdown_blocks=15,equation_catalog_occurrences_verified=0,claim_candidates_classified=8,NOT_APPLICABLE,NOT_APPLICABLE,negative_catalog_occurrences=1,True,COVERED_WITH_NEGATIVE_OR_LIMITATION
COV-00228,physical_outer_member,90_FUENTES_INTEGRAS/GEOMETRY_OMEGA_TEORIA_COMPLETA_V1_0/GEOMETRY_OMEGA_TEORIA_COMPLETA_V1_0/09_AUDITORIAS_COMPLETAS/OMEGA_AUDITORIA_FASE_6_DOCS_51_58_HISTORICOS/03_AUDITORIAS_DOCUMENTALES/DOC_57_AUDITORIA_HISTORICA.md,.md,11914,651fcfbdfa426738d4d28db7ffc78a91b4e7af887b273febbf53051327a7ecd5,COVERED,SOURCE_ZIP_INVENTORY_EXTRACTED_EXACT,COVERED,markdown_blocks=15,equation_catalog_occurrences_verified=0,claim_candidates_classified=8,NOT_APPLICABLE,NOT_APPLICABLE,negative_catalog_occurrences=1,True,COVERED_WITH_NEGATIVE_OR_LIMITATION
COV-00229,physical_outer_member,90_FUENTES_INTEGRAS/GEOMETRY_OMEGA_TEORIA_COMPLETA_V1_0/GEOMETRY_OMEGA_TEORIA_COMPLETA_V1_0/09_AUDITORIAS_COMPLETAS/OMEGA_AUDITORIA_FASE_6_DOCS_51_58_HISTORICOS/03_AUDITORIAS_DOCUMENTALES/DOC_58_AUDITORIA_HISTORICA.md,.md,7676,24ab57b0463db0c6233148e070b5055da914756dba33e0984d5d4f02f54ad60f,COVERED,SOURCE_ZIP_INVENTORY_EXTRACTED_EXACT,COVERED,markdown_blocks=15,equation_catalog_occurrences_verified=0,claim_candidates_classified=8,NOT_APPLICABLE,NOT_APPLICABLE,negative_catalog_occurrences=1,True,COVERED_WITH_NEGATIVE_OR_LIMITATION
COV-00230,physical_outer_member,90_FUENTES_INTEGRAS/GEOMETRY_OMEGA_TEORIA_COMPLETA_V1_0/GEOMETRY_OMEGA_TEORIA_COMPLETA_V1_0/09_AUDITORIAS_COMPLETAS/OMEGA_AUDITORIA_FASE_6_DOCS_51_58_HISTORICOS/04_PRUEBAS_NUMERICAS/PARAMETROS_MAESTROS_DOCS_51_58.csv,.csv,515,21f18fc737cc42f53cc464bcc719c1f464030c9e323de9e57a95e3efb837626c,COVERED,SOURCE_ZIP_INVENTORY_EXTRACTED_EXACT,COVERED,dataset_catalog_recomputed_exact,NOT_APPLICABLE,NOT_APPLICABLE,NOT_APPLICABLE,NOT_APPLICABLE,,True,COVERED
COV-00231,physical_outer_member,90_FUENTES_INTEGRAS/GEOMETRY_OMEGA_TEORIA_COMPLETA_V1_0/GEOMETRY_OMEGA_TEORIA_COMPLETA_V1_0/09_AUDITORIAS_COMPLETAS/OMEGA_AUDITORIA_FASE_6_DOCS_51_58_HISTORICOS/04_PRUEBAS_NUMERICAS/PRUEBAS_NUMERICAS_MAESTRAS_DOCS_51_58.csv,.csv,26401,23d77751136ca560290b0d535916e4abc8fe088ab7de7190ed0f80184e0c1b38,COVERED,SOURCE_ZIP_INVENTORY_EXTRACTED_EXACT,COVERED,dataset_catalog_recomputed_exact,NOT_APPLICABLE,NOT_APPLICABLE,NOT_APPLICABLE,NOT_APPLICABLE,,True,COVERED
COV-00232,physical_outer_member,90_FUENTES_INTEGRAS/GEOMETRY_OMEGA_TEORIA_COMPLETA_V1_0/GEOMETRY_OMEGA_TEORIA_COMPLETA_V1_0/09_AUDITORIAS_COMPLETAS/OMEGA_AUDITORIA_FASE_6_DOCS_51_58_HISTORICOS/05_DEPENDENCIAS/DEPENDENCIAS_DOCS_51_58.csv,.csv,705,86727ffc559c0c3c044fe87dfe90c3658983fa8937695b37a5d5f7e6b0e9fe0e,COVERED,SOURCE_ZIP_INVENTORY_EXTRACTED_EXACT,COVERED,dataset_catalog_recomputed_exact,NOT_APPLICABLE,NOT_APPLICABLE,NOT_APPLICABLE,NOT_APPLICABLE,,True,COVERED
COV-00233,physical_outer_member,90_FUENTES_INTEGRAS/GEOMETRY_OMEGA_TEORIA_COMPLETA_V1_0/GEOMETRY_OMEGA_TEORIA_COMPLETA_V1_0/09_AUDITORIAS_COMPLETAS/OMEGA_AUDITORIA_FASE_6_DOCS_51_58_HISTORICOS/06_ESTADO_CIENTIFICO/ARBOL_EVOLUTIVO_HISTORICO_DOCS_51_58.md,.md,1753,80170cc74818b5fa5f05ffff4fd89e657cd55de88946e9f1fe92dcd6d8676bc9,COVERED,SOURCE_ZIP_INVENTORY_EXTRACTED_EXACT,COVERED,markdown_blocks=5,equation_catalog_occurrences_verified=0,claim_candidates_classified=2,NOT_APPLICABLE,NOT_APPLICABLE,,True,COVERED
COV-00234,physical_outer_member,90_FUENTES_INTEGRAS/GEOMETRY_OMEGA_TEORIA_COMPLETA_V1_0/GEOMETRY_OMEGA_TEORIA_COMPLETA_V1_0/09_AUDITORIAS_COMPLETAS/OMEGA_AUDITORIA_FASE_6_DOCS_51_58_HISTORICOS/06_ESTADO_CIENTIFICO/PREGUNTAS_ABIERTAS_HISTORICAS_DOCS_51_58.csv,.csv,715,1520de7f394d173e08e826f169c40291d506a9df1b70a212bf1d92d00be75f91,COVERED,SOURCE_ZIP_INVENTORY_EXTRACTED_EXACT,COVERED,dataset_catalog_recomputed_exact,NOT_APPLICABLE,NOT_APPLICABLE,NOT_APPLICABLE,NOT_APPLICABLE,,True,COVERED
COV-00235,physical_outer_member,90_FUENTES_INTEGRAS/GEOMETRY_OMEGA_TEORIA_COMPLETA_V1_0/GEOMETRY_OMEGA_TEORIA_COMPLETA_V1_0/09_AUDITORIAS_COMPLETAS/OMEGA_AUDITORIA_FASE_6_DOCS_51_58_HISTORICOS/06_ESTADO_CIENTIFICO/RESULTADOS_HISTORICOS_Y_CORRECCIONES_DOCS_51_58.csv,.csv,845,41c6fd18e502275059694afa3642a42ec4f504c3a8f27bfb58a5f5fc83dfcaf3,COVERED,SOURCE_ZIP_INVENTORY_EXTRACTED_EXACT,COVERED,dataset_catalog_recomputed_exact,NOT_APPLICABLE,NOT_APPLICABLE,NOT_APPLICABLE,NOT_APPLICABLE,,True,COVERED
COV-00236,physical_outer_member,90_FUENTES_INTEGRAS/GEOMETRY_OMEGA_TEORIA_COMPLETA_V1_0/GEOMETRY_OMEGA_TEORIA_COMPLETA_V1_0/09_AUDITORIAS_COMPLETAS/OMEGA_AUDITORIA_FASE_6_DOCS_51_58_HISTORICOS/06_ESTADO_CIENTIFICO/SINTESIS_HISTORICA_DOCS_51_58.md,.md,1806,eec8d099735c01801f9f485dd0f5e2fc2293e33db30eb0bcd3290acbebff8406,COVERED,SOURCE_ZIP_INVENTORY_EXTRACTED_EXACT,COVERED,markdown_blocks=10,equation_catalog_occurrences_verified=0,claim_candidates_classified=6,NOT_APPLICABLE,NOT_APPLICABLE,,True,COVERED
COV-00237,physical_outer_member,90_FUENTES_INTEGRAS/GEOMETRY_OMEGA_TEORIA_COMPLETA_V1_0/GEOMETRY_OMEGA_TEORIA_COMPLETA_V1_0/09_AUDITORIAS_COMPLETAS/OMEGA_AUDITORIA_FASE_6_DOCS_51_58_HISTORICOS/07_MANIFIESTO_FUENTES/FUENTES_DATOS_51_58.csv,.csv,3868,f29bfd71add4d0e6c23777bdabfe3375a0c4e657e619387461d67b67397dd061,COVERED,SOURCE_ZIP_INVENTORY_EXTRACTED_EXACT,COVERED,dataset_catalog_recomputed_exact,NOT_APPLICABLE,NOT_APPLICABLE,NOT_APPLICABLE,NOT_APPLICABLE,,True,COVERED
COV-00238,physical_outer_member,90_FUENTES_INTEGRAS/GEOMETRY_OMEGA_TEORIA_COMPLETA_V1_0/GEOMETRY_OMEGA_TEORIA_COMPLETA_V1_0/09_AUDITORIAS_COMPLETAS/OMEGA_AUDITORIA_FASE_6_DOCS_51_58_HISTORICOS/07_MANIFIESTO_FUENTES/FUENTES_DOCUMENTOS_51_58.csv,.csv,1834,e99008f66cae8dcf8a2935b04cc1b7f74b1a5e829ccc744cc6880de98aa61d94,COVERED,SOURCE_ZIP_INVENTORY_EXTRACTED_EXACT,COVERED,dataset_catalog_recomputed_exact,NOT_APPLICABLE,NOT_APPLICABLE,NOT_APPLICABLE,NOT_APPLICABLE,,True,COVERED
COV-00239,physical_outer_member,90_FUENTES_INTEGRAS/GEOMETRY_OMEGA_TEORIA_COMPLETA_V1_0/GEOMETRY_OMEGA_TEORIA_COMPLETA_V1_0/09_AUDITORIAS_COMPLETAS/OMEGA_AUDITORIA_MODERNA_FASE_1_V61_V69/00_LEEME_AUDITORIA_MODERNA_V61_V69.md,.md,400,ff7c8e0f187df69f45ea7246d3c54d7ff7ff3477d4c3cfc3f55155ae4e0bf5dc,COVERED,SOURCE_ZIP_INVENTORY_EXTRACTED_EXACT,COVERED,markdown_blocks=4,equation_catalog_occurrences_verified=0,claim_candidates_classified=3,NOT_APPLICABLE,NOT_APPLICABLE,,True,COVERED
COV-00240,physical_outer_member,90_FUENTES_INTEGRAS/GEOMETRY_OMEGA_TEORIA_COMPLETA_V1_0/GEOMETRY_OMEGA_TEORIA_COMPLETA_V1_0/09_AUDITORIAS_COMPLETAS/OMEGA_AUDITORIA_MODERNA_FASE_1_V61_V69/01_RESUMEN_MAQUINA.json,.json,288,8c232d6704511a2d22ea65613efc0044ae1a5226b58e9da60794a101f5469c26,COVERED,SOURCE_ZIP_INVENTORY_EXTRACTED_EXACT,COVERED,json_parsed,NOT_APPLICABLE,NOT_APPLICABLE,NOT_APPLICABLE,NOT_APPLICABLE,,True,COVERED
COV-00241,physical_outer_member,90_FUENTES_INTEGRAS/GEOMETRY_OMEGA_TEORIA_COMPLETA_V1_0/GEOMETRY_OMEGA_TEORIA_COMPLETA_V1_0/09_AUDITORIAS_COMPLETAS/OMEGA_AUDITORIA_MODERNA_FASE_1_V61_V69/02_INVENTARIO_ENTREGABLE.csv,.csv,2360,2044ad19f17325923fcbdb1063ca4a93a8421df37d823536a7cfae93f98f277c,COVERED,SOURCE_ZIP_INVENTORY_EXTRACTED_EXACT,COVERED,dataset_catalog_recomputed_exact,NOT_APPLICABLE,NOT_APPLICABLE,NOT_APPLICABLE,NOT_APPLICABLE,,True,COVERED
COV-00242,physical_outer_member,90_FUENTES_INTEGRAS/GEOMETRY_OMEGA_TEORIA_COMPLETA_V1_0/GEOMETRY_OMEGA_TEORIA_COMPLETA_V1_0/09_AUDITORIAS_COMPLETAS/OMEGA_AUDITORIA_MODERNA_FASE_1_V61_V69/03_AUDITORIAS_DOCUMENTALES/V61_AUDITORIA.md,.md,1859,8373471f617babceb3d1ae89e04e9f5336fe04f5197ce9a815068045bce722d0,COVERED,SOURCE_ZIP_INVENTORY_EXTRACTED_EXACT,COVERED,markdown_blocks=12,equation_catalog_occurrences_verified=0,claim_candidates_classified=6,NOT_APPLICABLE,NOT_APPLICABLE,negative_catalog_occurrences=1,True,COVERED_WITH_NEGATIVE_OR_LIMITATION
COV-00243,physical_outer_member,90_FUENTES_INTEGRAS/GEOMETRY_OMEGA_TEORIA_COMPLETA_V1_0/GEOMETRY_OMEGA_TEORIA_COMPLETA_V1_0/09_AUDITORIAS_COMPLETAS/OMEGA_AUDITORIA_MODERNA_FASE_1_V61_V69/03_AUDITORIAS_DOCUMENTALES/V62_AUDITORIA.md,.md,1848,1732aa3456219ada8d5f21db253d34c36eca2466a641f4df3aa59d19801023e9,COVERED,SOURCE_ZIP_INVENTORY_EXTRACTED_EXACT,COVERED,markdown_blocks=12,equation_catalog_occurrences_verified=0,claim_candidates_classified=6,NOT_APPLICABLE,NOT_APPLICABLE,negative_catalog_occurrences=1,True,COVERED_WITH_NEGATIVE_OR_LIMITATION
COV-00244,physical_outer_member,90_FUENTES_INTEGRAS/GEOMETRY_OMEGA_TEORIA_COMPLETA_V1_0/GEOMETRY_OMEGA_TEORIA_COMPLETA_V1_0/09_AUDITORIAS_COMPLETAS/OMEGA_AUDITORIA_MODERNA_FASE_1_V61_V69/03_AUDITORIAS_DOCUMENTALES/V63_AUDITORIA.md,.md,2046,81b9652631396f05a425ba59c233905798a7b0c191355144520bea0c2266700d,COVERED,SOURCE_ZIP_INVENTORY_EXTRACTED_EXACT,COVERED,markdown_blocks=12,equation_catalog_occurrences_verified=0,claim_candidates_classified=6,NOT_APPLICABLE,NOT_APPLICABLE,negative_catalog_occurrences=1,True,COVERED_WITH_NEGATIVE_OR_LIMITATION
COV-00245,physical_outer_member,90_FUENTES_INTEGRAS/GEOMETRY_OMEGA_TEORIA_COMPLETA_V1_0/GEOMETRY_OMEGA_TEORIA_COMPLETA_V1_0/09_AUDITORIAS_COMPLETAS/OMEGA_AUDITORIA_MODERNA_FASE_1_V61_V69/03_AUDITORIAS_DOCUMENTALES/V64_AUDITORIA.md,.md,1767,516765253f0bde13f0bda1d6da0671c0eda145b229cb7b161fec49c195b010a9,COVERED,SOURCE_ZIP_INVENTORY_EXTRACTED_EXACT,COVERED,markdown_blocks=12,equation_catalog_occurrences_verified=0,claim_candidates_classified=6,NOT_APPLICABLE,NOT_APPLICABLE,negative_catalog_occurrences=1,True,COVERED_WITH_NEGATIVE_OR_LIMITATION
COV-00246,physical_outer_member,90_FUENTES_INTEGRAS/GEOMETRY_OMEGA_TEORIA_COMPLETA_V1_0/GEOMETRY_OMEGA_TEORIA_COMPLETA_V1_0/09_AUDITORIAS_COMPLETAS/OMEGA_AUDITORIA_MODERNA_FASE_1_V61_V69/03_AUDITORIAS_DOCUMENTALES/V65_AUDITORIA.md,.md,1818,f27ea0e9a832655428e270e2b06b643053e8b3903c1f210bfd22e0b12ede0141,COVERED,SOURCE_ZIP_INVENTORY_EXTRACTED_EXACT,COVERED,markdown_blocks=12,equation_catalog_occurrences_verified=0,claim_candidates_classified=6,NOT_APPLICABLE,NOT_APPLICABLE,negative_catalog_occurrences=1,True,COVERED_WITH_NEGATIVE_OR_LIMITATION
COV-00247,physical_outer_member,90_FUENTES_INTEGRAS/GEOMETRY_OMEGA_TEORIA_COMPLETA_V1_0/GEOMETRY_OMEGA_TEORIA_COMPLETA_V1_0/09_AUDITORIAS_COMPLETAS/OMEGA_AUDITORIA_MODERNA_FASE_1_V61_V69/03_AUDITORIAS_DOCUMENTALES/V66_AUDITORIA.md,.md,1878,73c8bb1cc72f939a7bca6845fb71fb2bf9eeeea1a7b4d343f825848d992389bc,COVERED,SOURCE_ZIP_INVENTORY_EXTRACTED_EXACT,COVERED,markdown_blocks=12,equation_catalog_occurrences_verified=0,claim_candidates_classified=6,NOT_APPLICABLE,NOT_APPLICABLE,negative_catalog_occurrences=1,True,COVERED_WITH_NEGATIVE_OR_LIMITATION
COV-00248,physical_outer_member,90_FUENTES_INTEGRAS/GEOMETRY_OMEGA_TEORIA_COMPLETA_V1_0/GEOMETRY_OMEGA_TEORIA_COMPLETA_V1_0/09_AUDITORIAS_COMPLETAS/OMEGA_AUDITORIA_MODERNA_FASE_1_V61_V69/03_AUDITORIAS_DOCUMENTALES/V67_AUDITORIA.md,.md,1917,64fe987dc357ca92617a567767ddb1a5b40c414c5714d6a1fa16a134bfa3d9ca,COVERED,SOURCE_ZIP_INVENTORY_EXTRACTED_EXACT,COVERED,markdown_blocks=12,equation_catalog_occurrences_verified=0,claim_candidates_classified=6,NOT_APPLICABLE,NOT_APPLICABLE,negative_catalog_occurrences=1,True,COVERED_WITH_NEGATIVE_OR_LIMITATION
COV-00249,physical_outer_member,90_FUENTES_INTEGRAS/GEOMETRY_OMEGA_TEORIA_COMPLETA_V1_0/GEOMETRY_OMEGA_TEORIA_COMPLETA_V1_0/09_AUDITORIAS_COMPLETAS/OMEGA_AUDITORIA_MODERNA_FASE_1_V61_V69/03_AUDITORIAS_DOCUMENTALES/V68_AUDITORIA.md,.md,1993,379c5800a8930016ef117199e911296721f884994e3b374c90393528d0f572bb,COVERED,SOURCE_ZIP_INVENTORY_EXTRACTED_EXACT,COVERED,markdown_blocks=12,equation_catalog_occurrences_verified=0,claim_candidates_classified=6,NOT_APPLICABLE,NOT_APPLICABLE,negative_catalog_occurrences=1,True,COVERED_WITH_NEGATIVE_OR_LIMITATION
COV-00250,physical_outer_member,90_FUENTES_INTEGRAS/GEOMETRY_OMEGA_TEORIA_COMPLETA_V1_0/GEOMETRY_OMEGA_TEORIA_COMPLETA_V1_0/09_AUDITORIAS_COMPLETAS/OMEGA_AUDITORIA_MODERNA_FASE_1_V61_V69/03_AUDITORIAS_DOCUMENTALES/V69_AUDITORIA.md,.md,4095,d63bd075513eb7dad938aceeecb1fbb5e2490bedba2bf792ccd51f31d120917c,COVERED,SOURCE_ZIP_INVENTORY_EXTRACTED_EXACT,COVERED,markdown_blocks=12,equation_catalog_occurrences_verified=0,claim_candidates_classified=6,NOT_APPLICABLE,NOT_APPLICABLE,negative_catalog_occurrences=1,True,COVERED_WITH_NEGATIVE_OR_LIMITATION
COV-00251,physical_outer_member,90_FUENTES_INTEGRAS/GEOMETRY_OMEGA_TEORIA_COMPLETA_V1_0/GEOMETRY_OMEGA_TEORIA_COMPLETA_V1_0/09_AUDITORIAS_COMPLETAS/OMEGA_AUDITORIA_MODERNA_FASE_1_V61_V69/04_PRUEBAS_NUMERICAS/PARAMETROS_MAESTROS_V61_V69.csv,.csv,363,3aed1608a6c546712c6f7ef3d2a4c4fdb4d854a5b4cd0aa15a1fedce7b7557b5,COVERED,SOURCE_ZIP_INVENTORY_EXTRACTED_EXACT,COVERED,dataset_catalog_recomputed_exact,NOT_APPLICABLE,NOT_APPLICABLE,NOT_APPLICABLE,NOT_APPLICABLE,,True,COVERED
COV-00252,physical_outer_member,90_FUENTES_INTEGRAS/GEOMETRY_OMEGA_TEORIA_COMPLETA_V1_0/GEOMETRY_OMEGA_TEORIA_COMPLETA_V1_0/09_AUDITORIAS_COMPLETAS/OMEGA_AUDITORIA_MODERNA_FASE_1_V61_V69/04_PRUEBAS_NUMERICAS/PRUEBAS_NUMERICAS_MAESTRAS_V61_V69.csv,.csv,15827,d37c5bb9d364281a6afec1358015a95840841318d0a5bec444bad7f91eadd738,COVERED,SOURCE_ZIP_INVENTORY_EXTRACTED_EXACT,COVERED,dataset_catalog_recomputed_exact,NOT_APPLICABLE,NOT_APPLICABLE,NOT_APPLICABLE,NOT_APPLICABLE,,True,COVERED
COV-00253,physical_outer_member,90_FUENTES_INTEGRAS/GEOMETRY_OMEGA_TEORIA_COMPLETA_V1_0/GEOMETRY_OMEGA_TEORIA_COMPLETA_V1_0/09_AUDITORIAS_COMPLETAS/OMEGA_AUDITORIA_MODERNA_FASE_1_V61_V69/05_DEPENDENCIAS/DEPENDENCIAS_V61_V69.csv,.csv,515,bc4a56a57e997e9da8b0ba9b50a0f4fd9cf33c6d5428d20561e53bfa32694322,COVERED,SOURCE_ZIP_INVENTORY_EXTRACTED_EXACT,COVERED,dataset_catalog_recomputed_exact,NOT_APPLICABLE,NOT_APPLICABLE,NOT_APPLICABLE,NOT_APPLICABLE,,True,COVERED
COV-00254,physical_outer_member,90_FUENTES_INTEGRAS/GEOMETRY_OMEGA_TEORIA_COMPLETA_V1_0/GEOMETRY_OMEGA_TEORIA_COMPLETA_V1_0/09_AUDITORIAS_COMPLETAS/OMEGA_AUDITORIA_MODERNA_FASE_1_V61_V69/06_ESTADO_CIENTIFICO/CONTINUIDAD_HACIA_V80_V90.csv,.csv,707,6f949de6fc3c27079f05481e1331662908aaac8307cc4f02adc35b78831915cb,COVERED,SOURCE_ZIP_INVENTORY_EXTRACTED_EXACT,COVERED,dataset_catalog_recomputed_exact,NOT_APPLICABLE,NOT_APPLICABLE,NOT_APPLICABLE,NOT_APPLICABLE,,True,COVERED
COV-00255,physical_outer_member,90_FUENTES_INTEGRAS/GEOMETRY_OMEGA_TEORIA_COMPLETA_V1_0/GEOMETRY_OMEGA_TEORIA_COMPLETA_V1_0/09_AUDITORIAS_COMPLETAS/OMEGA_AUDITORIA_MODERNA_FASE_1_V61_V69/06_ESTADO_CIENTIFICO/PREGUNTAS_ABIERTAS_V61_V69.csv,.csv,362,93c0eac78f2e265b000454bf837f4104a56866faf41479bf26d2ed986b8d1ecb,COVERED,SOURCE_ZIP_INVENTORY_EXTRACTED_EXACT,COVERED,dataset_catalog_recomputed_exact,NOT_APPLICABLE,NOT_APPLICABLE,NOT_APPLICABLE,NOT_APPLICABLE,,True,COVERED
COV-00256,physical_outer_member,90_FUENTES_INTEGRAS/GEOMETRY_OMEGA_TEORIA_COMPLETA_V1_0/GEOMETRY_OMEGA_TEORIA_COMPLETA_V1_0/09_AUDITORIAS_COMPLETAS/OMEGA_AUDITORIA_MODERNA_FASE_1_V61_V69/06_ESTADO_CIENTIFICO/RESULTADOS_SUPERADOS_O_REFINADOS_V61_V69.csv,.csv,583,84d0908e7b263d9c7dbf81d35b19a5bccfc6f8bb3631556ee77c76db07c099b7,COVERED,SOURCE_ZIP_INVENTORY_EXTRACTED_EXACT,COVERED,dataset_catalog_recomputed_exact,NOT_APPLICABLE,NOT_APPLICABLE,NOT_APPLICABLE,NOT_APPLICABLE,,True,COVERED
COV-00257,physical_outer_member,90_FUENTES_INTEGRAS/GEOMETRY_OMEGA_TEORIA_COMPLETA_V1_0/GEOMETRY_OMEGA_TEORIA_COMPLETA_V1_0/09_AUDITORIAS_COMPLETAS/OMEGA_AUDITORIA_MODERNA_FASE_1_V61_V69/06_ESTADO_CIENTIFICO/SINTESIS_CIENTIFICA_V61_V69.md,.md,1068,3fb158d4d4733669d1592fa63d898cf7352e7e8475ff340186667a3a2a07f47c,COVERED,SOURCE_ZIP_INVENTORY_EXTRACTED_EXACT,COVERED,markdown_blocks=6,equation_catalog_occurrences_verified=1,claim_candidates_classified=4,NOT_APPLICABLE,NOT_APPLICABLE,,True,COVERED
COV-00258,physical_outer_member,90_FUENTES_INTEGRAS/GEOMETRY_OMEGA_TEORIA_COMPLETA_V1_0/GEOMETRY_OMEGA_TEORIA_COMPLETA_V1_0/09_AUDITORIAS_COMPLETAS/OMEGA_AUDITORIA_MODERNA_FASE_1_V61_V69/07_MANIFIESTO_FUENTES/FUENTES_DATOS_V61_V69.csv,.csv,4924,8450a0ea56180031333d99974596405afa336f915c92fc7883dc0992fd0a594e,COVERED,SOURCE_ZIP_INVENTORY_EXTRACTED_EXACT,COVERED,dataset_catalog_recomputed_exact,NOT_APPLICABLE,NOT_APPLICABLE,NOT_APPLICABLE,NOT_APPLICABLE,,True,COVERED
COV-00259,physical_outer_member,90_FUENTES_INTEGRAS/GEOMETRY_OMEGA_TEORIA_COMPLETA_V1_0/GEOMETRY_OMEGA_TEORIA_COMPLETA_V1_0/09_AUDITORIAS_COMPLETAS/OMEGA_AUDITORIA_MODERNA_FASE_1_V61_V69/07_MANIFIESTO_FUENTES/FUENTES_DOCUMENTOS_V61_V69.csv,.csv,1735,d5db193fd2c13113222b53136d1c64f1280c4c4d646982a35634cf0c9e5ff987,COVERED,SOURCE_ZIP_INVENTORY_EXTRACTED_EXACT,COVERED,dataset_catalog_recomputed_exact,NOT_APPLICABLE,NOT_APPLICABLE,NOT_APPLICABLE,NOT_APPLICABLE,,True,COVERED
COV-00260,physical_outer_member,90_FUENTES_INTEGRAS/GEOMETRY_OMEGA_TEORIA_COMPLETA_V1_0/GEOMETRY_OMEGA_TEORIA_COMPLETA_V1_0/09_AUDITORIAS_COMPLETAS/OMEGA_AUDITORIA_MODERNA_FASE_2_V70_V79/00_LEEME_AUDITORIA_MODERNA_V70_V79.md,.md,788,d863c80cb9c986e926ca99d968a3c96c04988e264c82f43f56a4c19b12f81d06,COVERED,SOURCE_ZIP_INVENTORY_EXTRACTED_EXACT,COVERED,markdown_blocks=8,equation_catalog_occurrences_verified=0,claim_candidates_classified=4,NOT_APPLICABLE,NOT_APPLICABLE,,True,COVERED
COV-00261,physical_outer_member,90_FUENTES_INTEGRAS/GEOMETRY_OMEGA_TEORIA_COMPLETA_V1_0/GEOMETRY_OMEGA_TEORIA_COMPLETA_V1_0/09_AUDITORIAS_COMPLETAS/OMEGA_AUDITORIA_MODERNA_FASE_2_V70_V79/01_RESUMEN_MAQUINA.json,.json,305,cfaffd21986a538a7a2749d807f570beba211fd3d2c1865fdf2957b52b970897,COVERED,SOURCE_ZIP_INVENTORY_EXTRACTED_EXACT,COVERED,json_parsed,NOT_APPLICABLE,NOT_APPLICABLE,NOT_APPLICABLE,NOT_APPLICABLE,,True,COVERED
COV-00262,physical_outer_member,90_FUENTES_INTEGRAS/GEOMETRY_OMEGA_TEORIA_COMPLETA_V1_0/GEOMETRY_OMEGA_TEORIA_COMPLETA_V1_0/09_AUDITORIAS_COMPLETAS/OMEGA_AUDITORIA_MODERNA_FASE_2_V70_V79/02_INVENTARIO_ENTREGABLE.csv,.csv,3851,28f49666eafd5a7648ab57272e2dd5193ea5a2034a4dcaf68d0a1b2995994069,COVERED,SOURCE_ZIP_INVENTORY_EXTRACTED_EXACT,COVERED,dataset_catalog_recomputed_exact,NOT_APPLICABLE,NOT_APPLICABLE,NOT_APPLICABLE,NOT_APPLICABLE,,True,COVERED
COV-00263,physical_outer_member,90_FUENTES_INTEGRAS/GEOMETRY_OMEGA_TEORIA_COMPLETA_V1_0/GEOMETRY_OMEGA_TEORIA_COMPLETA_V1_0/09_AUDITORIAS_COMPLETAS/OMEGA_AUDITORIA_MODERNA_FASE_2_V70_V79/03_AUDITORIAS_DOCUMENTALES/V70_AUDITORIA_COMPLETA.md,.md,6244,3372d7401ead3a87c9db2680b1331101ce270f37bf1c22d3146212a10808c774,COVERED,SOURCE_ZIP_INVENTORY_EXTRACTED_EXACT,COVERED,markdown_blocks=18,equation_catalog_occurrences_verified=0,claim_candidates_classified=9,NOT_APPLICABLE,NOT_APPLICABLE,,True,COVERED
COV-00264,physical_outer_member,90_FUENTES_INTEGRAS/GEOMETRY_OMEGA_TEORIA_COMPLETA_V1_0/GEOMETRY_OMEGA_TEORIA_COMPLETA_V1_0/09_AUDITORIAS_COMPLETAS/OMEGA_AUDITORIA_MODERNA_FASE_2_V70_V79/03_AUDITORIAS_DOCUMENTALES/V71_AUDITORIA_COMPLETA.md,.md,4261,c7343b47d668cfa47f0ba285dd9292e2a252a3550b06c93e8a3fc1ff9880122b,COVERED,SOURCE_ZIP_INVENTORY_EXTRACTED_EXACT,COVERED,markdown_blocks=18,equation_catalog_occurrences_verified=0,claim_candidates_classified=9,NOT_APPLICABLE,NOT_APPLICABLE,,True,COVERED
COV-00265,physical_outer_member,90_FUENTES_INTEGRAS/GEOMETRY_OMEGA_TEORIA_COMPLETA_V1_0/GEOMETRY_OMEGA_TEORIA_COMPLETA_V1_0/09_AUDITORIAS_COMPLETAS/OMEGA_AUDITORIA_MODERNA_FASE_2_V70_V79/03_AUDITORIAS_DOCUMENTALES/V72_AUDITORIA_COMPLETA.md,.md,3557,386495b5ec10adfa8582a1c3d49c71b100d53a84fbc125a3e6c63411a6ceff70,COVERED,SOURCE_ZIP_INVENTORY_EXTRACTED_EXACT,COVERED,markdown_blocks=18,equation_catalog_occurrences_verified=0,claim_candidates_classified=9,NOT_APPLICABLE,NOT_APPLICABLE,,True,COVERED
COV-00266,physical_outer_member,90_FUENTES_INTEGRAS/GEOMETRY_OMEGA_TEORIA_COMPLETA_V1_0/GEOMETRY_OMEGA_TEORIA_COMPLETA_V1_0/09_AUDITORIAS_COMPLETAS/OMEGA_AUDITORIA_MODERNA_FASE_2_V70_V79/03_AUDITORIAS_DOCUMENTALES/V73_AUDITORIA_COMPLETA.md,.md,4183,9ed39d96d6b82845d5b55ea7d3c682ba9bf750c6a8d7256fbcd34a56ab59c420,COVERED,SOURCE_ZIP_INVENTORY_EXTRACTED_EXACT,COVERED,markdown_blocks=18,equation_catalog_occurrences_verified=0,claim_candidates_classified=9,NOT_APPLICABLE,NOT_APPLICABLE,,True,COVERED
COV-00267,physical_outer_member,90_FUENTES_INTEGRAS/GEOMETRY_OMEGA_TEORIA_COMPLETA_V1_0/GEOMETRY_OMEGA_TEORIA_COMPLETA_V1_0/09_AUDITORIAS_COMPLETAS/OMEGA_AUDITORIA_MODERNA_FASE_2_V70_V79/03_AUDITORIAS_DOCUMENTALES/V74_AUDITORIA_COMPLETA.md,.md,3982,44d57cd8dc50e112af2f8b116c282078bc3a4371e0c5fc8630e32a3648cd3c83,COVERED,SOURCE_ZIP_INVENTORY_EXTRACTED_EXACT,COVERED,markdown_blocks=18,equation_catalog_occurrences_verified=0,claim_candidates_classified=9,NOT_APPLICABLE,NOT_APPLICABLE,,True,COVERED
COV-00268,physical_outer_member,90_FUENTES_INTEGRAS/GEOMETRY_OMEGA_TEORIA_COMPLETA_V1_0/GEOMETRY_OMEGA_TEORIA_COMPLETA_V1_0/09_AUDITORIAS_COMPLETAS/OMEGA_AUDITORIA_MODERNA_FASE_2_V70_V79/03_AUDITORIAS_DOCUMENTALES/V75_AUDITORIA_COMPLETA.md,.md,4619,4eaf72f1939d3c9e38f4f861c76e8d5f8ba3cebdcf331ad149d5a818ed4563f0,COVERED,SOURCE_ZIP_INVENTORY_EXTRACTED_EXACT,COVERED,markdown_blocks=18,equation_catalog_occurrences_verified=0,claim_candidates_classified=9,NOT_APPLICABLE,NOT_APPLICABLE,,True,COVERED
COV-00269,physical_outer_member,90_FUENTES_INTEGRAS/GEOMETRY_OMEGA_TEORIA_COMPLETA_V1_0/GEOMETRY_OMEGA_TEORIA_COMPLETA_V1_0/09_AUDITORIAS_COMPLETAS/OMEGA_AUDITORIA_MODERNA_FASE_2_V70_V79/03_AUDITORIAS_DOCUMENTALES/V76_AUDITORIA_COMPLETA.md,.md,5140,03f7369ac2167a479c437f90a0dc86c5e487432f88b16ed0123c20cad8317b17,COVERED,SOURCE_ZIP_INVENTORY_EXTRACTED_EXACT,COVERED,markdown_blocks=18,equation_catalog_occurrences_verified=0,claim_candidates_classified=9,NOT_APPLICABLE,NOT_APPLICABLE,negative_catalog_occurrences=1,True,COVERED_WITH_NEGATIVE_OR_LIMITATION
COV-00270,physical_outer_member,90_FUENTES_INTEGRAS/GEOMETRY_OMEGA_TEORIA_COMPLETA_V1_0/GEOMETRY_OMEGA_TEORIA_COMPLETA_V1_0/09_AUDITORIAS_COMPLETAS/OMEGA_AUDITORIA_MODERNA_FASE_2_V70_V79/03_AUDITORIAS_DOCUMENTALES/V77_AUDITORIA_COMPLETA.md,.md,6726,ee16d2d5241e214d51999bdd8aeef02143388111e3964f6b6a6371a683ef6360,COVERED,SOURCE_ZIP_INVENTORY_EXTRACTED_EXACT,COVERED,markdown_blocks=18,equation_catalog_occurrences_verified=0,claim_candidates_classified=9,NOT_APPLICABLE,NOT_APPLICABLE,,True,COVERED
COV-00271,physical_outer_member,90_FUENTES_INTEGRAS/GEOMETRY_OMEGA_TEORIA_COMPLETA_V1_0/GEOMETRY_OMEGA_TEORIA_COMPLETA_V1_0/09_AUDITORIAS_COMPLETAS/OMEGA_AUDITORIA_MODERNA_FASE_2_V70_V79/03_AUDITORIAS_DOCUMENTALES/V78_AUDITORIA_COMPLETA.md,.md,5252,65d721f364a631a48ae34f9a8772927c5f12dedf1ea43d9f46656784d1bc2f17,COVERED,SOURCE_ZIP_INVENTORY_EXTRACTED_EXACT,COVERED,markdown_blocks=18,equation_catalog_occurrences_verified=0,claim_candidates_classified=9,NOT_APPLICABLE,NOT_APPLICABLE,,True,COVERED
COV-00272,physical_outer_member,90_FUENTES_INTEGRAS/GEOMETRY_OMEGA_TEORIA_COMPLETA_V1_0/GEOMETRY_OMEGA_TEORIA_COMPLETA_V1_0/09_AUDITORIAS_COMPLETAS/OMEGA_AUDITORIA_MODERNA_FASE_2_V70_V79/03_AUDITORIAS_DOCUMENTALES/V79_AUDITORIA_COMPLETA.md,.md,4873,98de776208524854b8cfe664cae04afc8302ee6f34964ff9e799d0a55de8d259,COVERED,SOURCE_ZIP_INVENTORY_EXTRACTED_EXACT,COVERED,markdown_blocks=18,equation_catalog_occurrences_verified=0,claim_candidates_classified=9,NOT_APPLICABLE,NOT_APPLICABLE,negative_catalog_occurrences=1,True,COVERED_WITH_NEGATIVE_OR_LIMITATION
COV-00273,physical_outer_member,90_FUENTES_INTEGRAS/GEOMETRY_OMEGA_TEORIA_COMPLETA_V1_0/GEOMETRY_OMEGA_TEORIA_COMPLETA_V1_0/09_AUDITORIAS_COMPLETAS/OMEGA_AUDITORIA_MODERNA_FASE_2_V70_V79/04_PRUEBAS_NUMERICAS/PARAMETROS_MAESTROS_V70_V79.csv,.csv,571,b7d9d02b10ed3c37e98bbdd11c9636684b075f8b5fe92bac758abc534f3711e8,COVERED,SOURCE_ZIP_INVENTORY_EXTRACTED_EXACT,COVERED,dataset_catalog_recomputed_exact,NOT_APPLICABLE,NOT_APPLICABLE,NOT_APPLICABLE,NOT_APPLICABLE,,True,COVERED
COV-00274,physical_outer_member,90_FUENTES_INTEGRAS/GEOMETRY_OMEGA_TEORIA_COMPLETA_V1_0/GEOMETRY_OMEGA_TEORIA_COMPLETA_V1_0/09_AUDITORIAS_COMPLETAS/OMEGA_AUDITORIA_MODERNA_FASE_2_V70_V79/04_PRUEBAS_NUMERICAS/PRUEBAS_NUMERICAS_MAESTRAS_V70_V79.csv,.csv,29113,a0a3507dd3afc7e113b6cca5716098d0260d014c2f0b9b822397103cc3ad0dcf,COVERED,SOURCE_ZIP_INVENTORY_EXTRACTED_EXACT,COVERED,dataset_catalog_recomputed_exact,NOT_APPLICABLE,NOT_APPLICABLE,NOT_APPLICABLE,NOT_APPLICABLE,,True,COVERED
COV-00275,physical_outer_member,90_FUENTES_INTEGRAS/GEOMETRY_OMEGA_TEORIA_COMPLETA_V1_0/GEOMETRY_OMEGA_TEORIA_COMPLETA_V1_0/09_AUDITORIAS_COMPLETAS/OMEGA_AUDITORIA_MODERNA_FASE_2_V70_V79/05_DEPENDENCIAS/DEPENDENCIAS_V70_V79.csv,.csv,812,4deb0ca9fc930f3698bc4fc7cf37202f71f04b151a9c0f22fd0d67541ce894cf,COVERED,SOURCE_ZIP_INVENTORY_EXTRACTED_EXACT,COVERED,dataset_catalog_recomputed_exact,NOT_APPLICABLE,NOT_APPLICABLE,NOT_APPLICABLE,NOT_APPLICABLE,,True,COVERED
COV-00276,physical_outer_member,90_FUENTES_INTEGRAS/GEOMETRY_OMEGA_TEORIA_COMPLETA_V1_0/GEOMETRY_OMEGA_TEORIA_COMPLETA_V1_0/09_AUDITORIAS_COMPLETAS/OMEGA_AUDITORIA_MODERNA_FASE_2_V70_V79/06_ESTADO_CIENTIFICO/EVOLUCION_ONTOLOGICA_V70_V79.csv,.csv,1115,76714c63530718195bb267f0fdc45b18e8cc974cab63422cce47964fd2c104bf,COVERED,SOURCE_ZIP_INVENTORY_EXTRACTED_EXACT,COVERED,dataset_catalog_recomputed_exact,NOT_APPLICABLE,NOT_APPLICABLE,NOT_APPLICABLE,NOT_APPLICABLE,,True,COVERED
COV-00277,physical_outer_member,90_FUENTES_INTEGRAS/GEOMETRY_OMEGA_TEORIA_COMPLETA_V1_0/GEOMETRY_OMEGA_TEORIA_COMPLETA_V1_0/09_AUDITORIAS_COMPLETAS/OMEGA_AUDITORIA_MODERNA_FASE_2_V70_V79/06_ESTADO_CIENTIFICO/PREGUNTAS_ABIERTAS_V70_V79.csv,.csv,709,d89913eda22f5337cbb70a2a71b57fd95d7550bd6b71d400b8db713b7ffe9d18,COVERED,SOURCE_ZIP_INVENTORY_EXTRACTED_EXACT,COVERED,dataset_catalog_recomputed_exact,NOT_APPLICABLE,NOT_APPLICABLE,NOT_APPLICABLE,NOT_APPLICABLE,,True,COVERED
COV-00278,physical_outer_member,90_FUENTES_INTEGRAS/GEOMETRY_OMEGA_TEORIA_COMPLETA_V1_0/GEOMETRY_OMEGA_TEORIA_COMPLETA_V1_0/09_AUDITORIAS_COMPLETAS/OMEGA_AUDITORIA_MODERNA_FASE_2_V70_V79/06_ESTADO_CIENTIFICO/RESULTADOS_SUPERADOS_O_REFINADOS_V70_V79.csv,.csv,985,e4ee80257b35071c7aaf7b019807d18a9d5651378f8d4162cf7638863c97120f,COVERED,SOURCE_ZIP_INVENTORY_EXTRACTED_EXACT,COVERED,dataset_catalog_recomputed_exact,NOT_APPLICABLE,NOT_APPLICABLE,NOT_APPLICABLE,NOT_APPLICABLE,,True,COVERED
COV-00279,physical_outer_member,90_FUENTES_INTEGRAS/GEOMETRY_OMEGA_TEORIA_COMPLETA_V1_0/GEOMETRY_OMEGA_TEORIA_COMPLETA_V1_0/09_AUDITORIAS_COMPLETAS/OMEGA_AUDITORIA_MODERNA_FASE_2_V70_V79/06_ESTADO_CIENTIFICO/SINTESIS_CIENTIFICA_V70_V79.md,.md,1824,5ddc21452e259bdb1df8f4ce03e2cd433827b9a6ee1689100125d8b5a5281055,COVERED,SOURCE_ZIP_INVENTORY_EXTRACTED_EXACT,COVERED,markdown_blocks=19,equation_catalog_occurrences_verified=5,claim_candidates_classified=9,NOT_APPLICABLE,NOT_APPLICABLE,negative_catalog_occurrences=1,True,COVERED_WITH_NEGATIVE_OR_LIMITATION
COV-00280,physical_outer_member,90_FUENTES_INTEGRAS/GEOMETRY_OMEGA_TEORIA_COMPLETA_V1_0/GEOMETRY_OMEGA_TEORIA_COMPLETA_V1_0/09_AUDITORIAS_COMPLETAS/OMEGA_AUDITORIA_MODERNA_FASE_2_V70_V79/07_MANIFIESTO_FUENTES/FUENTES_DATOS_V70_V79.csv,.csv,13302,ea5d84a2f91cc71f2ca99e5b8175e2abd68544787a7893f0cec4be3786905382,COVERED,SOURCE_ZIP_INVENTORY_EXTRACTED_EXACT,COVERED,dataset_catalog_recomputed_exact,NOT_APPLICABLE,NOT_APPLICABLE,NOT_APPLICABLE,NOT_APPLICABLE,,True,COVERED
COV-00281,physical_outer_member,90_FUENTES_INTEGRAS/GEOMETRY_OMEGA_TEORIA_COMPLETA_V1_0/GEOMETRY_OMEGA_TEORIA_COMPLETA_V1_0/09_AUDITORIAS_COMPLETAS/OMEGA_AUDITORIA_MODERNA_FASE_2_V70_V79/07_MANIFIESTO_FUENTES/FUENTES_DOCUMENTOS_V70_V79.csv,.csv,1988,40598af042c91aea2eeb1bec5c36847fcea2e82dc130158cd5bc327c829a5fe7,COVERED,SOURCE_ZIP_INVENTORY_EXTRACTED_EXACT,COVERED,dataset_catalog_recomputed_exact,NOT_APPLICABLE,NOT_APPLICABLE,NOT_APPLICABLE,NOT_APPLICABLE,,True,COVERED
COV-00282,physical_outer_member,90_FUENTES_INTEGRAS/GEOMETRY_OMEGA_TEORIA_COMPLETA_V1_0/GEOMETRY_OMEGA_TEORIA_COMPLETA_V1_0/09_AUDITORIAS_COMPLETAS/OMEGA_AUDITORIA_MODERNA_FASE_2_V70_V79/08_RESUMENES_CSV/PERFIL_ESTADISTICO_TODOS_LOS_CSV.csv,.csv,71118,f2f30d1a9bbf8632ba609d650197b198fd5534c24f64c934b0c609307869535c,COVERED,SOURCE_ZIP_INVENTORY_EXTRACTED_EXACT,COVERED,dataset_catalog_recomputed_exact,NOT_APPLICABLE,NOT_APPLICABLE,NOT_APPLICABLE,NOT_APPLICABLE,,True,COVERED
COV-00283,physical_outer_member,90_FUENTES_INTEGRAS/GEOMETRY_OMEGA_TEORIA_COMPLETA_V1_0/GEOMETRY_OMEGA_TEORIA_COMPLETA_V1_0/09_AUDITORIAS_COMPLETAS/OMEGA_AUDITORIA_MODERNA_FASE_2_V70_V79/08_RESUMENES_CSV/V70_RESUMEN_CSV.md,.md,18102,baac9bd54670c97b3496ee20cb51f2caa27ce01b6b4910379fd346ca7f0bc646,COVERED,SOURCE_ZIP_INVENTORY_EXTRACTED_EXACT,COVERED,markdown_blocks=29,equation_catalog_occurrences_verified=0,claim_candidates_classified=14,NOT_APPLICABLE,NOT_APPLICABLE,,True,COVERED
COV-00284,physical_outer_member,90_FUENTES_INTEGRAS/GEOMETRY_OMEGA_TEORIA_COMPLETA_V1_0/GEOMETRY_OMEGA_TEORIA_COMPLETA_V1_0/09_AUDITORIAS_COMPLETAS/OMEGA_AUDITORIA_MODERNA_FASE_2_V70_V79/08_RESUMENES_CSV/V71_RESUMEN_CSV.md,.md,18397,fbd399b0faf0a2aff8a91554654566b4f32516f1c75440b241443aab608ae994,COVERED,SOURCE_ZIP_INVENTORY_EXTRACTED_EXACT,COVERED,markdown_blocks=25,equation_catalog_occurrences_verified=0,claim_candidates_classified=12,NOT_APPLICABLE,NOT_APPLICABLE,,True,COVERED
COV-00285,physical_outer_member,90_FUENTES_INTEGRAS/GEOMETRY_OMEGA_TEORIA_COMPLETA_V1_0/GEOMETRY_OMEGA_TEORIA_COMPLETA_V1_0/09_AUDITORIAS_COMPLETAS/OMEGA_AUDITORIA_MODERNA_FASE_2_V70_V79/08_RESUMENES_CSV/V72_RESUMEN_CSV.md,.md,2238,e0a4702ecd21c3b606f7f789bc82e8839093ec54fc59048a058be32794d6a56d,COVERED,SOURCE_ZIP_INVENTORY_EXTRACTED_EXACT,COVERED,markdown_blocks=13,equation_catalog_occurrences_verified=0,claim_candidates_classified=6,NOT_APPLICABLE,NOT_APPLICABLE,,True,COVERED
COV-00286,physical_outer_member,90_FUENTES_INTEGRAS/GEOMETRY_OMEGA_TEORIA_COMPLETA_V1_0/GEOMETRY_OMEGA_TEORIA_COMPLETA_V1_0/09_AUDITORIAS_COMPLETAS/OMEGA_AUDITORIA_MODERNA_FASE_2_V70_V79/08_RESUMENES_CSV/V73_RESUMEN_CSV.md,.md,8228,d141bb365b20c7df76bc9a6744e6fb8934d34f2f181f0e15f20f3a99b1cb1bbb,COVERED,SOURCE_ZIP_INVENTORY_EXTRACTED_EXACT,COVERED,markdown_blocks=25,equation_catalog_occurrences_verified=0,claim_candidates_classified=12,NOT_APPLICABLE,NOT_APPLICABLE,,True,COVERED
COV-00287,physical_outer_member,90_FUENTES_INTEGRAS/GEOMETRY_OMEGA_TEORIA_COMPLETA_V1_0/GEOMETRY_OMEGA_TEORIA_COMPLETA_V1_0/09_AUDITORIAS_COMPLETAS/OMEGA_AUDITORIA_MODERNA_FASE_2_V70_V79/08_RESUMENES_CSV/V74_RESUMEN_CSV.md,.md,4484,9357f762744ebe9dfd75ef8d00f808d596bdbbfe3547243d0d7d7b4462b5ee48,COVERED,SOURCE_ZIP_INVENTORY_EXTRACTED_EXACT,COVERED,markdown_blocks=13,equation_catalog_occurrences_verified=0,claim_candidates_classified=6,NOT_APPLICABLE,NOT_APPLICABLE,,True,COVERED
COV-00288,physical_outer_member,90_FUENTES_INTEGRAS/GEOMETRY_OMEGA_TEORIA_COMPLETA_V1_0/GEOMETRY_OMEGA_TEORIA_COMPLETA_V1_0/09_AUDITORIAS_COMPLETAS/OMEGA_AUDITORIA_MODERNA_FASE_2_V70_V79/08_RESUMENES_CSV/V75_RESUMEN_CSV.md,.md,6114,29118960e135ea208745321ab1db0473e9b79d6306515f281c0ec4f44d7a84dd,COVERED,SOURCE_ZIP_INVENTORY_EXTRACTED_EXACT,COVERED,markdown_blocks=17,equation_catalog_occurrences_verified=0,claim_candidates_classified=8,NOT_APPLICABLE,NOT_APPLICABLE,,True,COVERED
COV-00289,physical_outer_member,90_FUENTES_INTEGRAS/GEOMETRY_OMEGA_TEORIA_COMPLETA_V1_0/GEOMETRY_OMEGA_TEORIA_COMPLETA_V1_0/09_AUDITORIAS_COMPLETAS/OMEGA_AUDITORIA_MODERNA_FASE_2_V70_V79/08_RESUMENES_CSV/V76_RESUMEN_CSV.md,.md,10644,aa461d664438d3edb90ee0f12c051ba22371088e6f081c8d80406992f2f98599,COVERED,SOURCE_ZIP_INVENTORY_EXTRACTED_EXACT,COVERED,markdown_blocks=21,equation_catalog_occurrences_verified=0,claim_candidates_classified=10,NOT_APPLICABLE,NOT_APPLICABLE,,True,COVERED
COV-00290,physical_outer_member,90_FUENTES_INTEGRAS/GEOMETRY_OMEGA_TEORIA_COMPLETA_V1_0/GEOMETRY_OMEGA_TEORIA_COMPLETA_V1_0/09_AUDITORIAS_COMPLETAS/OMEGA_AUDITORIA_MODERNA_FASE_2_V70_V79/08_RESUMENES_CSV/V77_RESUMEN_CSV.md,.md,9375,ad117df3f24fe6cc46802383b8cdd78876084d6a390e38005ac249df772226ac,COVERED,SOURCE_ZIP_INVENTORY_EXTRACTED_EXACT,COVERED,markdown_blocks=25,equation_catalog_occurrences_verified=0,claim_candidates_classified=12,NOT_APPLICABLE,NOT_APPLICABLE,,True,COVERED
COV-00291,physical_outer_member,90_FUENTES_INTEGRAS/GEOMETRY_OMEGA_TEORIA_COMPLETA_V1_0/GEOMETRY_OMEGA_TEORIA_COMPLETA_V1_0/09_AUDITORIAS_COMPLETAS/OMEGA_AUDITORIA_MODERNA_FASE_2_V70_V79/08_RESUMENES_CSV/V78_RESUMEN_CSV.md,.md,6469,35ed3802d3196155dfb48c757d25ca359a136d6b34ac901350a939aafaa63220,COVERED,SOURCE_ZIP_INVENTORY_EXTRACTED_EXACT,COVERED,markdown_blocks=17,equation_catalog_occurrences_verified=0,claim_candidates_classified=8,NOT_APPLICABLE,NOT_APPLICABLE,,True,COVERED
COV-00292,physical_outer_member,90_FUENTES_INTEGRAS/GEOMETRY_OMEGA_TEORIA_COMPLETA_V1_0/GEOMETRY_OMEGA_TEORIA_COMPLETA_V1_0/09_AUDITORIAS_COMPLETAS/OMEGA_AUDITORIA_MODERNA_FASE_2_V70_V79/08_RESUMENES_CSV/V79_RESUMEN_CSV.md,.md,7117,62c964d368c30c48c195796e1aa60d900c21ffeb6aac8165f8a92201123b11a2,COVERED,SOURCE_ZIP_INVENTORY_EXTRACTED_EXACT,COVERED,markdown_blocks=13,equation_catalog_occurrences_verified=0,claim_candidates_classified=6,NOT_APPLICABLE,NOT_APPLICABLE,,True,COVERED
COV-00293,physical_outer_member,90_FUENTES_INTEGRAS/GEOMETRY_OMEGA_TEORIA_COMPLETA_V1_0/GEOMETRY_OMEGA_TEORIA_COMPLETA_V1_0/09_AUDITORIAS_COMPLETAS/OMEGA_AUDITORIA_MODERNA_FASE_2_V70_V79/09_ARCHIVOS_RESTANTES.md,.md,376,687de57e4558a49bfb1718d1423f2968af76e06b29bd8909629a3c10309a34c4,COVERED,SOURCE_ZIP_INVENTORY_EXTRACTED_EXACT,COVERED,markdown_blocks=3,equation_catalog_occurrences_verified=0,claim_candidates_classified=2,NOT_APPLICABLE,NOT_APPLICABLE,,True,COVERED
COV-00294,physical_outer_member,90_FUENTES_INTEGRAS/GEOMETRY_OMEGA_TEORIA_COMPLETA_V1_0/GEOMETRY_OMEGA_TEORIA_COMPLETA_V1_0/09_AUDITORIAS_COMPLETAS/OMEGA_AUDITORIA_MODERNA_FASE_3_V80_V86/00_LEEME_AUDITORIA_MODERNA_V80_V86.md,.md,696,56317c870b6a1d6c40ab3846649cc4213d7962c0d1b9799e38449268b5f14a4d,COVERED,SOURCE_ZIP_INVENTORY_EXTRACTED_EXACT,COVERED,markdown_blocks=6,equation_catalog_occurrences_verified=0,claim_candidates_classified=3,NOT_APPLICABLE,NOT_APPLICABLE,,True,COVERED
COV-00295,physical_outer_member,90_FUENTES_INTEGRAS/GEOMETRY_OMEGA_TEORIA_COMPLETA_V1_0/GEOMETRY_OMEGA_TEORIA_COMPLETA_V1_0/09_AUDITORIAS_COMPLETAS/OMEGA_AUDITORIA_MODERNA_FASE_3_V80_V86/01_RESUMEN_MAQUINA.json,.json,688,793bf4500948aeb64dc1876fb1a91ebbcd6e2a92914bd97a8d3dd4ef4ee5a4a1,COVERED,SOURCE_ZIP_INVENTORY_EXTRACTED_EXACT,COVERED,json_parsed,NOT_APPLICABLE,NOT_APPLICABLE,NOT_APPLICABLE,NOT_APPLICABLE,,True,COVERED
COV-00296,physical_outer_member,90_FUENTES_INTEGRAS/GEOMETRY_OMEGA_TEORIA_COMPLETA_V1_0/GEOMETRY_OMEGA_TEORIA_COMPLETA_V1_0/09_AUDITORIAS_COMPLETAS/OMEGA_AUDITORIA_MODERNA_FASE_3_V80_V86/02_INVENTARIO_ENTREGABLE.csv,.csv,3065,ce138321f89eecabc7c68654c300ca61049917401c7dd2763e51b5aaa7da04b2,COVERED,SOURCE_ZIP_INVENTORY_EXTRACTED_EXACT,COVERED,dataset_catalog_recomputed_exact,NOT_APPLICABLE,NOT_APPLICABLE,NOT_APPLICABLE,NOT_APPLICABLE,,True,COVERED
COV-00297,physical_outer_member,90_FUENTES_INTEGRAS/GEOMETRY_OMEGA_TEORIA_COMPLETA_V1_0/GEOMETRY_OMEGA_TEORIA_COMPLETA_V1_0/09_AUDITORIAS_COMPLETAS/OMEGA_AUDITORIA_MODERNA_FASE_3_V80_V86/03_AUDITORIAS_DOCUMENTALES/V80_AUDITORIA_COMPLETA.md,.md,7363,047b8c977026938d4c3f9fea27e3d1ec487452bbdc92547088bc630d004c93aa,COVERED,SOURCE_ZIP_INVENTORY_EXTRACTED_EXACT,COVERED,markdown_blocks=18,equation_catalog_occurrences_verified=0,claim_candidates_classified=9,NOT_APPLICABLE,NOT_APPLICABLE,,True,COVERED
COV-00298,physical_outer_member,90_FUENTES_INTEGRAS/GEOMETRY_OMEGA_TEORIA_COMPLETA_V1_0/GEOMETRY_OMEGA_TEORIA_COMPLETA_V1_0/09_AUDITORIAS_COMPLETAS/OMEGA_AUDITORIA_MODERNA_FASE_3_V80_V86/03_AUDITORIAS_DOCUMENTALES/V81_AUDITORIA_COMPLETA.md,.md,5865,a688667c9e302b421ec0b6751ff9cfe3bef15ab88f14bccc36f6bbf84f5582aa,COVERED,SOURCE_ZIP_INVENTORY_EXTRACTED_EXACT,COVERED,markdown_blocks=18,equation_catalog_occurrences_verified=0,claim_candidates_classified=9,NOT_APPLICABLE,NOT_APPLICABLE,negative_catalog_occurrences=1,True,COVERED_WITH_NEGATIVE_OR_LIMITATION
COV-00299,physical_outer_member,90_FUENTES_INTEGRAS/GEOMETRY_OMEGA_TEORIA_COMPLETA_V1_0/GEOMETRY_OMEGA_TEORIA_COMPLETA_V1_0/09_AUDITORIAS_COMPLETAS/OMEGA_AUDITORIA_MODERNA_FASE_3_V80_V86/03_AUDITORIAS_DOCUMENTALES/V82_AUDITORIA_COMPLETA.md,.md,9201,c5b63e9bc3e6694bcce49d38a17c2ae7a65d549a0eca688267fa99c19834ae0b,COVERED,SOURCE_ZIP_INVENTORY_EXTRACTED_EXACT,COVERED,markdown_blocks=18,equation_catalog_occurrences_verified=0,claim_candidates_classified=9,NOT_APPLICABLE,NOT_APPLICABLE,,True,COVERED
COV-00300,physical_outer_member,90_FUENTES_INTEGRAS/GEOMETRY_OMEGA_TEORIA_COMPLETA_V1_0/GEOMETRY_OMEGA_TEORIA_COMPLETA_V1_0/09_AUDITORIAS_COMPLETAS/OMEGA_AUDITORIA_MODERNA_FASE_3_V80_V86/03_AUDITORIAS_DOCUMENTALES/V83_AUDITORIA_COMPLETA.md,.md,4863,9c92285b498769566688d7cd4a600009e4c9df542d1760d3629dcf59fd599c99,COVERED,SOURCE_ZIP_INVENTORY_EXTRACTED_EXACT,COVERED,markdown_blocks=18,equation_catalog_occurrences_verified=0,claim_candidates_classified=9,NOT_APPLICABLE,NOT_APPLICABLE,,True,COVERED
COV-00301,physical_outer_member,90_FUENTES_INTEGRAS/GEOMETRY_OMEGA_TEORIA_COMPLETA_V1_0/GEOMETRY_OMEGA_TEORIA_COMPLETA_V1_0/09_AUDITORIAS_COMPLETAS/OMEGA_AUDITORIA_MODERNA_FASE_3_V80_V86/03_AUDITORIAS_DOCUMENTALES/V84_AUDITORIA_COMPLETA.md,.md,5049,031d3dc89136ec2b7f65a17a917a0ecdee3df9cafa3178868a30fa4b4ae13b6d,COVERED,SOURCE_ZIP_INVENTORY_EXTRACTED_EXACT,COVERED,markdown_blocks=18,equation_catalog_occurrences_verified=0,claim_candidates_classified=9,NOT_APPLICABLE,NOT_APPLICABLE,,True,COVERED
COV-00302,physical_outer_member,90_FUENTES_INTEGRAS/GEOMETRY_OMEGA_TEORIA_COMPLETA_V1_0/GEOMETRY_OMEGA_TEORIA_COMPLETA_V1_0/09_AUDITORIAS_COMPLETAS/OMEGA_AUDITORIA_MODERNA_FASE_3_V80_V86/03_AUDITORIAS_DOCUMENTALES/V85_AUDITORIA_COMPLETA.md,.md,4756,b9bd0facb1afec785f23b16a286ab8d8e94b8d902768c56c310db86eabdfb088,COVERED,SOURCE_ZIP_INVENTORY_EXTRACTED_EXACT,COVERED,markdown_blocks=18,equation_catalog_occurrences_verified=0,claim_candidates_classified=9,NOT_APPLICABLE,NOT_APPLICABLE,,True,COVERED
COV-00303,physical_outer_member,90_FUENTES_INTEGRAS/GEOMETRY_OMEGA_TEORIA_COMPLETA_V1_0/GEOMETRY_OMEGA_TEORIA_COMPLETA_V1_0/09_AUDITORIAS_COMPLETAS/OMEGA_AUDITORIA_MODERNA_FASE_3_V80_V86/03_AUDITORIAS_DOCUMENTALES/V86_AUDITORIA_COMPLETA.md,.md,16732,d7b122646ae00384c4d866c906cdc80e8c9dcabca30d83d258a5be9efc0c586e,COVERED,SOURCE_ZIP_INVENTORY_EXTRACTED_EXACT,COVERED,markdown_blocks=18,equation_catalog_occurrences_verified=0,claim_candidates_classified=9,NOT_APPLICABLE,NOT_APPLICABLE,,True,COVERED
COV-00304,physical_outer_member,90_FUENTES_INTEGRAS/GEOMETRY_OMEGA_TEORIA_COMPLETA_V1_0/GEOMETRY_OMEGA_TEORIA_COMPLETA_V1_0/09_AUDITORIAS_COMPLETAS/OMEGA_AUDITORIA_MODERNA_FASE_3_V80_V86/04_PRUEBAS_NUMERICAS/PARAMETROS_MAESTROS_V80_V86.csv,.csv,518,372d3d192e0469db35bb554ffca974075e853b5f3173a5ba3c04a12dca7d0339,COVERED,SOURCE_ZIP_INVENTORY_EXTRACTED_EXACT,COVERED,dataset_catalog_recomputed_exact,NOT_APPLICABLE,NOT_APPLICABLE,NOT_APPLICABLE,NOT_APPLICABLE,,True,COVERED
COV-00305,physical_outer_member,90_FUENTES_INTEGRAS/GEOMETRY_OMEGA_TEORIA_COMPLETA_V1_0/GEOMETRY_OMEGA_TEORIA_COMPLETA_V1_0/09_AUDITORIAS_COMPLETAS/OMEGA_AUDITORIA_MODERNA_FASE_3_V80_V86/04_PRUEBAS_NUMERICAS/PRUEBAS_NUMERICAS_MAESTRAS_V80_V86.csv,.csv,31433,609be5d59d91229d1d4a048af0f3fab099042ec927e4d43e5738907059a02e11,COVERED,SOURCE_ZIP_INVENTORY_EXTRACTED_EXACT,COVERED,dataset_catalog_recomputed_exact,NOT_APPLICABLE,NOT_APPLICABLE,NOT_APPLICABLE,NOT_APPLICABLE,,True,COVERED
COV-00306,physical_outer_member,90_FUENTES_INTEGRAS/GEOMETRY_OMEGA_TEORIA_COMPLETA_V1_0/GEOMETRY_OMEGA_TEORIA_COMPLETA_V1_0/09_AUDITORIAS_COMPLETAS/OMEGA_AUDITORIA_MODERNA_FASE_3_V80_V86/05_DEPENDENCIAS/DEPENDENCIAS_V80_V86.csv,.csv,671,9ef749e64c168a15de56796ee19b1e913874d57bd1c09149a864fcc91bf29da3,COVERED,SOURCE_ZIP_INVENTORY_EXTRACTED_EXACT,COVERED,dataset_catalog_recomputed_exact,NOT_APPLICABLE,NOT_APPLICABLE,NOT_APPLICABLE,NOT_APPLICABLE,,True,COVERED
COV-00307,physical_outer_member,90_FUENTES_INTEGRAS/GEOMETRY_OMEGA_TEORIA_COMPLETA_V1_0/GEOMETRY_OMEGA_TEORIA_COMPLETA_V1_0/09_AUDITORIAS_COMPLETAS/OMEGA_AUDITORIA_MODERNA_FASE_3_V80_V86/06_ESTADO_CIENTIFICO/CONTINUIDAD_HACIA_V87_V90.csv,.csv,833,b69025408fa08c455903a863e0b03dcfff608bf91d8ebf9c412e04ffdeee6f90,COVERED,SOURCE_ZIP_INVENTORY_EXTRACTED_EXACT,COVERED,dataset_catalog_recomputed_exact,NOT_APPLICABLE,NOT_APPLICABLE,NOT_APPLICABLE,NOT_APPLICABLE,,True,COVERED
COV-00308,physical_outer_member,90_FUENTES_INTEGRAS/GEOMETRY_OMEGA_TEORIA_COMPLETA_V1_0/GEOMETRY_OMEGA_TEORIA_COMPLETA_V1_0/09_AUDITORIAS_COMPLETAS/OMEGA_AUDITORIA_MODERNA_FASE_3_V80_V86/06_ESTADO_CIENTIFICO/PREGUNTAS_ABIERTAS_V80_V86.csv,.csv,841,88d74f34c0a877f1d1143f0bcfffefb04e5fe3b50ae2714d2c1cb81eb1aef193,COVERED,SOURCE_ZIP_INVENTORY_EXTRACTED_EXACT,COVERED,dataset_catalog_recomputed_exact,NOT_APPLICABLE,NOT_APPLICABLE,NOT_APPLICABLE,NOT_APPLICABLE,,True,COVERED
COV-00309,physical_outer_member,90_FUENTES_INTEGRAS/GEOMETRY_OMEGA_TEORIA_COMPLETA_V1_0/GEOMETRY_OMEGA_TEORIA_COMPLETA_V1_0/09_AUDITORIAS_COMPLETAS/OMEGA_AUDITORIA_MODERNA_FASE_3_V80_V86/06_ESTADO_CIENTIFICO/RESULTADOS_SUPERADOS_O_REFINADOS_V80_V86.csv,.csv,947,6f44d43497de8d3e8c355f9b2bbfc222b2937b82b1690f7c9686190d37ea65c8,COVERED,SOURCE_ZIP_INVENTORY_EXTRACTED_EXACT,COVERED,dataset_catalog_recomputed_exact,NOT_APPLICABLE,NOT_APPLICABLE,NOT_APPLICABLE,NOT_APPLICABLE,,True,COVERED
COV-00310,physical_outer_member,90_FUENTES_INTEGRAS/GEOMETRY_OMEGA_TEORIA_COMPLETA_V1_0/GEOMETRY_OMEGA_TEORIA_COMPLETA_V1_0/09_AUDITORIAS_COMPLETAS/OMEGA_AUDITORIA_MODERNA_FASE_3_V80_V86/06_ESTADO_CIENTIFICO/SINTESIS_CIENTIFICA_V80_V86.md,.md,2162,0577771c11526073bc8f1ab8a20d00abaf70179c5b71f512f6faffbbf2aa4c4f,COVERED,SOURCE_ZIP_INVENTORY_EXTRACTED_EXACT,COVERED,markdown_blocks=11,equation_catalog_occurrences_verified=1,claim_candidates_classified=4,NOT_APPLICABLE,NOT_APPLICABLE,negative_catalog_occurrences=1,True,COVERED_WITH_NEGATIVE_OR_LIMITATION
COV-00311,physical_outer_member,90_FUENTES_INTEGRAS/GEOMETRY_OMEGA_TEORIA_COMPLETA_V1_0/GEOMETRY_OMEGA_TEORIA_COMPLETA_V1_0/09_AUDITORIAS_COMPLETAS/OMEGA_AUDITORIA_MODERNA_FASE_3_V80_V86/07_MANIFIESTO_FUENTES/FUENTES_DATOS_V80_V86.csv,.csv,10963,be94906394318a18725a7fc67b49c67cbea87afbe52746523330566a919606cc,COVERED,SOURCE_ZIP_INVENTORY_EXTRACTED_EXACT,COVERED,dataset_catalog_recomputed_exact,NOT_APPLICABLE,NOT_APPLICABLE,NOT_APPLICABLE,NOT_APPLICABLE,,True,COVERED
COV-00312,physical_outer_member,90_FUENTES_INTEGRAS/GEOMETRY_OMEGA_TEORIA_COMPLETA_V1_0/GEOMETRY_OMEGA_TEORIA_COMPLETA_V1_0/09_AUDITORIAS_COMPLETAS/OMEGA_AUDITORIA_MODERNA_FASE_3_V80_V86/07_MANIFIESTO_FUENTES/FUENTES_DOCUMENTOS_V80_V86.csv,.csv,1421,c0a411d366d1202768ac2c05d39c19c6b850b933e53f9f99370df325b0ac0b25,COVERED,SOURCE_ZIP_INVENTORY_EXTRACTED_EXACT,COVERED,dataset_catalog_recomputed_exact,NOT_APPLICABLE,NOT_APPLICABLE,NOT_APPLICABLE,NOT_APPLICABLE,,True,COVERED
COV-00313,physical_outer_member,90_FUENTES_INTEGRAS/GEOMETRY_OMEGA_TEORIA_COMPLETA_V1_0/GEOMETRY_OMEGA_TEORIA_COMPLETA_V1_0/09_AUDITORIAS_COMPLETAS/OMEGA_AUDITORIA_MODERNA_FASE_3_V80_V86/08_RESUMENES_CSV/PERFIL_ESTADISTICO_TODOS_LOS_CSV.csv,.csv,40679,b17e065511f6c856f76fc9be3e2135ddb635df828e19ce10817b0b060f64e6bd,COVERED,SOURCE_ZIP_INVENTORY_EXTRACTED_EXACT,COVERED,dataset_catalog_recomputed_exact,NOT_APPLICABLE,NOT_APPLICABLE,NOT_APPLICABLE,NOT_APPLICABLE,,True,COVERED
COV-00314,physical_outer_member,90_FUENTES_INTEGRAS/GEOMETRY_OMEGA_TEORIA_COMPLETA_V1_0/GEOMETRY_OMEGA_TEORIA_COMPLETA_V1_0/09_AUDITORIAS_COMPLETAS/OMEGA_AUDITORIA_MODERNA_FASE_3_V80_V86/08_RESUMENES_CSV/V80_RESUMEN_CSV.md,.md,7082,71ccf53d18facb427a9e77faef1d424f1842ae4f1d4fcaf3719292f56809f723,COVERED,SOURCE_ZIP_INVENTORY_EXTRACTED_EXACT,COVERED,markdown_blocks=13,equation_catalog_occurrences_verified=0,claim_candidates_classified=0,NOT_APPLICABLE,NOT_APPLICABLE,,True,COVERED
COV-00315,physical_outer_member,90_FUENTES_INTEGRAS/GEOMETRY_OMEGA_TEORIA_COMPLETA_V1_0/GEOMETRY_OMEGA_TEORIA_COMPLETA_V1_0/09_AUDITORIAS_COMPLETAS/OMEGA_AUDITORIA_MODERNA_FASE_3_V80_V86/08_RESUMENES_CSV/V81_RESUMEN_CSV.md,.md,6853,809e08378e82e846bb91913fdd9d812f32e10307be9d7bfc7440ac97fe6a15da,COVERED,SOURCE_ZIP_INVENTORY_EXTRACTED_EXACT,COVERED,markdown_blocks=11,equation_catalog_occurrences_verified=0,claim_candidates_classified=0,NOT_APPLICABLE,NOT_APPLICABLE,,True,COVERED
COV-00316,physical_outer_member,90_FUENTES_INTEGRAS/GEOMETRY_OMEGA_TEORIA_COMPLETA_V1_0/GEOMETRY_OMEGA_TEORIA_COMPLETA_V1_0/09_AUDITORIAS_COMPLETAS/OMEGA_AUDITORIA_MODERNA_FASE_3_V80_V86/08_RESUMENES_CSV/V82_RESUMEN_CSV.md,.md,9422,cb84d52063b470ecd77aee53c8898ed44bc2125d297ae21757a67bd465da30ca,COVERED,SOURCE_ZIP_INVENTORY_EXTRACTED_EXACT,COVERED,markdown_blocks=19,equation_catalog_occurrences_verified=0,claim_candidates_classified=0,NOT_APPLICABLE,NOT_APPLICABLE,,True,COVERED
COV-00317,physical_outer_member,90_FUENTES_INTEGRAS/GEOMETRY_OMEGA_TEORIA_COMPLETA_V1_0/GEOMETRY_OMEGA_TEORIA_COMPLETA_V1_0/09_AUDITORIAS_COMPLETAS/OMEGA_AUDITORIA_MODERNA_FASE_3_V80_V86/08_RESUMENES_CSV/V83_RESUMEN_CSV.md,.md,7395,6efca7443dd83ccb2dd645b38b1e16785d14fb9c5979d86d35146c39863b098d,COVERED,SOURCE_ZIP_INVENTORY_EXTRACTED_EXACT,COVERED,markdown_blocks=13,equation_catalog_occurrences_verified=0,claim_candidates_classified=0,NOT_APPLICABLE,NOT_APPLICABLE,,True,COVERED
COV-00318,physical_outer_member,90_FUENTES_INTEGRAS/GEOMETRY_OMEGA_TEORIA_COMPLETA_V1_0/GEOMETRY_OMEGA_TEORIA_COMPLETA_V1_0/09_AUDITORIAS_COMPLETAS/OMEGA_AUDITORIA_MODERNA_FASE_3_V80_V86/08_RESUMENES_CSV/V84_RESUMEN_CSV.md,.md,6039,ea5c5a90b18d326b449436dfaa6b1ef776d7420897a1ebb854879a6efb5e2968,COVERED,SOURCE_ZIP_INVENTORY_EXTRACTED_EXACT,COVERED,markdown_blocks=13,equation_catalog_occurrences_verified=0,claim_candidates_classified=0,NOT_APPLICABLE,NOT_APPLICABLE,,True,COVERED
COV-00319,physical_outer_member,90_FUENTES_INTEGRAS/GEOMETRY_OMEGA_TEORIA_COMPLETA_V1_0/GEOMETRY_OMEGA_TEORIA_COMPLETA_V1_0/09_AUDITORIAS_COMPLETAS/OMEGA_AUDITORIA_MODERNA_FASE_3_V80_V86/08_RESUMENES_CSV/V85_RESUMEN_CSV.md,.md,8095,68633fc13db890e0df9447d8dd9b324acf53e8316bffef2f99ead4e6cdcc16dd,COVERED,SOURCE_ZIP_INVENTORY_EXTRACTED_EXACT,COVERED,markdown_blocks=19,equation_catalog_occurrences_verified=0,claim_candidates_classified=0,NOT_APPLICABLE,NOT_APPLICABLE,,True,COVERED
COV-00320,physical_outer_member,90_FUENTES_INTEGRAS/GEOMETRY_OMEGA_TEORIA_COMPLETA_V1_0/GEOMETRY_OMEGA_TEORIA_COMPLETA_V1_0/09_AUDITORIAS_COMPLETAS/OMEGA_AUDITORIA_MODERNA_FASE_3_V80_V86/08_RESUMENES_CSV/V86_RESUMEN_CSV.md,.md,11740,2ac3ab6a4d462987df66175d1bcd3dc7fab051ea100efb3720a7dd0dafc869ec,COVERED,SOURCE_ZIP_INVENTORY_EXTRACTED_EXACT,COVERED,markdown_blocks=23,equation_catalog_occurrences_verified=0,claim_candidates_classified=0,NOT_APPLICABLE,NOT_APPLICABLE,,True,COVERED
COV-00321,physical_outer_member,90_FUENTES_INTEGRAS/GEOMETRY_OMEGA_TEORIA_COMPLETA_V1_0/GEOMETRY_OMEGA_TEORIA_COMPLETA_V1_0/09_AUDITORIAS_COMPLETAS/OMEGA_AUDITORIA_MODERNA_FINAL_V83_V90/00_LEEME_AUDITORIA_FINAL_V83_V90.md,.md,417,4f7e550febea4030c4734eee49e5353a358175194f66ef8d036b83f22976c457,COVERED,SOURCE_ZIP_INVENTORY_EXTRACTED_EXACT,COVERED,markdown_blocks=4,equation_catalog_occurrences_verified=0,claim_candidates_classified=3,NOT_APPLICABLE,NOT_APPLICABLE,,True,COVERED
COV-00322,physical_outer_member,90_FUENTES_INTEGRAS/GEOMETRY_OMEGA_TEORIA_COMPLETA_V1_0/GEOMETRY_OMEGA_TEORIA_COMPLETA_V1_0/09_AUDITORIAS_COMPLETAS/OMEGA_AUDITORIA_MODERNA_FINAL_V83_V90/01_RESUMEN_MAQUINA.json,.json,463,2e77f9f579db0e51990a6d2a9010025f58eadde061c22da982575ac1c3057fad,COVERED,SOURCE_ZIP_INVENTORY_EXTRACTED_EXACT,COVERED,json_parsed,NOT_APPLICABLE,NOT_APPLICABLE,NOT_APPLICABLE,NOT_APPLICABLE,,True,COVERED
COV-00323,physical_outer_member,90_FUENTES_INTEGRAS/GEOMETRY_OMEGA_TEORIA_COMPLETA_V1_0/GEOMETRY_OMEGA_TEORIA_COMPLETA_V1_0/09_AUDITORIAS_COMPLETAS/OMEGA_AUDITORIA_MODERNA_FINAL_V83_V90/02_INVENTARIO_ENTREGABLE.csv,.csv,3408,02bf89bdc4b8a5c9a7b5893564ee0278e5f31b2294a3c5344123774d16c2927d,COVERED,SOURCE_ZIP_INVENTORY_EXTRACTED_EXACT,COVERED,dataset_catalog_recomputed_exact,NOT_APPLICABLE,NOT_APPLICABLE,NOT_APPLICABLE,NOT_APPLICABLE,,True,COVERED
COV-00324,physical_outer_member,90_FUENTES_INTEGRAS/GEOMETRY_OMEGA_TEORIA_COMPLETA_V1_0/GEOMETRY_OMEGA_TEORIA_COMPLETA_V1_0/09_AUDITORIAS_COMPLETAS/OMEGA_AUDITORIA_MODERNA_FINAL_V83_V90/03_AUDITORIAS_DOCUMENTALES/V83_AUDITORIA_INTEGRAL.md,.md,3821,3f6af5b82b8d1a12bf88d87efe4e92bb8855a770279449d76757e1d1e75f3509,COVERED,SOURCE_ZIP_INVENTORY_EXTRACTED_EXACT,COVERED,markdown_blocks=8,equation_catalog_occurrences_verified=0,claim_candidates_classified=1,NOT_APPLICABLE,NOT_APPLICABLE,,True,COVERED
COV-00325,physical_outer_member,90_FUENTES_INTEGRAS/GEOMETRY_OMEGA_TEORIA_COMPLETA_V1_0/GEOMETRY_OMEGA_TEORIA_COMPLETA_V1_0/09_AUDITORIAS_COMPLETAS/OMEGA_AUDITORIA_MODERNA_FINAL_V83_V90/03_AUDITORIAS_DOCUMENTALES/V84_AUDITORIA_INTEGRAL.md,.md,3251,593b884c8d583154484494711ce9bbc9ac2ab17067a2e9adf0cc72ddb8dd3c35,COVERED,SOURCE_ZIP_INVENTORY_EXTRACTED_EXACT,COVERED,markdown_blocks=8,equation_catalog_occurrences_verified=0,claim_candidates_classified=1,NOT_APPLICABLE,NOT_APPLICABLE,,True,COVERED
COV-00326,physical_outer_member,90_FUENTES_INTEGRAS/GEOMETRY_OMEGA_TEORIA_COMPLETA_V1_0/GEOMETRY_OMEGA_TEORIA_COMPLETA_V1_0/09_AUDITORIAS_COMPLETAS/OMEGA_AUDITORIA_MODERNA_FINAL_V83_V90/03_AUDITORIAS_DOCUMENTALES/V85_AUDITORIA_INTEGRAL.md,.md,2288,1a56fa2850b4f5ff7d11646a5daa72d7b7a857c97b34cdc2a0988f52a0cf45cf,COVERED,SOURCE_ZIP_INVENTORY_EXTRACTED_EXACT,COVERED,markdown_blocks=8,equation_catalog_occurrences_verified=0,claim_candidates_classified=1,NOT_APPLICABLE,NOT_APPLICABLE,,True,COVERED
COV-00327,physical_outer_member,90_FUENTES_INTEGRAS/GEOMETRY_OMEGA_TEORIA_COMPLETA_V1_0/GEOMETRY_OMEGA_TEORIA_COMPLETA_V1_0/09_AUDITORIAS_COMPLETAS/OMEGA_AUDITORIA_MODERNA_FINAL_V83_V90/03_AUDITORIAS_DOCUMENTALES/V86_AUDITORIA_INTEGRAL.md,.md,2442,24d8e3c9a5c8fa94e15d2d774db182cc01dd97269a0c76d97116c0eaa10f072c,COVERED,SOURCE_ZIP_INVENTORY_EXTRACTED_EXACT,COVERED,markdown_blocks=8,equation_catalog_occurrences_verified=0,claim_candidates_classified=1,NOT_APPLICABLE,NOT_APPLICABLE,,True,COVERED
COV-00328,physical_outer_member,90_FUENTES_INTEGRAS/GEOMETRY_OMEGA_TEORIA_COMPLETA_V1_0/GEOMETRY_OMEGA_TEORIA_COMPLETA_V1_0/09_AUDITORIAS_COMPLETAS/OMEGA_AUDITORIA_MODERNA_FINAL_V83_V90/03_AUDITORIAS_DOCUMENTALES/V87_AUDITORIA_INTEGRAL.md,.md,6203,c42b8cb91e7d26461e666c0c4bd5ea93d5cd5423df555f08c7d095fe3f9c660a,COVERED,SOURCE_ZIP_INVENTORY_EXTRACTED_EXACT,COVERED,markdown_blocks=8,equation_catalog_occurrences_verified=0,claim_candidates_classified=1,NOT_APPLICABLE,NOT_APPLICABLE,,True,COVERED
COV-00329,physical_outer_member,90_FUENTES_INTEGRAS/GEOMETRY_OMEGA_TEORIA_COMPLETA_V1_0/GEOMETRY_OMEGA_TEORIA_COMPLETA_V1_0/09_AUDITORIAS_COMPLETAS/OMEGA_AUDITORIA_MODERNA_FINAL_V83_V90/03_AUDITORIAS_DOCUMENTALES/V88_AUDITORIA_INTEGRAL.md,.md,2622,66a405b2344ea913388dc7cbb7fc5c1ba5bcffc0d96768f5bf4d1485364d9042,COVERED,SOURCE_ZIP_INVENTORY_EXTRACTED_EXACT,COVERED,markdown_blocks=8,equation_catalog_occurrences_verified=0,claim_candidates_classified=1,NOT_APPLICABLE,NOT_APPLICABLE,,True,COVERED
COV-00330,physical_outer_member,90_FUENTES_INTEGRAS/GEOMETRY_OMEGA_TEORIA_COMPLETA_V1_0/GEOMETRY_OMEGA_TEORIA_COMPLETA_V1_0/09_AUDITORIAS_COMPLETAS/OMEGA_AUDITORIA_MODERNA_FINAL_V83_V90/03_AUDITORIAS_DOCUMENTALES/V89_AUDITORIA_INTEGRAL.md,.md,26448,3751609fe1c85a2f513d9617a9c407906885cad1fb0c3f7f11d1ed2c2be04419,COVERED,SOURCE_ZIP_INVENTORY_EXTRACTED_EXACT,COVERED,markdown_blocks=8,equation_catalog_occurrences_verified=0,claim_candidates_classified=1,NOT_APPLICABLE,NOT_APPLICABLE,,True,COVERED
COV-00331,physical_outer_member,90_FUENTES_INTEGRAS/GEOMETRY_OMEGA_TEORIA_COMPLETA_V1_0/GEOMETRY_OMEGA_TEORIA_COMPLETA_V1_0/09_AUDITORIAS_COMPLETAS/OMEGA_AUDITORIA_MODERNA_FINAL_V83_V90/03_AUDITORIAS_DOCUMENTALES/V90_AUDITORIA_INTEGRAL.md,.md,5027,f05787baee26a3dc4fedf49b3298f352d61e6c5138833e78dd32da952bbf43a5,COVERED,SOURCE_ZIP_INVENTORY_EXTRACTED_EXACT,COVERED,markdown_blocks=8,equation_catalog_occurrences_verified=0,claim_candidates_classified=1,NOT_APPLICABLE,NOT_APPLICABLE,,True,COVERED
COV-00332,physical_outer_member,90_FUENTES_INTEGRAS/GEOMETRY_OMEGA_TEORIA_COMPLETA_V1_0/GEOMETRY_OMEGA_TEORIA_COMPLETA_V1_0/09_AUDITORIAS_COMPLETAS/OMEGA_AUDITORIA_MODERNA_FINAL_V83_V90/04_PRUEBAS_NUMERICAS/PARAMETROS_MAESTROS_V83_V90.csv,.csv,391,3d5e1d71e1827b439270d37e96aeb5d57cbb0b6ee05299bedb61bfbe4c1bd702,COVERED,SOURCE_ZIP_INVENTORY_EXTRACTED_EXACT,COVERED,dataset_catalog_recomputed_exact,NOT_APPLICABLE,NOT_APPLICABLE,NOT_APPLICABLE,NOT_APPLICABLE,,True,COVERED
COV-00333,physical_outer_member,90_FUENTES_INTEGRAS/GEOMETRY_OMEGA_TEORIA_COMPLETA_V1_0/GEOMETRY_OMEGA_TEORIA_COMPLETA_V1_0/09_AUDITORIAS_COMPLETAS/OMEGA_AUDITORIA_MODERNA_FINAL_V83_V90/04_PRUEBAS_NUMERICAS/PRUEBAS_NUMERICAS_MAESTRAS_V83_V90.csv,.csv,24318,1e4a5b059a714cc5d7c349e09458f9809bdfdbe370d89fbd3844707dc3ce8c0a,COVERED,SOURCE_ZIP_INVENTORY_EXTRACTED_EXACT,COVERED,dataset_catalog_recomputed_exact,NOT_APPLICABLE,NOT_APPLICABLE,NOT_APPLICABLE,NOT_APPLICABLE,,True,COVERED
COV-00334,physical_outer_member,90_FUENTES_INTEGRAS/GEOMETRY_OMEGA_TEORIA_COMPLETA_V1_0/GEOMETRY_OMEGA_TEORIA_COMPLETA_V1_0/09_AUDITORIAS_COMPLETAS/OMEGA_AUDITORIA_MODERNA_FINAL_V83_V90/05_DEPENDENCIAS/DEPENDENCIAS_V83_V90.csv,.csv,433,f9da38e0fa45f36f9f51581509300c74646286bfe3630d6b5e4ad1923920d868,COVERED,SOURCE_ZIP_INVENTORY_EXTRACTED_EXACT,COVERED,dataset_catalog_recomputed_exact,NOT_APPLICABLE,NOT_APPLICABLE,NOT_APPLICABLE,NOT_APPLICABLE,,True,COVERED
COV-00335,physical_outer_member,90_FUENTES_INTEGRAS/GEOMETRY_OMEGA_TEORIA_COMPLETA_V1_0/GEOMETRY_OMEGA_TEORIA_COMPLETA_V1_0/09_AUDITORIAS_COMPLETAS/OMEGA_AUDITORIA_MODERNA_FINAL_V83_V90/06_ESTADO_CIENTIFICO/CLASIFICACION_CIENTIFICA_V83_V90.csv,.csv,646,85c314a4cefe1bc56cd8f4fde6644d281151854d420f3ace991e7d82a477b650,COVERED,SOURCE_ZIP_INVENTORY_EXTRACTED_EXACT,COVERED,dataset_catalog_recomputed_exact,NOT_APPLICABLE,NOT_APPLICABLE,NOT_APPLICABLE,NOT_APPLICABLE,,True,COVERED
COV-00336,physical_outer_member,90_FUENTES_INTEGRAS/GEOMETRY_OMEGA_TEORIA_COMPLETA_V1_0/GEOMETRY_OMEGA_TEORIA_COMPLETA_V1_0/09_AUDITORIAS_COMPLETAS/OMEGA_AUDITORIA_MODERNA_FINAL_V83_V90/06_ESTADO_CIENTIFICO/CRONOLOGIA_V83_V90.csv,.csv,264,c05e9c105acc9d9f76a0f02a236f8b032e36637349076e0da1db9c25b2d2eea3,COVERED,SOURCE_ZIP_INVENTORY_EXTRACTED_EXACT,COVERED,dataset_catalog_recomputed_exact,NOT_APPLICABLE,NOT_APPLICABLE,NOT_APPLICABLE,NOT_APPLICABLE,,True,COVERED
COV-00337,physical_outer_member,90_FUENTES_INTEGRAS/GEOMETRY_OMEGA_TEORIA_COMPLETA_V1_0/GEOMETRY_OMEGA_TEORIA_COMPLETA_V1_0/09_AUDITORIAS_COMPLETAS/OMEGA_AUDITORIA_MODERNA_FINAL_V83_V90/06_ESTADO_CIENTIFICO/PREGUNTAS_ABIERTAS_V83_V90.csv,.csv,430,1d228d40d4f365e46d42c452d88d7188cc9f159d72c44b4b9a252a901d4c13d8,COVERED,SOURCE_ZIP_INVENTORY_EXTRACTED_EXACT,COVERED,dataset_catalog_recomputed_exact,NOT_APPLICABLE,NOT_APPLICABLE,NOT_APPLICABLE,NOT_APPLICABLE,,True,COVERED
COV-00338,physical_outer_member,90_FUENTES_INTEGRAS/GEOMETRY_OMEGA_TEORIA_COMPLETA_V1_0/GEOMETRY_OMEGA_TEORIA_COMPLETA_V1_0/09_AUDITORIAS_COMPLETAS/OMEGA_AUDITORIA_MODERNA_FINAL_V83_V90/06_ESTADO_CIENTIFICO/RESULTADOS_SUPERADOS_O_REFINADOS_V83_V90.csv,.csv,646,29360164135998840a0b462b3f19dbd7eb235d0d01f5a7ad533de5a488478864,COVERED,SOURCE_ZIP_INVENTORY_EXTRACTED_EXACT,COVERED,dataset_catalog_recomputed_exact,NOT_APPLICABLE,NOT_APPLICABLE,NOT_APPLICABLE,NOT_APPLICABLE,,True,COVERED
COV-00339,physical_outer_member,90_FUENTES_INTEGRAS/GEOMETRY_OMEGA_TEORIA_COMPLETA_V1_0/GEOMETRY_OMEGA_TEORIA_COMPLETA_V1_0/09_AUDITORIAS_COMPLETAS/OMEGA_AUDITORIA_MODERNA_FINAL_V83_V90/06_ESTADO_CIENTIFICO/SINTESIS_GLOBAL_V83_V90.md,.md,1051,7f8c99ba680784f067ff1a61cabc0fad9a24ebb25a71029707a070907fccf7bc,COVERED,SOURCE_ZIP_INVENTORY_EXTRACTED_EXACT,COVERED,markdown_blocks=6,equation_catalog_occurrences_verified=1,claim_candidates_classified=4,NOT_APPLICABLE,NOT_APPLICABLE,,True,COVERED
COV-00340,physical_outer_member,90_FUENTES_INTEGRAS/GEOMETRY_OMEGA_TEORIA_COMPLETA_V1_0/GEOMETRY_OMEGA_TEORIA_COMPLETA_V1_0/09_AUDITORIAS_COMPLETAS/OMEGA_AUDITORIA_MODERNA_FINAL_V83_V90/07_MANIFIESTO_FUENTES/FUENTES_DATOS_V83_V90.csv,.csv,13219,7e2ad1c65e9d54e3f9b8d82314207bef3edac0aa8fa3b01f7cc437d756d66343,COVERED,SOURCE_ZIP_INVENTORY_EXTRACTED_EXACT,COVERED,dataset_catalog_recomputed_exact,NOT_APPLICABLE,NOT_APPLICABLE,NOT_APPLICABLE,NOT_APPLICABLE,,True,COVERED
COV-00341,physical_outer_member,90_FUENTES_INTEGRAS/GEOMETRY_OMEGA_TEORIA_COMPLETA_V1_0/GEOMETRY_OMEGA_TEORIA_COMPLETA_V1_0/09_AUDITORIAS_COMPLETAS/OMEGA_AUDITORIA_MODERNA_FINAL_V83_V90/07_MANIFIESTO_FUENTES/FUENTES_DOCUMENTOS_V83_V90.csv,.csv,1640,4891b11ce40103effe9dc2bb97394eba13221510ff8116e329597a7927fdd13c,COVERED,SOURCE_ZIP_INVENTORY_EXTRACTED_EXACT,COVERED,dataset_catalog_recomputed_exact,NOT_APPLICABLE,NOT_APPLICABLE,NOT_APPLICABLE,NOT_APPLICABLE,,True,COVERED
COV-00342,physical_outer_member,90_FUENTES_INTEGRAS/GEOMETRY_OMEGA_TEORIA_COMPLETA_V1_0/GEOMETRY_OMEGA_TEORIA_COMPLETA_V1_0/09_AUDITORIAS_COMPLETAS/OMEGA_AUDITORIA_MODERNA_FINAL_V83_V90/08_RESUMENES_CSV/PERFIL_ESTADISTICO_CSV_V83_V90.csv,.csv,50096,6191cd8d7234ce9706e6c137c6d5fa1631be0d1b509c505da225a037e26b397a,COVERED,SOURCE_ZIP_INVENTORY_EXTRACTED_EXACT,COVERED,dataset_catalog_recomputed_exact,NOT_APPLICABLE,NOT_APPLICABLE,NOT_APPLICABLE,NOT_APPLICABLE,,True,COVERED
COV-00343,physical_outer_member,90_FUENTES_INTEGRAS/GEOMETRY_OMEGA_TEORIA_COMPLETA_V1_0/GEOMETRY_OMEGA_TEORIA_COMPLETA_V1_0/09_AUDITORIAS_COMPLETAS/OMEGA_AUDITORIA_MODERNA_FINAL_V83_V90/08_RESUMENES_CSV/V83_RESUMEN_CSV.md,.md,7566,6545edb5f4365b35aaad496b288a36ae03b0fea0ed1dc0d28d6b8579369e5113,COVERED,SOURCE_ZIP_INVENTORY_EXTRACTED_EXACT,COVERED,markdown_blocks=13,equation_catalog_occurrences_verified=0,claim_candidates_classified=6,NOT_APPLICABLE,NOT_APPLICABLE,,True,COVERED
COV-00344,physical_outer_member,90_FUENTES_INTEGRAS/GEOMETRY_OMEGA_TEORIA_COMPLETA_V1_0/GEOMETRY_OMEGA_TEORIA_COMPLETA_V1_0/09_AUDITORIAS_COMPLETAS/OMEGA_AUDITORIA_MODERNA_FINAL_V83_V90/08_RESUMENES_CSV/V84_RESUMEN_CSV.md,.md,6065,52dd79261743620f65734fae6c3633d2b6d2922b18dc775e5dc09f05d802afa4,COVERED,SOURCE_ZIP_INVENTORY_EXTRACTED_EXACT,COVERED,markdown_blocks=13,equation_catalog_occurrences_verified=0,claim_candidates_classified=6,NOT_APPLICABLE,NOT_APPLICABLE,,True,COVERED
COV-00345,physical_outer_member,90_FUENTES_INTEGRAS/GEOMETRY_OMEGA_TEORIA_COMPLETA_V1_0/GEOMETRY_OMEGA_TEORIA_COMPLETA_V1_0/09_AUDITORIAS_COMPLETAS/OMEGA_AUDITORIA_MODERNA_FINAL_V83_V90/08_RESUMENES_CSV/V85_RESUMEN_CSV.md,.md,8420,f870e4320e46b4049967f8857093454d4152222b73ba49cf70969e889cdb20cf,COVERED,SOURCE_ZIP_INVENTORY_EXTRACTED_EXACT,COVERED,markdown_blocks=19,equation_catalog_occurrences_verified=0,claim_candidates_classified=9,NOT_APPLICABLE,NOT_APPLICABLE,,True,COVERED
COV-00346,physical_outer_member,90_FUENTES_INTEGRAS/GEOMETRY_OMEGA_TEORIA_COMPLETA_V1_0/GEOMETRY_OMEGA_TEORIA_COMPLETA_V1_0/09_AUDITORIAS_COMPLETAS/OMEGA_AUDITORIA_MODERNA_FINAL_V83_V90/08_RESUMENES_CSV/V86_RESUMEN_CSV.md,.md,12407,ec6197a35e2cdfb9231f544b4c10cd53a3f14cc76cb093b329ad2add77137d7a,COVERED,SOURCE_ZIP_INVENTORY_EXTRACTED_EXACT,COVERED,markdown_blocks=23,equation_catalog_occurrences_verified=0,claim_candidates_classified=11,NOT_APPLICABLE,NOT_APPLICABLE,,True,COVERED
COV-00347,physical_outer_member,90_FUENTES_INTEGRAS/GEOMETRY_OMEGA_TEORIA_COMPLETA_V1_0/GEOMETRY_OMEGA_TEORIA_COMPLETA_V1_0/09_AUDITORIAS_COMPLETAS/OMEGA_AUDITORIA_MODERNA_FINAL_V83_V90/08_RESUMENES_CSV/V87_RESUMEN_CSV.md,.md,10101,ca92ee1af24411283d1d9534dce1eea6473e92d0fb9b1a667e99003068892fc5,COVERED,SOURCE_ZIP_INVENTORY_EXTRACTED_EXACT,COVERED,markdown_blocks=17,equation_catalog_occurrences_verified=0,claim_candidates_classified=8,NOT_APPLICABLE,NOT_APPLICABLE,,True,COVERED
COV-00348,physical_outer_member,90_FUENTES_INTEGRAS/GEOMETRY_OMEGA_TEORIA_COMPLETA_V1_0/GEOMETRY_OMEGA_TEORIA_COMPLETA_V1_0/09_AUDITORIAS_COMPLETAS/OMEGA_AUDITORIA_MODERNA_FINAL_V83_V90/08_RESUMENES_CSV/V88_RESUMEN_CSV.md,.md,5898,61329ffa415980788100647a853794fa5ab1544dac44b7466e6d4813b728d0b2,COVERED,SOURCE_ZIP_INVENTORY_EXTRACTED_EXACT,COVERED,markdown_blocks=15,equation_catalog_occurrences_verified=0,claim_candidates_classified=7,NOT_APPLICABLE,NOT_APPLICABLE,,True,COVERED
COV-00349,physical_outer_member,90_FUENTES_INTEGRAS/GEOMETRY_OMEGA_TEORIA_COMPLETA_V1_0/GEOMETRY_OMEGA_TEORIA_COMPLETA_V1_0/09_AUDITORIAS_COMPLETAS/OMEGA_AUDITORIA_MODERNA_FINAL_V83_V90/08_RESUMENES_CSV/V89_RESUMEN_CSV.md,.md,11173,b28dcdac09260e22cc50f1066f7414dafae8828fdad91d8cfd7267b571ea7dc4,COVERED,SOURCE_ZIP_INVENTORY_EXTRACTED_EXACT,COVERED,markdown_blocks=19,equation_catalog_occurrences_verified=0,claim_candidates_classified=9,NOT_APPLICABLE,NOT_APPLICABLE,,True,COVERED
COV-00350,physical_outer_member,90_FUENTES_INTEGRAS/GEOMETRY_OMEGA_TEORIA_COMPLETA_V1_0/GEOMETRY_OMEGA_TEORIA_COMPLETA_V1_0/09_AUDITORIAS_COMPLETAS/OMEGA_AUDITORIA_MODERNA_FINAL_V83_V90/08_RESUMENES_CSV/V90_RESUMEN_CSV.md,.md,8217,e0e00e024094c2d81b5be204396427b8b639dc1f5ff27b655ac777df4e239800,COVERED,SOURCE_ZIP_INVENTORY_EXTRACTED_EXACT,COVERED,markdown_blocks=15,equation_catalog_occurrences_verified=0,claim_candidates_classified=7,NOT_APPLICABLE,NOT_APPLICABLE,,True,COVERED
COV-00351,physical_outer_member,90_FUENTES_INTEGRAS/GEOMETRY_OMEGA_TEORIA_COMPLETA_V1_0/GEOMETRY_OMEGA_TEORIA_COMPLETA_V1_0/10_FUENTES_ORIGINALES/CODIGO_PYTHON/Geometry_Omega_Abelian_Charged_Solver_v9_2026-07-31.py,.py,343,4df244f8a8b933d385dac744c5df9707ad836a3dea88d2961741470cb1a72c30,COVERED,SOURCE_ZIP_INVENTORY_EXTRACTED_EXACT,COVERED,python_ast_and_compile_checked,NOT_APPLICABLE,NOT_APPLICABLE,NOT_APPLICABLE,no_executable_logic,code_status=no_executable_logic,True,COVERED_WITH_NEGATIVE_OR_LIMITATION
COV-00352,physical_outer_member,90_FUENTES_INTEGRAS/GEOMETRY_OMEGA_TEORIA_COMPLETA_V1_0/GEOMETRY_OMEGA_TEORIA_COMPLETA_V1_0/10_FUENTES_ORIGINALES/CODIGO_PYTHON/Geometry_Omega_Charged_Pulsation_BVP_v14_2026-07-31.py,.py,5605,9e8fa983a8e74a9622d95e9dcaca2e92ad9f70914c012dd5d60034fc5e491184,COVERED,SOURCE_ZIP_INVENTORY_EXTRACTED_EXACT,COVERED,python_ast_and_compile_checked,NOT_APPLICABLE,NOT_APPLICABLE,NOT_APPLICABLE,expected_interface_guard,code_status=expected_interface_guard,True,COVERED_WITH_NEGATIVE_OR_LIMITATION
COV-00353,physical_outer_member,90_FUENTES_INTEGRAS/GEOMETRY_OMEGA_TEORIA_COMPLETA_V1_0/GEOMETRY_OMEGA_TEORIA_COMPLETA_V1_0/10_FUENTES_ORIGINALES/CODIGO_PYTHON/Geometry_Omega_Symbolic_Verifier_v13_2026-07-31.py,.py,1649,1069695438e99023b8dce64a50a178f17c21160765c490d4654a8769fc4a665e,COVERED,SOURCE_ZIP_INVENTORY_EXTRACTED_EXACT,COVERED,python_ast_and_compile_checked,NOT_APPLICABLE,NOT_APPLICABLE,NOT_APPLICABLE,execution_failed,code_status=execution_failed,True,COVERED_WITH_NEGATIVE_OR_LIMITATION
COV-00354,physical_outer_member,90_FUENTES_INTEGRAS/GEOMETRY_OMEGA_TEORIA_COMPLETA_V1_0/GEOMETRY_OMEGA_TEORIA_COMPLETA_V1_0/10_FUENTES_ORIGINALES/CODIGO_PYTHON/Geometry_Omega_background_continuation_solver_2026-07-31.py,.py,2508,c4573389d495102f4041d373a21b16eecfd8c11e1bd39abf8bf2641e591b317f,COVERED,SOURCE_ZIP_INVENTORY_EXTRACTED_EXACT,COVERED,python_ast_and_compile_checked,NOT_APPLICABLE,NOT_APPLICABLE,NOT_APPLICABLE,executed_successfully,,True,COVERED
COV-00355,physical_outer_member,90_FUENTES_INTEGRAS/GEOMETRY_OMEGA_TEORIA_COMPLETA_V1_0/GEOMETRY_OMEGA_TEORIA_COMPLETA_V1_0/10_FUENTES_ORIGINALES/CODIGO_PYTHON/Geometry_Omega_pulsation_solver_preliminary_v6_2026-07-31.py,.py,2971,5785a026722f750dd20f9c9f0d083f6f4eea1c25ac6ebeeed229f6e133cdf535,COVERED,SOURCE_ZIP_INVENTORY_EXTRACTED_EXACT,COVERED,python_ast_and_compile_checked,NOT_APPLICABLE,NOT_APPLICABLE,NOT_APPLICABLE,executed_successfully,,True,COVERED
COV-00356,physical_outer_member,90_FUENTES_INTEGRAS/GEOMETRY_OMEGA_TEORIA_COMPLETA_V1_0/GEOMETRY_OMEGA_TEORIA_COMPLETA_V1_0/10_FUENTES_ORIGINALES/CODIGO_PYTHON/einstein_omega_solver.py,.py,253,4f8b3d187364f5c1b5e1c36080063ee2e033b0fa95334d3900d002e119bd07a1,COVERED,SOURCE_ZIP_INVENTORY_EXTRACTED_EXACT,COVERED,python_ast_and_compile_checked,NOT_APPLICABLE,NOT_APPLICABLE,NOT_APPLICABLE,no_executable_logic,code_status=no_executable_logic,True,COVERED_WITH_NEGATIVE_OR_LIMITATION
COV-00357,physical_outer_member,90_FUENTES_INTEGRAS/GEOMETRY_OMEGA_TEORIA_COMPLETA_V1_0/GEOMETRY_OMEGA_TEORIA_COMPLETA_V1_0/10_FUENTES_ORIGINALES/CODIGO_PYTHON/omega_qball_solver.py,.py,850,a08befeab58287ef1acfa4a60d36bfac0f561165182166a1fe5a6d540450aa4f,COVERED,SOURCE_ZIP_INVENTORY_EXTRACTED_EXACT,COVERED,python_ast_and_compile_checked,NOT_APPLICABLE,NOT_APPLICABLE,NOT_APPLICABLE,executed_successfully,,True,COVERED
COV-00358,physical_outer_member,90_FUENTES_INTEGRAS/GEOMETRY_OMEGA_TEORIA_COMPLETA_V1_0/GEOMETRY_OMEGA_TEORIA_COMPLETA_V1_0/10_FUENTES_ORIGINALES/DATOS_CSV/Candidatos_Q-ball_de_Omega.csv,.csv,976,85339c7c4b9e90d7f6c9e6456ffc59cff5e960b37726c136fec0148bf15632d3,COVERED,SOURCE_ZIP_INVENTORY_EXTRACTED_EXACT,COVERED,dataset_catalog_recomputed_exact,NOT_APPLICABLE,NOT_APPLICABLE,NOT_APPLICABLE,NOT_APPLICABLE,,True,COVERED
COV-00359,physical_outer_member,90_FUENTES_INTEGRAS/GEOMETRY_OMEGA_TEORIA_COMPLETA_V1_0/GEOMETRY_OMEGA_TEORIA_COMPLETA_V1_0/10_FUENTES_ORIGINALES/DATOS_CSV/Datos_refinados_de_la_rama.csv,.csv,6058,f9f1676172da552dde9c8460d1ab0fd6c4419d1d6d1415f1bf360201c0cdd5b3,COVERED,SOURCE_ZIP_INVENTORY_EXTRACTED_EXACT,COVERED,dataset_catalog_recomputed_exact,NOT_APPLICABLE,NOT_APPLICABLE,NOT_APPLICABLE,NOT_APPLICABLE,,True,COVERED
COV-00360,physical_outer_member,90_FUENTES_INTEGRAS/GEOMETRY_OMEGA_TEORIA_COMPLETA_V1_0/GEOMETRY_OMEGA_TEORIA_COMPLETA_V1_0/10_FUENTES_ORIGINALES/DATOS_CSV/Extrapolaci_n_al_l_mite_epsilon_0.csv,.csv,595,098ccf641a915c187020d28a1195acad89a3cb5bea2f6e9680089199e1ce0f63,COVERED,SOURCE_ZIP_INVENTORY_EXTRACTED_EXACT,COVERED,dataset_catalog_recomputed_exact,NOT_APPLICABLE,NOT_APPLICABLE,NOT_APPLICABLE,NOT_APPLICABLE,,True,COVERED
COV-00361,physical_outer_member,90_FUENTES_INTEGRAS/GEOMETRY_OMEGA_TEORIA_COMPLETA_V1_0/GEOMETRY_OMEGA_TEORIA_COMPLETA_V1_0/10_FUENTES_ORIGINALES/DATOS_CSV/Extremos_de_la_rama____0_1.csv,.csv,207,58981d8427149aaca81225a6d5324cb3d13e0d98ba9f6bcd792e9fd56dbbf508,COVERED,SOURCE_ZIP_INVENTORY_EXTRACTED_EXACT,COVERED,dataset_catalog_recomputed_exact,NOT_APPLICABLE,NOT_APPLICABLE,NOT_APPLICABLE,NOT_APPLICABLE,,True,COVERED
COV-00362,physical_outer_member,90_FUENTES_INTEGRAS/GEOMETRY_OMEGA_TEORIA_COMPLETA_V1_0/GEOMETRY_OMEGA_TEORIA_COMPLETA_V1_0/10_FUENTES_ORIGINALES/DATOS_CSV/Extremos_de_la_rama_fundamental.csv,.csv,242,b978a700224134c44ed45cf3fe24aac6f928fd1f8b16e24aed7af03650088e37,COVERED,SOURCE_ZIP_INVENTORY_EXTRACTED_EXACT,COVERED,dataset_catalog_recomputed_exact,NOT_APPLICABLE,NOT_APPLICABLE,NOT_APPLICABLE,NOT_APPLICABLE,,True,COVERED
COV-00363,physical_outer_member,90_FUENTES_INTEGRAS/GEOMETRY_OMEGA_TEORIA_COMPLETA_V1_0/GEOMETRY_OMEGA_TEORIA_COMPLETA_V1_0/10_FUENTES_ORIGINALES/DATOS_CSV/Familia_Einstein_Omega_a_frecuencia_fija___0_93.csv,.csv,1328,425136a522147a3338bae9318eb0036c609aef0e0e14f9051c308af4722ac12f,COVERED,SOURCE_ZIP_INVENTORY_EXTRACTED_EXACT,COVERED,dataset_catalog_recomputed_exact,NOT_APPLICABLE,NOT_APPLICABLE,NOT_APPLICABLE,NOT_APPLICABLE,,True,COVERED
COV-00364,physical_outer_member,90_FUENTES_INTEGRAS/GEOMETRY_OMEGA_TEORIA_COMPLETA_V1_0/GEOMETRY_OMEGA_TEORIA_COMPLETA_V1_0/10_FUENTES_ORIGINALES/DATOS_CSV/Geometry_Omega_1D_Radiacion_Clasificacion_v62.csv,.csv,220,56972df10f149650e180e34586865b90c39a74696d801534c1c1670f71165c87,COVERED,SOURCE_ZIP_INVENTORY_EXTRACTED_EXACT,COVERED,dataset_catalog_recomputed_exact,NOT_APPLICABLE,NOT_APPLICABLE,NOT_APPLICABLE,NOT_APPLICABLE,,True,COVERED
COV-00365,physical_outer_member,90_FUENTES_INTEGRAS/GEOMETRY_OMEGA_TEORIA_COMPLETA_V1_0/GEOMETRY_OMEGA_TEORIA_COMPLETA_V1_0/10_FUENTES_ORIGINALES/DATOS_CSV/Geometry_Omega_1D_Radiacion_Escalamiento_v62.csv,.csv,352,d1c35bc269d7a5c672f941210addf9bd288026e0362d81ac594a24bc3985fd97,COVERED,SOURCE_ZIP_INVENTORY_EXTRACTED_EXACT,COVERED,dataset_catalog_recomputed_exact,NOT_APPLICABLE,NOT_APPLICABLE,NOT_APPLICABLE,NOT_APPLICABLE,,True,COVERED
COV-00366,physical_outer_member,90_FUENTES_INTEGRAS/GEOMETRY_OMEGA_TEORIA_COMPLETA_V1_0/GEOMETRY_OMEGA_TEORIA_COMPLETA_V1_0/10_FUENTES_ORIGINALES/DATOS_CSV/Geometry_Omega_1D_Radiacion_Espectro_v62.csv,.csv,1610,81d39e3ac1b63b90212f2d7af6f0617d7600745817ffd6e0d0061942e954e0f3,COVERED,SOURCE_ZIP_INVENTORY_EXTRACTED_EXACT,COVERED,dataset_catalog_recomputed_exact,NOT_APPLICABLE,NOT_APPLICABLE,NOT_APPLICABLE,NOT_APPLICABLE,,True,COVERED
COV-00367,physical_outer_member,90_FUENTES_INTEGRAS/GEOMETRY_OMEGA_TEORIA_COMPLETA_V1_0/GEOMETRY_OMEGA_TEORIA_COMPLETA_V1_0/10_FUENTES_ORIGINALES/DATOS_CSV/Geometry_Omega_1D_Radiacion_Propagacion_Fits_v62.csv,.csv,347,7e89e55036f533668315ec6d847d5c00429ff37991fbecc01901055f884b3e78,COVERED,SOURCE_ZIP_INVENTORY_EXTRACTED_EXACT,COVERED,dataset_catalog_recomputed_exact,NOT_APPLICABLE,NOT_APPLICABLE,NOT_APPLICABLE,NOT_APPLICABLE,,True,COVERED
COV-00368,physical_outer_member,90_FUENTES_INTEGRAS/GEOMETRY_OMEGA_TEORIA_COMPLETA_V1_0/GEOMETRY_OMEGA_TEORIA_COMPLETA_V1_0/10_FUENTES_ORIGINALES/DATOS_CSV/Geometry_Omega_1D_Radiacion_Propagacion_v62.csv,.csv,13906,4f0f59a9cc3b89a4dbb76fac60e4d1efc2a193ef0f31bc67b4a100826e62e853,COVERED,SOURCE_ZIP_INVENTORY_EXTRACTED_EXACT,COVERED,dataset_catalog_recomputed_exact,NOT_APPLICABLE,NOT_APPLICABLE,NOT_APPLICABLE,NOT_APPLICABLE,,True,COVERED
COV-00369,physical_outer_member,90_FUENTES_INTEGRAS/GEOMETRY_OMEGA_TEORIA_COMPLETA_V1_0/GEOMETRY_OMEGA_TEORIA_COMPLETA_V1_0/10_FUENTES_ORIGINALES/DATOS_CSV/Geometry_Omega_3D_Rotational_Isotropy_v83.csv,.csv,441,6efe082c872ac8182a28b3cae273e282f165c536c904bd21386a8538a1f817a1,COVERED,SOURCE_ZIP_INVENTORY_EXTRACTED_EXACT,COVERED,dataset_catalog_recomputed_exact,NOT_APPLICABLE,NOT_APPLICABLE,NOT_APPLICABLE,NOT_APPLICABLE,,True,COVERED
COV-00370,physical_outer_member,90_FUENTES_INTEGRAS/GEOMETRY_OMEGA_TEORIA_COMPLETA_V1_0/GEOMETRY_OMEGA_TEORIA_COMPLETA_V1_0/10_FUENTES_ORIGINALES/DATOS_CSV/Geometry_Omega_Abelian_Charged_Branch_v9_2026-07-31.csv,.csv,2122,b9c5ae0457ea7092f1551ab6b3d4829c1cc097e9cc74e178bad50b2b472b87b5,COVERED,SOURCE_ZIP_INVENTORY_EXTRACTED_EXACT,COVERED,dataset_catalog_recomputed_exact,NOT_APPLICABLE,NOT_APPLICABLE,NOT_APPLICABLE,NOT_APPLICABLE,,True,COVERED
COV-00371,physical_outer_member,90_FUENTES_INTEGRAS/GEOMETRY_OMEGA_TEORIA_COMPLETA_V1_0/GEOMETRY_OMEGA_TEORIA_COMPLETA_V1_0/10_FUENTES_ORIGINALES/DATOS_CSV/Geometry_Omega_Abelian_Controls_v9_2026-07-31.csv,.csv,294,25ff6179dc166d7049af0ca33c6fac0062a22b4245dd61607f22dc828a041102,COVERED,SOURCE_ZIP_INVENTORY_EXTRACTED_EXACT,COVERED,dataset_catalog_recomputed_exact,NOT_APPLICABLE,NOT_APPLICABLE,NOT_APPLICABLE,NOT_APPLICABLE,,True,COVERED
COV-00372,physical_outer_member,90_FUENTES_INTEGRAS/GEOMETRY_OMEGA_TEORIA_COMPLETA_V1_0/GEOMETRY_OMEGA_TEORIA_COMPLETA_V1_0/10_FUENTES_ORIGINALES/DATOS_CSV/Geometry_Omega_Abelian_Profile_e_0.200_v9_2026-07-31.csv,.csv,351468,f939a48e0c86689578dc6b257225a9071e3993c2c689c1f8700cac986ffb23d8,COVERED,SOURCE_ZIP_INVENTORY_EXTRACTED_EXACT,COVERED,dataset_catalog_recomputed_exact,NOT_APPLICABLE,NOT_APPLICABLE,NOT_APPLICABLE,NOT_APPLICABLE,,True,COVERED
COV-00373,physical_outer_member,90_FUENTES_INTEGRAS/GEOMETRY_OMEGA_TEORIA_COMPLETA_V1_0/GEOMETRY_OMEGA_TEORIA_COMPLETA_V1_0/10_FUENTES_ORIGINALES/DATOS_CSV/Geometry_Omega_Adaptive_Charge_Continuation_v20_2026-07-31.csv,.csv,1301,5af5e50337ac9563b10e2115e1060d9767233999e5186653d0251f88fd9024ba,COVERED,SOURCE_ZIP_INVENTORY_EXTRACTED_EXACT,COVERED,dataset_catalog_recomputed_exact,NOT_APPLICABLE,NOT_APPLICABLE,NOT_APPLICABLE,NOT_APPLICABLE,,True,COVERED
COV-00374,physical_outer_member,90_FUENTES_INTEGRAS/GEOMETRY_OMEGA_TEORIA_COMPLETA_V1_0/GEOMETRY_OMEGA_TEORIA_COMPLETA_V1_0/10_FUENTES_ORIGINALES/DATOS_CSV/Geometry_Omega_Adaptive_Charge_Continuation_v20_CORRECTED_2026-07-31.csv,.csv,1291,1f5bb2ff1574996b397e1f421aaeef2467ba43a075ea07b0f5c38ad0d31f1b2b,COVERED,SOURCE_ZIP_INVENTORY_EXTRACTED_EXACT,COVERED,dataset_catalog_recomputed_exact,NOT_APPLICABLE,NOT_APPLICABLE,NOT_APPLICABLE,NOT_APPLICABLE,,True,COVERED
COV-00375,physical_outer_member,90_FUENTES_INTEGRAS/GEOMETRY_OMEGA_TEORIA_COMPLETA_V1_0/GEOMETRY_OMEGA_TEORIA_COMPLETA_V1_0/10_FUENTES_ORIGINALES/DATOS_CSV/Geometry_Omega_Adaptive_Charge_Profiles_v20_2026-07-31.csv,.csv,237947,cf77dc46dcbeaa84436485912388c17389251abb45c4d3b4b0d0a6545c32bbde,COVERED,SOURCE_ZIP_INVENTORY_EXTRACTED_EXACT,COVERED,dataset_catalog_recomputed_exact,NOT_APPLICABLE,NOT_APPLICABLE,NOT_APPLICABLE,NOT_APPLICABLE,,True,COVERED
COV-00376,physical_outer_member,90_FUENTES_INTEGRAS/GEOMETRY_OMEGA_TEORIA_COMPLETA_V1_0/GEOMETRY_OMEGA_TEORIA_COMPLETA_V1_0/10_FUENTES_ORIGINALES/DATOS_CSV/Geometry_Omega_Adaptive_Charge_Profiles_v20_CORRECTED_2026-07-31.csv,.csv,224339,205795173bd0f5ecf30b3756dfaaa9f34a0db8b66ac3659f46de6d1df0b942c2,COVERED,SOURCE_ZIP_INVENTORY_EXTRACTED_EXACT,COVERED,dataset_catalog_recomputed_exact,NOT_APPLICABLE,NOT_APPLICABLE,NOT_APPLICABLE,NOT_APPLICABLE,,True,COVERED
COV-00377,physical_outer_member,90_FUENTES_INTEGRAS/GEOMETRY_OMEGA_TEORIA_COMPLETA_V1_0/GEOMETRY_OMEGA_TEORIA_COMPLETA_V1_0/10_FUENTES_ORIGINALES/DATOS_CSV/Geometry_Omega_Adjacency_Metric_Toy_v47_2026-08-01.csv,.csv,624,ba29d57f9c6470c17a6842bd50d4a4b45814918995e73705968ad32c2ec56867,COVERED,SOURCE_ZIP_INVENTORY_EXTRACTED_EXACT,COVERED,dataset_catalog_recomputed_exact,NOT_APPLICABLE,NOT_APPLICABLE,NOT_APPLICABLE,NOT_APPLICABLE,,True,COVERED
COV-00378,physical_outer_member,90_FUENTES_INTEGRAS/GEOMETRY_OMEGA_TEORIA_COMPLETA_V1_0/GEOMETRY_OMEGA_TEORIA_COMPLETA_V1_0/10_FUENTES_ORIGINALES/DATOS_CSV/Geometry_Omega_Alpha_Coefficients_v67.csv,.csv,1008,b1afb47b017c688d93973c59b7ee7c7dc56d9bc24ae297ded9a9a5c3dd14cc84,COVERED,SOURCE_ZIP_INVENTORY_EXTRACTED_EXACT,COVERED,dataset_catalog_recomputed_exact,NOT_APPLICABLE,NOT_APPLICABLE,NOT_APPLICABLE,NOT_APPLICABLE,,True,COVERED
COV-00379,physical_outer_member,90_FUENTES_INTEGRAS/GEOMETRY_OMEGA_TEORIA_COMPLETA_V1_0/GEOMETRY_OMEGA_TEORIA_COMPLETA_V1_0/10_FUENTES_ORIGINALES/DATOS_CSV/Geometry_Omega_Alpha_Dataset_Filtered_v67.csv,.csv,41516,9791bc834960ed436f75e7bdaf38633d1f81e6c441020fbe1a10285e7f131873,COVERED,SOURCE_ZIP_INVENTORY_EXTRACTED_EXACT,COVERED,dataset_catalog_recomputed_exact,NOT_APPLICABLE,NOT_APPLICABLE,NOT_APPLICABLE,NOT_APPLICABLE,,True,COVERED
COV-00380,physical_outer_member,90_FUENTES_INTEGRAS/GEOMETRY_OMEGA_TEORIA_COMPLETA_V1_0/GEOMETRY_OMEGA_TEORIA_COMPLETA_V1_0/10_FUENTES_ORIGINALES/DATOS_CSV/Geometry_Omega_Alpha_Dataset_NUBASE2020_v67.csv,.csv,42743,42c33c112921e12d961808d0aaee21cf3e52e79eb7d3bc73e3f3973a7bea579d,COVERED,SOURCE_ZIP_INVENTORY_EXTRACTED_EXACT,COVERED,dataset_catalog_recomputed_exact,NOT_APPLICABLE,NOT_APPLICABLE,NOT_APPLICABLE,NOT_APPLICABLE,,True,COVERED
COV-00381,physical_outer_member,90_FUENTES_INTEGRAS/GEOMETRY_OMEGA_TEORIA_COMPLETA_V1_0/GEOMETRY_OMEGA_TEORIA_COMPLETA_V1_0/10_FUENTES_ORIGINALES/DATOS_CSV/Geometry_Omega_Alpha_Derived_Separation_Coefficients_v68.csv,.csv,1209,6d97db1e32a2a550baaa52ad09926d9956624774c20aa0a08d2725a93bc32860,COVERED,SOURCE_ZIP_INVENTORY_EXTRACTED_EXACT,COVERED,dataset_catalog_recomputed_exact,NOT_APPLICABLE,NOT_APPLICABLE,NOT_APPLICABLE,NOT_APPLICABLE,,True,COVERED
COV-00382,physical_outer_member,90_FUENTES_INTEGRAS/GEOMETRY_OMEGA_TEORIA_COMPLETA_V1_0/GEOMETRY_OMEGA_TEORIA_COMPLETA_V1_0/10_FUENTES_ORIGINALES/DATOS_CSV/Geometry_Omega_Alpha_Derived_Separation_Diagnostics_v68.csv,.csv,212,7e2fc5e96f60b0fb7a845e47ee95a2d204da2b3fbe5a3c70264d5fd25ecfa5ac,COVERED,SOURCE_ZIP_INVENTORY_EXTRACTED_EXACT,COVERED,dataset_catalog_recomputed_exact,NOT_APPLICABLE,NOT_APPLICABLE,NOT_APPLICABLE,NOT_APPLICABLE,,True,COVERED
COV-00383,physical_outer_member,90_FUENTES_INTEGRAS/GEOMETRY_OMEGA_TEORIA_COMPLETA_V1_0/GEOMETRY_OMEGA_TEORIA_COMPLETA_V1_0/10_FUENTES_ORIGINALES/DATOS_CSV/Geometry_Omega_Alpha_Derived_Separation_Models_v68.csv,.csv,923,81273302df78df8b218a8244ab9cfeda99e8cceafa3f45bd13c356c30fd8cff7,COVERED,SOURCE_ZIP_INVENTORY_EXTRACTED_EXACT,COVERED,dataset_catalog_recomputed_exact,NOT_APPLICABLE,NOT_APPLICABLE,NOT_APPLICABLE,NOT_APPLICABLE,,True,COVERED
COV-00384,physical_outer_member,90_FUENTES_INTEGRAS/GEOMETRY_OMEGA_TEORIA_COMPLETA_V1_0/GEOMETRY_OMEGA_TEORIA_COMPLETA_V1_0/10_FUENTES_ORIGINALES/DATOS_CSV/Geometry_Omega_Alpha_Derived_Separation_Predictions_v68.csv,.csv,86909,f5a643f9c57e35b68ba7845265e7ade5634443eff22e3938b5a030d135767f7b,COVERED,SOURCE_ZIP_INVENTORY_EXTRACTED_EXACT,COVERED,dataset_catalog_recomputed_exact,NOT_APPLICABLE,NOT_APPLICABLE,NOT_APPLICABLE,NOT_APPLICABLE,,True,COVERED
COV-00385,physical_outer_member,90_FUENTES_INTEGRAS/GEOMETRY_OMEGA_TEORIA_COMPLETA_V1_0/GEOMETRY_OMEGA_TEORIA_COMPLETA_V1_0/10_FUENTES_ORIGINALES/DATOS_CSV/Geometry_Omega_Alpha_Derived_Separation_Residuals_v68.csv,.csv,29243,c003eac5857faaded80d1de669d4ffd81d392eac41e79ef4d1fa324ce2d4dd27,COVERED,SOURCE_ZIP_INVENTORY_EXTRACTED_EXACT,COVERED,dataset_catalog_recomputed_exact,NOT_APPLICABLE,NOT_APPLICABLE,NOT_APPLICABLE,NOT_APPLICABLE,,True,COVERED
COV-00386,physical_outer_member,90_FUENTES_INTEGRAS/GEOMETRY_OMEGA_TEORIA_COMPLETA_V1_0/GEOMETRY_OMEGA_TEORIA_COMPLETA_V1_0/10_FUENTES_ORIGINALES/DATOS_CSV/Geometry_Omega_Alpha_Derived_Separation_Transfer_v68.csv,.csv,624,019b7743d9be608bc93050760cf22ad249370fff6371aa4c7eda4f2b28a81f1b,COVERED,SOURCE_ZIP_INVENTORY_EXTRACTED_EXACT,COVERED,dataset_catalog_recomputed_exact,NOT_APPLICABLE,NOT_APPLICABLE,NOT_APPLICABLE,NOT_APPLICABLE,,True,COVERED
COV-00387,physical_outer_member,90_FUENTES_INTEGRAS/GEOMETRY_OMEGA_TEORIA_COMPLETA_V1_0/GEOMETRY_OMEGA_TEORIA_COMPLETA_V1_0/10_FUENTES_ORIGINALES/DATOS_CSV/Geometry_Omega_Alpha_Largest_Residuals_v67.csv,.csv,28178,eb6a7f612ffa5beff553b78a5bcdaa7b93991870713e28aaa04dcf7e4ff6849f,COVERED,SOURCE_ZIP_INVENTORY_EXTRACTED_EXACT,COVERED,dataset_catalog_recomputed_exact,NOT_APPLICABLE,NOT_APPLICABLE,NOT_APPLICABLE,NOT_APPLICABLE,,True,COVERED
COV-00388,physical_outer_member,90_FUENTES_INTEGRAS/GEOMETRY_OMEGA_TEORIA_COMPLETA_V1_0/GEOMETRY_OMEGA_TEORIA_COMPLETA_V1_0/10_FUENTES_ORIGINALES/DATOS_CSV/Geometry_Omega_Alpha_Microseparation_Actions_v69.csv,.csv,716586,550faa20d7264786ee175815b05132eef84e1b12f4aaee2b40f55574d3a016a6,COVERED,SOURCE_ZIP_INVENTORY_EXTRACTED_EXACT,COVERED,dataset_catalog_recomputed_exact,NOT_APPLICABLE,NOT_APPLICABLE,NOT_APPLICABLE,NOT_APPLICABLE,,True,COVERED
COV-00389,physical_outer_member,90_FUENTES_INTEGRAS/GEOMETRY_OMEGA_TEORIA_COMPLETA_V1_0/GEOMETRY_OMEGA_TEORIA_COMPLETA_V1_0/10_FUENTES_ORIGINALES/DATOS_CSV/Geometry_Omega_Alpha_Microseparation_Coefficients_v69.csv,.csv,10545,affb429300c2db2c56e4d9f255698bfa180e9335fb1cee3125aa2c816f573c79,COVERED,SOURCE_ZIP_INVENTORY_EXTRACTED_EXACT,COVERED,dataset_catalog_recomputed_exact,NOT_APPLICABLE,NOT_APPLICABLE,NOT_APPLICABLE,NOT_APPLICABLE,,True,COVERED
COV-00390,physical_outer_member,90_FUENTES_INTEGRAS/GEOMETRY_OMEGA_TEORIA_COMPLETA_V1_0/GEOMETRY_OMEGA_TEORIA_COMPLETA_V1_0/10_FUENTES_ORIGINALES/DATOS_CSV/Geometry_Omega_Alpha_Microseparation_Emergence_v69.csv,.csv,3610,7706e6e06c84072c9e77184e3bba08035c4d5787b537d2b375f1bb311705ec17,COVERED,SOURCE_ZIP_INVENTORY_EXTRACTED_EXACT,COVERED,dataset_catalog_recomputed_exact,NOT_APPLICABLE,NOT_APPLICABLE,NOT_APPLICABLE,NOT_APPLICABLE,,True,COVERED
COV-00391,physical_outer_member,90_FUENTES_INTEGRAS/GEOMETRY_OMEGA_TEORIA_COMPLETA_V1_0/GEOMETRY_OMEGA_TEORIA_COMPLETA_V1_0/10_FUENTES_ORIGINALES/DATOS_CSV/Geometry_Omega_Alpha_Microseparation_Models_v69.csv,.csv,6654,c5a1ae1a39b7e7ca78845bcf0690adcaf833709f21b98ef49ed9ca795b568c65,COVERED,SOURCE_ZIP_INVENTORY_EXTRACTED_EXACT,COVERED,dataset_catalog_recomputed_exact,NOT_APPLICABLE,NOT_APPLICABLE,NOT_APPLICABLE,NOT_APPLICABLE,,True,COVERED
COV-00392,physical_outer_member,90_FUENTES_INTEGRAS/GEOMETRY_OMEGA_TEORIA_COMPLETA_V1_0/GEOMETRY_OMEGA_TEORIA_COMPLETA_V1_0/10_FUENTES_ORIGINALES/DATOS_CSV/Geometry_Omega_Alpha_Microseparation_Predictions_v69.csv,.csv,1570670,4a9e18bd25592d7b4f1736d5519fe408b8213f663e73bedd5a04f220b98a0d2b,COVERED,SOURCE_ZIP_INVENTORY_EXTRACTED_EXACT,COVERED,dataset_catalog_recomputed_exact,NOT_APPLICABLE,NOT_APPLICABLE,NOT_APPLICABLE,NOT_APPLICABLE,,True,COVERED
COV-00393,physical_outer_member,90_FUENTES_INTEGRAS/GEOMETRY_OMEGA_TEORIA_COMPLETA_V1_0/GEOMETRY_OMEGA_TEORIA_COMPLETA_V1_0/10_FUENTES_ORIGINALES/DATOS_CSV/Geometry_Omega_Alpha_Microseparation_Residuals_v69.csv,.csv,27108,1e37819c0079c6748529a5a0fcb43031a872245a5da258d77d9d5dcc2d78c2c0,COVERED,SOURCE_ZIP_INVENTORY_EXTRACTED_EXACT,COVERED,dataset_catalog_recomputed_exact,NOT_APPLICABLE,NOT_APPLICABLE,NOT_APPLICABLE,NOT_APPLICABLE,,True,COVERED
COV-00394,physical_outer_member,90_FUENTES_INTEGRAS/GEOMETRY_OMEGA_TEORIA_COMPLETA_V1_0/GEOMETRY_OMEGA_TEORIA_COMPLETA_V1_0/10_FUENTES_ORIGINALES/DATOS_CSV/Geometry_Omega_Alpha_Model_Comparison_v67.csv,.csv,770,7a3fc5fae2e3553705f96ecc175eed62f23b124c70c63afe08252df67466412d,COVERED,SOURCE_ZIP_INVENTORY_EXTRACTED_EXACT,COVERED,dataset_catalog_recomputed_exact,NOT_APPLICABLE,NOT_APPLICABLE,NOT_APPLICABLE,NOT_APPLICABLE,,True,COVERED
COV-00395,physical_outer_member,90_FUENTES_INTEGRAS/GEOMETRY_OMEGA_TEORIA_COMPLETA_V1_0/GEOMETRY_OMEGA_TEORIA_COMPLETA_V1_0/10_FUENTES_ORIGINALES/DATOS_CSV/Geometry_Omega_Alpha_Predictions_v67.csv,.csv,99789,f1a0160c01af3090ae53f88e4376b593c68318c518067595d33e6503730d3ea5,COVERED,SOURCE_ZIP_INVENTORY_EXTRACTED_EXACT,COVERED,dataset_catalog_recomputed_exact,NOT_APPLICABLE,NOT_APPLICABLE,NOT_APPLICABLE,NOT_APPLICABLE,,True,COVERED
COV-00396,physical_outer_member,90_FUENTES_INTEGRAS/GEOMETRY_OMEGA_TEORIA_COMPLETA_V1_0/GEOMETRY_OMEGA_TEORIA_COMPLETA_V1_0/10_FUENTES_ORIGINALES/DATOS_CSV/Geometry_Omega_Alpha_Preformation_Coefficients_v70.csv,.csv,1582,c569bc35b2acc0d76de685d155ebe3f0fbed31a56992cd47ace3b06010388842,COVERED,SOURCE_ZIP_INVENTORY_EXTRACTED_EXACT,COVERED,dataset_catalog_recomputed_exact,NOT_APPLICABLE,NOT_APPLICABLE,NOT_APPLICABLE,NOT_APPLICABLE,,True,COVERED
COV-00397,physical_outer_member,90_FUENTES_INTEGRAS/GEOMETRY_OMEGA_TEORIA_COMPLETA_V1_0/GEOMETRY_OMEGA_TEORIA_COMPLETA_V1_0/10_FUENTES_ORIGINALES/DATOS_CSV/Geometry_Omega_Alpha_Preformation_Correlations_v70.csv,.csv,267,5ac93e0ee24617eb02993695275b280012834f10de62e18bae91e15d9c4e290a,COVERED,SOURCE_ZIP_INVENTORY_EXTRACTED_EXACT,COVERED,dataset_catalog_recomputed_exact,NOT_APPLICABLE,NOT_APPLICABLE,NOT_APPLICABLE,NOT_APPLICABLE,,True,COVERED
COV-00398,physical_outer_member,90_FUENTES_INTEGRAS/GEOMETRY_OMEGA_TEORIA_COMPLETA_V1_0/GEOMETRY_OMEGA_TEORIA_COMPLETA_V1_0/10_FUENTES_ORIGINALES/DATOS_CSV/Geometry_Omega_Alpha_Preformation_Dataset_v70.csv,.csv,80957,64b8a2e050981dd69821edbc7127065b70e76e7ffd7dec3892f5ec653f2cd508,COVERED,SOURCE_ZIP_INVENTORY_EXTRACTED_EXACT,COVERED,dataset_catalog_recomputed_exact,NOT_APPLICABLE,NOT_APPLICABLE,NOT_APPLICABLE,NOT_APPLICABLE,,True,COVERED
COV-00399,physical_outer_member,90_FUENTES_INTEGRAS/GEOMETRY_OMEGA_TEORIA_COMPLETA_V1_0/GEOMETRY_OMEGA_TEORIA_COMPLETA_V1_0/10_FUENTES_ORIGINALES/DATOS_CSV/Geometry_Omega_Alpha_Preformation_Models_v70.csv,.csv,1093,77d78fab46566bcb309e2f172076ee10a77e31149220bcc5dcd3c44ffa217b71,COVERED,SOURCE_ZIP_INVENTORY_EXTRACTED_EXACT,COVERED,dataset_catalog_recomputed_exact,NOT_APPLICABLE,NOT_APPLICABLE,NOT_APPLICABLE,NOT_APPLICABLE,,True,COVERED
COV-00400,physical_outer_member,90_FUENTES_INTEGRAS/GEOMETRY_OMEGA_TEORIA_COMPLETA_V1_0/GEOMETRY_OMEGA_TEORIA_COMPLETA_V1_0/10_FUENTES_ORIGINALES/DATOS_CSV/Geometry_Omega_Alpha_Preformation_Predictions_v70.csv,.csv,86808,77f575c18945ec9d132b2130b575766409de7563f90ed2e2a048d58017e90583,COVERED,SOURCE_ZIP_INVENTORY_EXTRACTED_EXACT,COVERED,dataset_catalog_recomputed_exact,NOT_APPLICABLE,NOT_APPLICABLE,NOT_APPLICABLE,NOT_APPLICABLE,,True,COVERED
COV-00401,physical_outer_member,90_FUENTES_INTEGRAS/GEOMETRY_OMEGA_TEORIA_COMPLETA_V1_0/GEOMETRY_OMEGA_TEORIA_COMPLETA_V1_0/10_FUENTES_ORIGINALES/DATOS_CSV/Geometry_Omega_Alpha_Preformation_Residuals_v70.csv,.csv,35061,a5d6c7d1a179edf6f4a508d98d027d9d28aa2bc53fb730ff1ec44057d98e56ee,COVERED,SOURCE_ZIP_INVENTORY_EXTRACTED_EXACT,COVERED,dataset_catalog_recomputed_exact,NOT_APPLICABLE,NOT_APPLICABLE,NOT_APPLICABLE,NOT_APPLICABLE,,True,COVERED
COV-00402,physical_outer_member,90_FUENTES_INTEGRAS/GEOMETRY_OMEGA_TEORIA_COMPLETA_V1_0/GEOMETRY_OMEGA_TEORIA_COMPLETA_V1_0/10_FUENTES_ORIGINALES/DATOS_CSV/Geometry_Omega_Alpha_Preformation_Transfer_v70.csv,.csv,309,5f1204bd610cb84c1006f8cd7fd97325973605b13938b9452791da01ab9bd976,COVERED,SOURCE_ZIP_INVENTORY_EXTRACTED_EXACT,COVERED,dataset_catalog_recomputed_exact,NOT_APPLICABLE,NOT_APPLICABLE,NOT_APPLICABLE,NOT_APPLICABLE,,True,COVERED
COV-00403,physical_outer_member,90_FUENTES_INTEGRAS/GEOMETRY_OMEGA_TEORIA_COMPLETA_V1_0/GEOMETRY_OMEGA_TEORIA_COMPLETA_V1_0/10_FUENTES_ORIGINALES/DATOS_CSV/Geometry_Omega_Alpha_Relational_Network_Coefficients_v71.csv,.csv,1448,2a2ef0db6b460d399cadc05b9c68c6caeb719b5b093709b6562445eb2b623e77,COVERED,SOURCE_ZIP_INVENTORY_EXTRACTED_EXACT,COVERED,dataset_catalog_recomputed_exact,NOT_APPLICABLE,NOT_APPLICABLE,NOT_APPLICABLE,NOT_APPLICABLE,,True,COVERED
COV-00404,physical_outer_member,90_FUENTES_INTEGRAS/GEOMETRY_OMEGA_TEORIA_COMPLETA_V1_0/GEOMETRY_OMEGA_TEORIA_COMPLETA_V1_0/10_FUENTES_ORIGINALES/DATOS_CSV/Geometry_Omega_Alpha_Relational_Network_Correlations_v71.csv,.csv,286,881e16fa4e3287e3a826d4e6c4b58aa05a73edea2f33422ebbf476c06d306bed,COVERED,SOURCE_ZIP_INVENTORY_EXTRACTED_EXACT,COVERED,dataset_catalog_recomputed_exact,NOT_APPLICABLE,NOT_APPLICABLE,NOT_APPLICABLE,NOT_APPLICABLE,,True,COVERED
COV-00405,physical_outer_member,90_FUENTES_INTEGRAS/GEOMETRY_OMEGA_TEORIA_COMPLETA_V1_0/GEOMETRY_OMEGA_TEORIA_COMPLETA_V1_0/10_FUENTES_ORIGINALES/DATOS_CSV/Geometry_Omega_Alpha_Relational_Network_Models_v71.csv,.csv,1065,8fb998ef07b13050622838d25428723fa598e20f5fed2274ac6587f2dc853b5c,COVERED,SOURCE_ZIP_INVENTORY_EXTRACTED_EXACT,COVERED,dataset_catalog_recomputed_exact,NOT_APPLICABLE,NOT_APPLICABLE,NOT_APPLICABLE,NOT_APPLICABLE,,True,COVERED
COV-00406,physical_outer_member,90_FUENTES_INTEGRAS/GEOMETRY_OMEGA_TEORIA_COMPLETA_V1_0/GEOMETRY_OMEGA_TEORIA_COMPLETA_V1_0/10_FUENTES_ORIGINALES/DATOS_CSV/Geometry_Omega_Alpha_Relational_Network_Predictions_v71.csv,.csv,60136,ba5b939925cb9f58ad1d9ff09bc01652f7264f3159626b1488b8200fc5e68fc7,COVERED,SOURCE_ZIP_INVENTORY_EXTRACTED_EXACT,COVERED,dataset_catalog_recomputed_exact,NOT_APPLICABLE,NOT_APPLICABLE,NOT_APPLICABLE,NOT_APPLICABLE,,True,COVERED
COV-00407,physical_outer_member,90_FUENTES_INTEGRAS/GEOMETRY_OMEGA_TEORIA_COMPLETA_V1_0/GEOMETRY_OMEGA_TEORIA_COMPLETA_V1_0/10_FUENTES_ORIGINALES/DATOS_CSV/Geometry_Omega_Alpha_Relational_Network_Residuals_v71.csv,.csv,49869,248fe60469aa4ef9b681c2d60cfd6412dcaa9555b69b56454035125a336f548c,COVERED,SOURCE_ZIP_INVENTORY_EXTRACTED_EXACT,COVERED,dataset_catalog_recomputed_exact,NOT_APPLICABLE,NOT_APPLICABLE,NOT_APPLICABLE,NOT_APPLICABLE,,True,COVERED
COV-00408,physical_outer_member,90_FUENTES_INTEGRAS/GEOMETRY_OMEGA_TEORIA_COMPLETA_V1_0/GEOMETRY_OMEGA_TEORIA_COMPLETA_V1_0/10_FUENTES_ORIGINALES/DATOS_CSV/Geometry_Omega_Alpha_Relational_Network_v71.csv,.csv,118537,52853a02bb12b2b18d5ed59f23b20d5ffcc1c664e219e704984e1a71f57c4b7b,COVERED,SOURCE_ZIP_INVENTORY_EXTRACTED_EXACT,COVERED,dataset_catalog_recomputed_exact,NOT_APPLICABLE,NOT_APPLICABLE,NOT_APPLICABLE,NOT_APPLICABLE,,True,COVERED
COV-00409,physical_outer_member,90_FUENTES_INTEGRAS/GEOMETRY_OMEGA_TEORIA_COMPLETA_V1_0/GEOMETRY_OMEGA_TEORIA_COMPLETA_V1_0/10_FUENTES_ORIGINALES/DATOS_CSV/Geometry_Omega_Alpha_Residual_Diagnostics_v67.csv,.csv,690,f8121fc7e804654b3f0345d75e6f99f2fd8971c9c38b95219bfa96af370c41cf,COVERED,SOURCE_ZIP_INVENTORY_EXTRACTED_EXACT,COVERED,dataset_catalog_recomputed_exact,NOT_APPLICABLE,NOT_APPLICABLE,NOT_APPLICABLE,NOT_APPLICABLE,,True,COVERED
COV-00410,physical_outer_member,90_FUENTES_INTEGRAS/GEOMETRY_OMEGA_TEORIA_COMPLETA_V1_0/GEOMETRY_OMEGA_TEORIA_COMPLETA_V1_0/10_FUENTES_ORIGINALES/DATOS_CSV/Geometry_Omega_Area_Law_Summary_v53_2026-08-01.csv,.csv,276,b2651c5b5515d015dcc0967c178976d2183f5244c5bff384730a7a6ecfb433e4,COVERED,SOURCE_ZIP_INVENTORY_EXTRACTED_EXACT,COVERED,dataset_catalog_recomputed_exact,NOT_APPLICABLE,NOT_APPLICABLE,NOT_APPLICABLE,NOT_APPLICABLE,,True,COVERED
COV-00411,physical_outer_member,90_FUENTES_INTEGRAS/GEOMETRY_OMEGA_TEORIA_COMPLETA_V1_0/GEOMETRY_OMEGA_TEORIA_COMPLETA_V1_0/10_FUENTES_ORIGINALES/DATOS_CSV/Geometry_Omega_Area_Volume_Counting_v53_2026-08-01.csv,.csv,1790,3400c8b8595b14af202d3a12abe6504df497337a0a4a0ffc09f4760174d69a8f,COVERED,SOURCE_ZIP_INVENTORY_EXTRACTED_EXACT,COVERED,dataset_catalog_recomputed_exact,NOT_APPLICABLE,NOT_APPLICABLE,NOT_APPLICABLE,NOT_APPLICABLE,,True,COVERED
COV-00412,physical_outer_member,90_FUENTES_INTEGRAS/GEOMETRY_OMEGA_TEORIA_COMPLETA_V1_0/GEOMETRY_OMEGA_TEORIA_COMPLETA_V1_0/10_FUENTES_ORIGINALES/DATOS_CSV/Geometry_Omega_Brecha_Espectral_Limite_v37_2026-08-01.csv,.csv,1276,0ee375a25196674d88e294e45f6fce80388902671452d6480695add0f7aa8a61,COVERED,SOURCE_ZIP_INVENTORY_EXTRACTED_EXACT,COVERED,dataset_catalog_recomputed_exact,NOT_APPLICABLE,NOT_APPLICABLE,NOT_APPLICABLE,NOT_APPLICABLE,,True,COVERED
COV-00413,physical_outer_member,90_FUENTES_INTEGRAS/GEOMETRY_OMEGA_TEORIA_COMPLETA_V1_0/GEOMETRY_OMEGA_TEORIA_COMPLETA_V1_0/10_FUENTES_ORIGINALES/DATOS_CSV/Geometry_Omega_Canales_Cuanticos_Fase_v41_2026-08-01.csv,.csv,33717,b1058aff39be7466601cbada532966123b9f6dc9f9f54d550eabbedd72109a80,COVERED,SOURCE_ZIP_INVENTORY_EXTRACTED_EXACT,COVERED,dataset_catalog_recomputed_exact,NOT_APPLICABLE,NOT_APPLICABLE,NOT_APPLICABLE,NOT_APPLICABLE,,True,COVERED
COV-00414,physical_outer_member,90_FUENTES_INTEGRAS/GEOMETRY_OMEGA_TEORIA_COMPLETA_V1_0/GEOMETRY_OMEGA_TEORIA_COMPLETA_V1_0/10_FUENTES_ORIGINALES/DATOS_CSV/Geometry_Omega_Capacity_Orientation_Classes_v78.csv,.csv,441,004562355d5a37eb931e38de0a92a5f2ce852baeda8952a458f294e8d089be0e,COVERED,SOURCE_ZIP_INVENTORY_EXTRACTED_EXACT,COVERED,dataset_catalog_recomputed_exact,NOT_APPLICABLE,NOT_APPLICABLE,NOT_APPLICABLE,NOT_APPLICABLE,,True,COVERED
COV-00415,physical_outer_member,90_FUENTES_INTEGRAS/GEOMETRY_OMEGA_TEORIA_COMPLETA_V1_0/GEOMETRY_OMEGA_TEORIA_COMPLETA_V1_0/10_FUENTES_ORIGINALES/DATOS_CSV/Geometry_Omega_Cargado_Neutral_Limit_v15_2026-07-31.csv,.csv,1098,4db9cddaa10acf418aa0cd4778c3485ebe067b9284fed7f06cf8209e54df7c9f,COVERED,SOURCE_ZIP_INVENTORY_EXTRACTED_EXACT,COVERED,dataset_catalog_recomputed_exact,NOT_APPLICABLE,NOT_APPLICABLE,NOT_APPLICABLE,NOT_APPLICABLE,,True,COVERED
COV-00416,physical_outer_member,90_FUENTES_INTEGRAS/GEOMETRY_OMEGA_TEORIA_COMPLETA_V1_0/GEOMETRY_OMEGA_TEORIA_COMPLETA_V1_0/10_FUENTES_ORIGINALES/DATOS_CSV/Geometry_Omega_Causal_Chain_Combinations_v81.csv,.csv,739,388976fb7e08cba996bd3ce6bb7099f3d2be73f3519253367b88df3b39239076,COVERED,SOURCE_ZIP_INVENTORY_EXTRACTED_EXACT,COVERED,dataset_catalog_recomputed_exact,NOT_APPLICABLE,NOT_APPLICABLE,NOT_APPLICABLE,NOT_APPLICABLE,,True,COVERED
COV-00417,physical_outer_member,90_FUENTES_INTEGRAS/GEOMETRY_OMEGA_TEORIA_COMPLETA_V1_0/GEOMETRY_OMEGA_TEORIA_COMPLETA_V1_0/10_FUENTES_ORIGINALES/DATOS_CSV/Geometry_Omega_Causal_Chain_Locality_v81.csv,.csv,202,033e6671076f576dcecd286194aa5e815810e5729866a2c3ea8bccfaa1d2b2b2,COVERED,SOURCE_ZIP_INVENTORY_EXTRACTED_EXACT,COVERED,dataset_catalog_recomputed_exact,NOT_APPLICABLE,NOT_APPLICABLE,NOT_APPLICABLE,NOT_APPLICABLE,,True,COVERED
COV-00418,physical_outer_member,90_FUENTES_INTEGRAS/GEOMETRY_OMEGA_TEORIA_COMPLETA_V1_0/GEOMETRY_OMEGA_TEORIA_COMPLETA_V1_0/10_FUENTES_ORIGINALES/DATOS_CSV/Geometry_Omega_Causal_Chain_Propagation_Summary_v81.csv,.csv,285,42530f46b39d9ee272b9d7b300062f7d14411ec62a2f8995ee19786d1a2b64ba,COVERED,SOURCE_ZIP_INVENTORY_EXTRACTED_EXACT,COVERED,dataset_catalog_recomputed_exact,NOT_APPLICABLE,NOT_APPLICABLE,NOT_APPLICABLE,NOT_APPLICABLE,,True,COVERED
COV-00419,physical_outer_member,90_FUENTES_INTEGRAS/GEOMETRY_OMEGA_TEORIA_COMPLETA_V1_0/GEOMETRY_OMEGA_TEORIA_COMPLETA_V1_0/10_FUENTES_ORIGINALES/DATOS_CSV/Geometry_Omega_Causal_Chain_Propagation_v81.csv,.csv,19959,741771288710b3318244c6a298ed2fb28939260cc48ca8143983cb8825278ece,COVERED,SOURCE_ZIP_INVENTORY_EXTRACTED_EXACT,COVERED,dataset_catalog_recomputed_exact,NOT_APPLICABLE,NOT_APPLICABLE,NOT_APPLICABLE,NOT_APPLICABLE,,True,COVERED
COV-00420,physical_outer_member,90_FUENTES_INTEGRAS/GEOMETRY_OMEGA_TEORIA_COMPLETA_V1_0/GEOMETRY_OMEGA_TEORIA_COMPLETA_V1_0/10_FUENTES_ORIGINALES/DATOS_CSV/Geometry_Omega_Causal_Chain_Verdict_v81.csv,.csv,428,ade5822b714b5965c2276567600ee6de446995ccf89281878fe023b31c911c92,COVERED,SOURCE_ZIP_INVENTORY_EXTRACTED_EXACT,COVERED,dataset_catalog_recomputed_exact,NOT_APPLICABLE,NOT_APPLICABLE,NOT_APPLICABLE,NOT_APPLICABLE,,True,COVERED
COV-00421,physical_outer_member,90_FUENTES_INTEGRAS/GEOMETRY_OMEGA_TEORIA_COMPLETA_V1_0/GEOMETRY_OMEGA_TEORIA_COMPLETA_V1_0/10_FUENTES_ORIGINALES/DATOS_CSV/Geometry_Omega_Causal_Update_Verdict_v82.csv,.csv,752,159b56f034f50843eb122070d599c9073be6964f10f12a2cbd70a753a50cdad0,COVERED,SOURCE_ZIP_INVENTORY_EXTRACTED_EXACT,COVERED,dataset_catalog_recomputed_exact,NOT_APPLICABLE,NOT_APPLICABLE,NOT_APPLICABLE,NOT_APPLICABLE,,True,COVERED
COV-00422,physical_outer_member,90_FUENTES_INTEGRAS/GEOMETRY_OMEGA_TEORIA_COMPLETA_V1_0/GEOMETRY_OMEGA_TEORIA_COMPLETA_V1_0/10_FUENTES_ORIGINALES/DATOS_CSV/Geometry_Omega_Causal_Walk_Continuum_Summary_v82.csv,.csv,239,57f4d54761d2544fedd100108c4058a67ee2e653bdec020dde96d822595ae203,COVERED,SOURCE_ZIP_INVENTORY_EXTRACTED_EXACT,COVERED,dataset_catalog_recomputed_exact,NOT_APPLICABLE,NOT_APPLICABLE,NOT_APPLICABLE,NOT_APPLICABLE,,True,COVERED
COV-00423,physical_outer_member,90_FUENTES_INTEGRAS/GEOMETRY_OMEGA_TEORIA_COMPLETA_V1_0/GEOMETRY_OMEGA_TEORIA_COMPLETA_V1_0/10_FUENTES_ORIGINALES/DATOS_CSV/Geometry_Omega_Causal_Walk_Continuum_v82.csv,.csv,10262,9b27113f2e182f9982b0a6f1c364db6861c4907c64e6b35ec1e2b8f1449f253d,COVERED,SOURCE_ZIP_INVENTORY_EXTRACTED_EXACT,COVERED,dataset_catalog_recomputed_exact,NOT_APPLICABLE,NOT_APPLICABLE,NOT_APPLICABLE,NOT_APPLICABLE,,True,COVERED
COV-00424,physical_outer_member,90_FUENTES_INTEGRAS/GEOMETRY_OMEGA_TEORIA_COMPLETA_V1_0/GEOMETRY_OMEGA_TEORIA_COMPLETA_V1_0/10_FUENTES_ORIGINALES/DATOS_CSV/Geometry_Omega_Causal_Walk_Dispersion_v82.csv,.csv,831863,407f1eac8834afc8c5840db09fc0d876287b5bff00c1432e769a041ad27e15e0,COVERED,SOURCE_ZIP_INVENTORY_EXTRACTED_EXACT,COVERED,dataset_catalog_recomputed_exact,NOT_APPLICABLE,NOT_APPLICABLE,NOT_APPLICABLE,NOT_APPLICABLE,,True,COVERED
COV-00425,physical_outer_member,90_FUENTES_INTEGRAS/GEOMETRY_OMEGA_TEORIA_COMPLETA_V1_0/GEOMETRY_OMEGA_TEORIA_COMPLETA_V1_0/10_FUENTES_ORIGINALES/DATOS_CSV/Geometry_Omega_Causal_Walk_Realspace_v82.csv,.csv,96378,24508017eb2307b822265831d5fc75a4ee11253e3f24c0042acf1b3a81f52193,COVERED,SOURCE_ZIP_INVENTORY_EXTRACTED_EXACT,COVERED,dataset_catalog_recomputed_exact,NOT_APPLICABLE,NOT_APPLICABLE,NOT_APPLICABLE,NOT_APPLICABLE,,True,COVERED
COV-00426,physical_outer_member,90_FUENTES_INTEGRAS/GEOMETRY_OMEGA_TEORIA_COMPLETA_V1_0/GEOMETRY_OMEGA_TEORIA_COMPLETA_V1_0/10_FUENTES_ORIGINALES/DATOS_CSV/Geometry_Omega_Causal_Walk_Reversal_v82.csv,.csv,475,ba105d5774038053a01170c1d1254fb394928ee6d82a90a8f4da61009da8cc40,COVERED,SOURCE_ZIP_INVENTORY_EXTRACTED_EXACT,COVERED,dataset_catalog_recomputed_exact,NOT_APPLICABLE,NOT_APPLICABLE,NOT_APPLICABLE,NOT_APPLICABLE,,True,COVERED
COV-00427,physical_outer_member,90_FUENTES_INTEGRAS/GEOMETRY_OMEGA_TEORIA_COMPLETA_V1_0/GEOMETRY_OMEGA_TEORIA_COMPLETA_V1_0/10_FUENTES_ORIGINALES/DATOS_CSV/Geometry_Omega_Causal_Walk_Velocity_v82.csv,.csv,366,1044b6717374a7ff9630f254c3f99b11a4efbbeb3f2caf5d3c9e735020553bbf,COVERED,SOURCE_ZIP_INVENTORY_EXTRACTED_EXACT,COVERED,dataset_catalog_recomputed_exact,NOT_APPLICABLE,NOT_APPLICABLE,NOT_APPLICABLE,NOT_APPLICABLE,,True,COVERED
COV-00428,physical_outer_member,90_FUENTES_INTEGRAS/GEOMETRY_OMEGA_TEORIA_COMPLETA_V1_0/GEOMETRY_OMEGA_TEORIA_COMPLETA_V1_0/10_FUENTES_ORIGINALES/DATOS_CSV/Geometry_Omega_Charge_Conjugate_Response_v88.csv,.csv,14773,751c4a1f2b23eff7f19e1be86a2ec1e065e02ef0e0a41e1a67f539a9f5271255,COVERED,SOURCE_ZIP_INVENTORY_EXTRACTED_EXACT,COVERED,dataset_catalog_recomputed_exact,NOT_APPLICABLE,NOT_APPLICABLE,NOT_APPLICABLE,NOT_APPLICABLE,,True,COVERED
COV-00429,physical_outer_member,90_FUENTES_INTEGRAS/GEOMETRY_OMEGA_TEORIA_COMPLETA_V1_0/GEOMETRY_OMEGA_TEORIA_COMPLETA_V1_0/10_FUENTES_ORIGINALES/DATOS_CSV/Geometry_Omega_Charge_Response_Summary_v88.csv,.csv,203,e1b39abefc78b3dd744578385d23a8605a6c3ceb6f2dbf0b8f6610482accf1f0,COVERED,SOURCE_ZIP_INVENTORY_EXTRACTED_EXACT,COVERED,dataset_catalog_recomputed_exact,NOT_APPLICABLE,NOT_APPLICABLE,NOT_APPLICABLE,NOT_APPLICABLE,,True,COVERED
COV-00430,physical_outer_member,90_FUENTES_INTEGRAS/GEOMETRY_OMEGA_TEORIA_COMPLETA_V1_0/GEOMETRY_OMEGA_TEORIA_COMPLETA_V1_0/10_FUENTES_ORIGINALES/DATOS_CSV/Geometry_Omega_Charged_Conservation_Checks_v11_2026-07-31.csv,.csv,853,239a58500da6ada4784fa82f57d347c3542dbd13873f9b64acc86cde450207e4,COVERED,SOURCE_ZIP_INVENTORY_EXTRACTED_EXACT,COVERED,dataset_catalog_recomputed_exact,NOT_APPLICABLE,NOT_APPLICABLE,NOT_APPLICABLE,NOT_APPLICABLE,,True,COVERED
COV-00431,physical_outer_member,90_FUENTES_INTEGRAS/GEOMETRY_OMEGA_TEORIA_COMPLETA_V1_0/GEOMETRY_OMEGA_TEORIA_COMPLETA_V1_0/10_FUENTES_ORIGINALES/DATOS_CSV/Geometry_Omega_Charged_Critical_Points_Refined_v23_2026-07-31.csv,.csv,664,11cc92b2cd7521c561a8c730310ca7e1a90ede5777f20dd86c00390ad42f382b,COVERED,SOURCE_ZIP_INVENTORY_EXTRACTED_EXACT,COVERED,dataset_catalog_recomputed_exact,NOT_APPLICABLE,NOT_APPLICABLE,NOT_APPLICABLE,NOT_APPLICABLE,,True,COVERED
COV-00432,physical_outer_member,90_FUENTES_INTEGRAS/GEOMETRY_OMEGA_TEORIA_COMPLETA_V1_0/GEOMETRY_OMEGA_TEORIA_COMPLETA_V1_0/10_FUENTES_ORIGINALES/DATOS_CSV/Geometry_Omega_Charged_Critical_Points_v10_2026-07-31.csv,.csv,298,7be05d1d75f5ce211e19b77a88c00d3fcb9157b724838d52c630a130a7b61bb8,COVERED,SOURCE_ZIP_INVENTORY_EXTRACTED_EXACT,COVERED,dataset_catalog_recomputed_exact,NOT_APPLICABLE,NOT_APPLICABLE,NOT_APPLICABLE,NOT_APPLICABLE,,True,COVERED
COV-00433,physical_outer_member,90_FUENTES_INTEGRAS/GEOMETRY_OMEGA_TEORIA_COMPLETA_V1_0/GEOMETRY_OMEGA_TEORIA_COMPLETA_V1_0/10_FUENTES_ORIGINALES/DATOS_CSV/Geometry_Omega_Charged_Full_Branches_v10.csv,.csv,26582,abca41ad310f9a2b04a5a8095549c5c09bf49ca58d5da3fd08ca65647c93a48e,COVERED,SOURCE_ZIP_INVENTORY_EXTRACTED_EXACT,COVERED,dataset_catalog_recomputed_exact,NOT_APPLICABLE,NOT_APPLICABLE,NOT_APPLICABLE,NOT_APPLICABLE,,True,COVERED
COV-00434,physical_outer_member,90_FUENTES_INTEGRAS/GEOMETRY_OMEGA_TEORIA_COMPLETA_V1_0/GEOMETRY_OMEGA_TEORIA_COMPLETA_V1_0/10_FUENTES_ORIGINALES/DATOS_CSV/Geometry_Omega_Charged_Reverse_Branches_v10.csv,.csv,2092,b865f6b23f72b866d9abeaf60f0fbf5bd65ce393dbd45219179790807af57d2d,COVERED,SOURCE_ZIP_INVENTORY_EXTRACTED_EXACT,COVERED,dataset_catalog_recomputed_exact,NOT_APPLICABLE,NOT_APPLICABLE,NOT_APPLICABLE,NOT_APPLICABLE,,True,COVERED
COV-00435,physical_outer_member,90_FUENTES_INTEGRAS/GEOMETRY_OMEGA_TEORIA_COMPLETA_V1_0/GEOMETRY_OMEGA_TEORIA_COMPLETA_V1_0/10_FUENTES_ORIGINALES/DATOS_CSV/Geometry_Omega_Charged_Static_Tangent_Profiles_v22_2026-07-31.csv,.csv,1996333,51367700acf435895800db203d61fb456b92accf019802bc7a265ecf5c8d0aad,COVERED,SOURCE_ZIP_INVENTORY_EXTRACTED_EXACT,COVERED,dataset_catalog_recomputed_exact,NOT_APPLICABLE,NOT_APPLICABLE,NOT_APPLICABLE,NOT_APPLICABLE,,True,COVERED
COV-00436,physical_outer_member,90_FUENTES_INTEGRAS/GEOMETRY_OMEGA_TEORIA_COMPLETA_V1_0/GEOMETRY_OMEGA_TEORIA_COMPLETA_V1_0/10_FUENTES_ORIGINALES/DATOS_CSV/Geometry_Omega_Charged_Static_Zero_Mode_Check_v22_2026-07-31.csv,.csv,4878,d91064ecce412971a2743e72a90cc5c6b9d2c6e25939c0c9527faf16bbac34ba,COVERED,SOURCE_ZIP_INVENTORY_EXTRACTED_EXACT,COVERED,dataset_catalog_recomputed_exact,NOT_APPLICABLE,NOT_APPLICABLE,NOT_APPLICABLE,NOT_APPLICABLE,,True,COVERED
COV-00437,physical_outer_member,90_FUENTES_INTEGRAS/GEOMETRY_OMEGA_TEORIA_COMPLETA_V1_0/GEOMETRY_OMEGA_TEORIA_COMPLETA_V1_0/10_FUENTES_ORIGINALES/DATOS_CSV/Geometry_Omega_Ciclos_Dimension_Phase_v40_2026-08-01.csv,.csv,2499436,7fe5066e7ab9868f8112057bef35d5c0c8565816422476f1b2108788b66b48b9,COVERED,SOURCE_ZIP_INVENTORY_EXTRACTED_EXACT,COVERED,dataset_catalog_recomputed_exact,NOT_APPLICABLE,NOT_APPLICABLE,NOT_APPLICABLE,NOT_APPLICABLE,,True,COVERED
COV-00438,physical_outer_member,90_FUENTES_INTEGRAS/GEOMETRY_OMEGA_TEORIA_COMPLETA_V1_0/GEOMETRY_OMEGA_TEORIA_COMPLETA_V1_0/10_FUENTES_ORIGINALES/DATOS_CSV/Geometry_Omega_Ciclos_Marginales_v40_2026-08-01.csv,.csv,2641,3f6fee820c565242c5946d1b31ebc1940374704fdfba4a0bf93c0b4b300b557a,COVERED,SOURCE_ZIP_INVENTORY_EXTRACTED_EXACT,COVERED,dataset_catalog_recomputed_exact,NOT_APPLICABLE,NOT_APPLICABLE,NOT_APPLICABLE,NOT_APPLICABLE,,True,COVERED
COV-00439,physical_outer_member,90_FUENTES_INTEGRAS/GEOMETRY_OMEGA_TEORIA_COMPLETA_V1_0/GEOMETRY_OMEGA_TEORIA_COMPLETA_V1_0/10_FUENTES_ORIGINALES/DATOS_CSV/Geometry_Omega_Ciclos_Orientados_v63.csv,.csv,1772,7d4aeba33fafb6908a5221cd60915b325d0becb845c77315fdedeff7235f3c00,COVERED,SOURCE_ZIP_INVENTORY_EXTRACTED_EXACT,COVERED,dataset_catalog_recomputed_exact,NOT_APPLICABLE,NOT_APPLICABLE,NOT_APPLICABLE,NOT_APPLICABLE,,True,COVERED
COV-00440,physical_outer_member,90_FUENTES_INTEGRAS/GEOMETRY_OMEGA_TEORIA_COMPLETA_V1_0/GEOMETRY_OMEGA_TEORIA_COMPLETA_V1_0/10_FUENTES_ORIGINALES/DATOS_CSV/Geometry_Omega_Cierre_Ciclos_Rango_Interno_v43_2026-08-01.csv,.csv,220,97cbc6a70451fb0f755055577e0cb8a9da1c8f65902b4bc4669c601d9ae6e0fb,COVERED,SOURCE_ZIP_INVENTORY_EXTRACTED_EXACT,COVERED,dataset_catalog_recomputed_exact,NOT_APPLICABLE,NOT_APPLICABLE,NOT_APPLICABLE,NOT_APPLICABLE,,True,COVERED
COV-00441,physical_outer_member,90_FUENTES_INTEGRAS/GEOMETRY_OMEGA_TEORIA_COMPLETA_V1_0/GEOMETRY_OMEGA_TEORIA_COMPLETA_V1_0/10_FUENTES_ORIGINALES/DATOS_CSV/Geometry_Omega_Cierre_Ciclos_Rangos_v43_2026-08-01.csv,.csv,873,8a51d26f9a648a132f20fd19590306ec8307d01206322d55536a1e5cbd49e516,COVERED,SOURCE_ZIP_INVENTORY_EXTRACTED_EXACT,COVERED,dataset_catalog_recomputed_exact,NOT_APPLICABLE,NOT_APPLICABLE,NOT_APPLICABLE,NOT_APPLICABLE,,True,COVERED
COV-00442,physical_outer_member,90_FUENTES_INTEGRAS/GEOMETRY_OMEGA_TEORIA_COMPLETA_V1_0/GEOMETRY_OMEGA_TEORIA_COMPLETA_V1_0/10_FUENTES_ORIGINALES/DATOS_CSV/Geometry_Omega_Clifford_Minimal_Dimensions_v42_2026-08-01.csv,.csv,205,8757df889a99d4889314637e650bccf490d31af6f4795d80feae13699174c12d,COVERED,SOURCE_ZIP_INVENTORY_EXTRACTED_EXACT,COVERED,dataset_catalog_recomputed_exact,NOT_APPLICABLE,NOT_APPLICABLE,NOT_APPLICABLE,NOT_APPLICABLE,,True,COVERED
COV-00443,physical_outer_member,90_FUENTES_INTEGRAS/GEOMETRY_OMEGA_TEORIA_COMPLETA_V1_0/GEOMETRY_OMEGA_TEORIA_COMPLETA_V1_0/10_FUENTES_ORIGINALES/DATOS_CSV/Geometry_Omega_Collision_Collapse_Trajectory_v51_2026-08-01.csv,.csv,46503,c87c71f900594d260efa2cd786c0399ef114011f151dba5bb7cc5d802dbba474,COVERED,SOURCE_ZIP_INVENTORY_EXTRACTED_EXACT,COVERED,dataset_catalog_recomputed_exact,NOT_APPLICABLE,NOT_APPLICABLE,NOT_APPLICABLE,NOT_APPLICABLE,,True,COVERED
COV-00444,physical_outer_member,90_FUENTES_INTEGRAS/GEOMETRY_OMEGA_TEORIA_COMPLETA_V1_0/GEOMETRY_OMEGA_TEORIA_COMPLETA_V1_0/10_FUENTES_ORIGINALES/DATOS_CSV/Geometry_Omega_Collision_Conservation_Checks_v51_2026-08-01.csv,.csv,333,5489f14b6d08e65c0b2588dfdf090e7f878b1c4ccb10a3f58bb5f671cbfcd5a1,COVERED,SOURCE_ZIP_INVENTORY_EXTRACTED_EXACT,COVERED,dataset_catalog_recomputed_exact,NOT_APPLICABLE,NOT_APPLICABLE,NOT_APPLICABLE,NOT_APPLICABLE,,True,COVERED
COV-00445,physical_outer_member,90_FUENTES_INTEGRAS/GEOMETRY_OMEGA_TEORIA_COMPLETA_V1_0/GEOMETRY_OMEGA_TEORIA_COMPLETA_V1_0/10_FUENTES_ORIGINALES/DATOS_CSV/Geometry_Omega_Collision_Effective_Generator_v51_2026-08-01.csv,.csv,220,63090c847b6027bb8c27d71685bdffb9d6c1a7cbe7e2dd907034a3e00bb5e41a,COVERED,SOURCE_ZIP_INVENTORY_EXTRACTED_EXACT,COVERED,dataset_catalog_recomputed_exact,NOT_APPLICABLE,NOT_APPLICABLE,NOT_APPLICABLE,NOT_APPLICABLE,,True,COVERED
COV-00446,physical_outer_member,90_FUENTES_INTEGRAS/GEOMETRY_OMEGA_TEORIA_COMPLETA_V1_0/GEOMETRY_OMEGA_TEORIA_COMPLETA_V1_0/10_FUENTES_ORIGINALES/DATOS_CSV/Geometry_Omega_Collision_Reversal_Cost_v51_2026-08-01.csv,.csv,716,945f6bce129557436bfee746fd5cf7f9436a07217c39814f3a66c4fdffc7b45f,COVERED,SOURCE_ZIP_INVENTORY_EXTRACTED_EXACT,COVERED,dataset_catalog_recomputed_exact,NOT_APPLICABLE,NOT_APPLICABLE,NOT_APPLICABLE,NOT_APPLICABLE,,True,COVERED
COV-00447,physical_outer_member,90_FUENTES_INTEGRAS/GEOMETRY_OMEGA_TEORIA_COMPLETA_V1_0/GEOMETRY_OMEGA_TEORIA_COMPLETA_V1_0/10_FUENTES_ORIGINALES/DATOS_CSV/Geometry_Omega_Compact_Connection_Dynamics_v90.csv,.csv,135626,d8dfaa177a13604ef91bcff56df5a6acb4dd1468732d4c86e02b43cf4f5525da,COVERED,SOURCE_ZIP_INVENTORY_EXTRACTED_EXACT,COVERED,dataset_catalog_recomputed_exact,NOT_APPLICABLE,NOT_APPLICABLE,NOT_APPLICABLE,NOT_APPLICABLE,,True,COVERED
COV-00448,physical_outer_member,90_FUENTES_INTEGRAS/GEOMETRY_OMEGA_TEORIA_COMPLETA_V1_0/GEOMETRY_OMEGA_TEORIA_COMPLETA_V1_0/10_FUENTES_ORIGINALES/DATOS_CSV/Geometry_Omega_Compact_Wave_Speed_Summary_v90.csv,.csv,317,dd539d0bf80a266d8ec363ae4addd95e4e5d61e99692fbcdb7b87490d7234e53,COVERED,SOURCE_ZIP_INVENTORY_EXTRACTED_EXACT,COVERED,dataset_catalog_recomputed_exact,NOT_APPLICABLE,NOT_APPLICABLE,NOT_APPLICABLE,NOT_APPLICABLE,,True,COVERED
COV-00449,physical_outer_member,90_FUENTES_INTEGRAS/GEOMETRY_OMEGA_TEORIA_COMPLETA_V1_0/GEOMETRY_OMEGA_TEORIA_COMPLETA_V1_0/10_FUENTES_ORIGINALES/DATOS_CSV/Geometry_Omega_Conditional_Area_Thermodynamics_v53_2026-08-01.csv,.csv,13933,b2f84b3753d4b67c2658fb426e5713c00595c41db0761db831604ae1d6e4cf47,COVERED,SOURCE_ZIP_INVENTORY_EXTRACTED_EXACT,COVERED,dataset_catalog_recomputed_exact,NOT_APPLICABLE,NOT_APPLICABLE,NOT_APPLICABLE,NOT_APPLICABLE,,True,COVERED
COV-00450,physical_outer_member,90_FUENTES_INTEGRAS/GEOMETRY_OMEGA_TEORIA_COMPLETA_V1_0/GEOMETRY_OMEGA_TEORIA_COMPLETA_V1_0/10_FUENTES_ORIGINALES/DATOS_CSV/Geometry_Omega_Conjugated_Charge_Coupling_v85.csv,.csv,91,ba8fd50f383190f69b921b2492ba73d2ef9c8451d2c6ce0e12b5412153eeee26,COVERED,SOURCE_ZIP_INVENTORY_EXTRACTED_EXACT,COVERED,dataset_catalog_recomputed_exact,NOT_APPLICABLE,NOT_APPLICABLE,NOT_APPLICABLE,NOT_APPLICABLE,,True,COVERED
COV-00451,physical_outer_member,90_FUENTES_INTEGRAS/GEOMETRY_OMEGA_TEORIA_COMPLETA_V1_0/GEOMETRY_OMEGA_TEORIA_COMPLETA_V1_0/10_FUENTES_ORIGINALES/DATOS_CSV/Geometry_Omega_Conjugation_Eigenstate_Mapping_v85.csv,.csv,142767,c0aa46d091d47e6c8757b4020df1f292d5e5f7d9db344f331750e75ed23c1851,COVERED,SOURCE_ZIP_INVENTORY_EXTRACTED_EXACT,COVERED,dataset_catalog_recomputed_exact,NOT_APPLICABLE,NOT_APPLICABLE,NOT_APPLICABLE,NOT_APPLICABLE,,True,COVERED
COV-00452,physical_outer_member,90_FUENTES_INTEGRAS/GEOMETRY_OMEGA_TEORIA_COMPLETA_V1_0/GEOMETRY_OMEGA_TEORIA_COMPLETA_V1_0/10_FUENTES_ORIGINALES/DATOS_CSV/Geometry_Omega_Conjugation_Interpretations_v85.csv,.csv,317,256d4fbb9c21f6c4b89282005a5ea2d6a529f124acbe86a131016c49e64ad4ee,COVERED,SOURCE_ZIP_INVENTORY_EXTRACTED_EXACT,COVERED,dataset_catalog_recomputed_exact,NOT_APPLICABLE,NOT_APPLICABLE,NOT_APPLICABLE,NOT_APPLICABLE,,True,COVERED
COV-00453,physical_outer_member,90_FUENTES_INTEGRAS/GEOMETRY_OMEGA_TEORIA_COMPLETA_V1_0/GEOMETRY_OMEGA_TEORIA_COMPLETA_V1_0/10_FUENTES_ORIGINALES/DATOS_CSV/Geometry_Omega_Conjugation_Mapping_Summary_v85.csv,.csv,252,41e1af06601c627af0c8b86151fb6d2adda91d30affe4448b7d726f4f605d412,COVERED,SOURCE_ZIP_INVENTORY_EXTRACTED_EXACT,COVERED,dataset_catalog_recomputed_exact,NOT_APPLICABLE,NOT_APPLICABLE,NOT_APPLICABLE,NOT_APPLICABLE,,True,COVERED
COV-00454,physical_outer_member,90_FUENTES_INTEGRAS/GEOMETRY_OMEGA_TEORIA_COMPLETA_V1_0/GEOMETRY_OMEGA_TEORIA_COMPLETA_V1_0/10_FUENTES_ORIGINALES/DATOS_CSV/Geometry_Omega_Conjugation_Search_v85.csv,.csv,4101,4c31f1171dac4995e7045e1cc07a7b5d0cbfa7c722cea56f8e9f13860ae41ffd,COVERED,SOURCE_ZIP_INVENTORY_EXTRACTED_EXACT,COVERED,dataset_catalog_recomputed_exact,NOT_APPLICABLE,NOT_APPLICABLE,NOT_APPLICABLE,NOT_APPLICABLE,,True,COVERED
COV-00455,physical_outer_member,90_FUENTES_INTEGRAS/GEOMETRY_OMEGA_TEORIA_COMPLETA_V1_0/GEOMETRY_OMEGA_TEORIA_COMPLETA_V1_0/10_FUENTES_ORIGINALES/DATOS_CSV/Geometry_Omega_Conjugation_Solutions_v85.csv,.csv,321,44bbb953a1c10781fd45f9313eb1fc48b1a1a8d8ffecbda19e76b09f11f6d52a,COVERED,SOURCE_ZIP_INVENTORY_EXTRACTED_EXACT,COVERED,dataset_catalog_recomputed_exact,NOT_APPLICABLE,NOT_APPLICABLE,NOT_APPLICABLE,NOT_APPLICABLE,,True,COVERED
COV-00456,physical_outer_member,90_FUENTES_INTEGRAS/GEOMETRY_OMEGA_TEORIA_COMPLETA_V1_0/GEOMETRY_OMEGA_TEORIA_COMPLETA_V1_0/10_FUENTES_ORIGINALES/DATOS_CSV/Geometry_Omega_Conjugation_Verdict_v85.csv,.csv,402,a3ba7f1d8932ff061232ae6ff6451929ca77c920dfd5e5698eab4c18bb9e47bb,COVERED,SOURCE_ZIP_INVENTORY_EXTRACTED_EXACT,COVERED,dataset_catalog_recomputed_exact,NOT_APPLICABLE,NOT_APPLICABLE,NOT_APPLICABLE,NOT_APPLICABLE,,True,COVERED
COV-00457,physical_outer_member,90_FUENTES_INTEGRAS/GEOMETRY_OMEGA_TEORIA_COMPLETA_V1_0/GEOMETRY_OMEGA_TEORIA_COMPLETA_V1_0/10_FUENTES_ORIGINALES/DATOS_CSV/Geometry_Omega_Connection_Dynamics_Verdict_v90.csv,.csv,677,a7e75e0b23d451e042dd72466bbe2642ec5d27202e02a6993a1fb3e1d8eb4b6f,COVERED,SOURCE_ZIP_INVENTORY_EXTRACTED_EXACT,COVERED,dataset_catalog_recomputed_exact,NOT_APPLICABLE,NOT_APPLICABLE,NOT_APPLICABLE,NOT_APPLICABLE,,True,COVERED
COV-00458,physical_outer_member,90_FUENTES_INTEGRAS/GEOMETRY_OMEGA_TEORIA_COMPLETA_V1_0/GEOMETRY_OMEGA_TEORIA_COMPLETA_V1_0/10_FUENTES_ORIGINALES/DATOS_CSV/Geometry_Omega_Connection_Mode_Spectrum_v90.csv,.csv,5679,f2c28b38c61bbcb7a9ad89f982dfe118901a7363513031162a18ec58f7f9795e,COVERED,SOURCE_ZIP_INVENTORY_EXTRACTED_EXACT,COVERED,dataset_catalog_recomputed_exact,NOT_APPLICABLE,NOT_APPLICABLE,NOT_APPLICABLE,NOT_APPLICABLE,,True,COVERED
COV-00459,physical_outer_member,90_FUENTES_INTEGRAS/GEOMETRY_OMEGA_TEORIA_COMPLETA_V1_0/GEOMETRY_OMEGA_TEORIA_COMPLETA_V1_0/10_FUENTES_ORIGINALES/DATOS_CSV/Geometry_Omega_Connection_Mode_Summary_v90.csv,.csv,148,5b2900d9c0e2f13a336f271189c8ec7270d05c6b2d5b1875ad9729cfec8ebf58,COVERED,SOURCE_ZIP_INVENTORY_EXTRACTED_EXACT,COVERED,dataset_catalog_recomputed_exact,NOT_APPLICABLE,NOT_APPLICABLE,NOT_APPLICABLE,NOT_APPLICABLE,,True,COVERED
COV-00460,physical_outer_member,90_FUENTES_INTEGRAS/GEOMETRY_OMEGA_TEORIA_COMPLETA_V1_0/GEOMETRY_OMEGA_TEORIA_COMPLETA_V1_0/10_FUENTES_ORIGINALES/DATOS_CSV/Geometry_Omega_Conservative_Mode_Profiles_e_to_zero_v19_2026-07-31.csv,.csv,192409,aa11e0b9384998ce819dcceb694046cf9338c9f7476601784775789d391dd1e2,COVERED,SOURCE_ZIP_INVENTORY_EXTRACTED_EXACT,COVERED,dataset_catalog_recomputed_exact,NOT_APPLICABLE,NOT_APPLICABLE,NOT_APPLICABLE,NOT_APPLICABLE,,True,COVERED
COV-00461,physical_outer_member,90_FUENTES_INTEGRAS/GEOMETRY_OMEGA_TEORIA_COMPLETA_V1_0/GEOMETRY_OMEGA_TEORIA_COMPLETA_V1_0/10_FUENTES_ORIGINALES/DATOS_CSV/Geometry_Omega_Conservative_Mode_e_to_zero_v19_2026-07-31.csv,.csv,375,5f6672ecd608126565fd5cd4f4b8258e18b60948995c710953ed795c07dd9002,COVERED,SOURCE_ZIP_INVENTORY_EXTRACTED_EXACT,COVERED,dataset_catalog_recomputed_exact,NOT_APPLICABLE,NOT_APPLICABLE,NOT_APPLICABLE,NOT_APPLICABLE,,True,COVERED
COV-00462,physical_outer_member,90_FUENTES_INTEGRAS/GEOMETRY_OMEGA_TEORIA_COMPLETA_V1_0/GEOMETRY_OMEGA_TEORIA_COMPLETA_V1_0/10_FUENTES_ORIGINALES/DATOS_CSV/Geometry_Omega_Conservative_TwoBand_Profiles_v18_2026-07-31.csv,.csv,190118,00c3c6690b3a3bb141940b11c60a983e9e92ee3f2db05048db59e8b2d0dc72ab,COVERED,SOURCE_ZIP_INVENTORY_EXTRACTED_EXACT,COVERED,dataset_catalog_recomputed_exact,NOT_APPLICABLE,NOT_APPLICABLE,NOT_APPLICABLE,NOT_APPLICABLE,,True,COVERED
COV-00463,physical_outer_member,90_FUENTES_INTEGRAS/GEOMETRY_OMEGA_TEORIA_COMPLETA_V1_0/GEOMETRY_OMEGA_TEORIA_COMPLETA_V1_0/10_FUENTES_ORIGINALES/DATOS_CSV/Geometry_Omega_Conservative_TwoBand_v18_2026-07-31.csv,.csv,1274,6489eb93218c5a38cea1b9e01c26fe7bf021af5cde5b0ff08faf0c86b317b4d5,COVERED,SOURCE_ZIP_INVENTORY_EXTRACTED_EXACT,COVERED,dataset_catalog_recomputed_exact,NOT_APPLICABLE,NOT_APPLICABLE,NOT_APPLICABLE,NOT_APPLICABLE,,True,COVERED
COV-00464,physical_outer_member,90_FUENTES_INTEGRAS/GEOMETRY_OMEGA_TEORIA_COMPLETA_V1_0/GEOMETRY_OMEGA_TEORIA_COMPLETA_V1_0/10_FUENTES_ORIGINALES/DATOS_CSV/Geometry_Omega_Conteo_Canales_Cuanticos_v41_2026-08-01.csv,.csv,1739,84ab696643c0a4e428681ae193465eac7af27c616922d47d6ca49bb52a9d1853,COVERED,SOURCE_ZIP_INVENTORY_EXTRACTED_EXACT,COVERED,dataset_catalog_recomputed_exact,NOT_APPLICABLE,NOT_APPLICABLE,NOT_APPLICABLE,NOT_APPLICABLE,,True,COVERED
COV-00465,physical_outer_member,90_FUENTES_INTEGRAS/GEOMETRY_OMEGA_TEORIA_COMPLETA_V1_0/GEOMETRY_OMEGA_TEORIA_COMPLETA_V1_0/10_FUENTES_ORIGINALES/DATOS_CSV/Geometry_Omega_Conteo_Modos_v46_2026-08-01.csv,.csv,647,6c44ac81827a90d5e867ffd79031b6ee05f8b311f2ebe5bda3b02428a83bf0ea,COVERED,SOURCE_ZIP_INVENTORY_EXTRACTED_EXACT,COVERED,dataset_catalog_recomputed_exact,NOT_APPLICABLE,NOT_APPLICABLE,NOT_APPLICABLE,NOT_APPLICABLE,,True,COVERED
COV-00466,physical_outer_member,90_FUENTES_INTEGRAS/GEOMETRY_OMEGA_TEORIA_COMPLETA_V1_0/GEOMETRY_OMEGA_TEORIA_COMPLETA_V1_0/10_FUENTES_ORIGINALES/DATOS_CSV/Geometry_Omega_Covariant_Continuum_Limit_v88.csv,.csv,159,75560eea9abc1f0efe23d8d09cb5d0931bd19ff58a444be325fa9a858cf78fa8,COVERED,SOURCE_ZIP_INVENTORY_EXTRACTED_EXACT,COVERED,dataset_catalog_recomputed_exact,NOT_APPLICABLE,NOT_APPLICABLE,NOT_APPLICABLE,NOT_APPLICABLE,,True,COVERED
COV-00467,physical_outer_member,90_FUENTES_INTEGRAS/GEOMETRY_OMEGA_TEORIA_COMPLETA_V1_0/GEOMETRY_OMEGA_TEORIA_COMPLETA_V1_0/10_FUENTES_ORIGINALES/DATOS_CSV/Geometry_Omega_Covariant_Continuum_Summary_v88.csv,.csv,118,462ec2f97b8f75e9f5e42e6078b95db87ee0ee455ae219e0a608f5d738ac4c11,COVERED,SOURCE_ZIP_INVENTORY_EXTRACTED_EXACT,COVERED,dataset_catalog_recomputed_exact,NOT_APPLICABLE,NOT_APPLICABLE,NOT_APPLICABLE,NOT_APPLICABLE,,True,COVERED
COV-00468,physical_outer_member,90_FUENTES_INTEGRAS/GEOMETRY_OMEGA_TEORIA_COMPLETA_V1_0/GEOMETRY_OMEGA_TEORIA_COMPLETA_V1_0/10_FUENTES_ORIGINALES/DATOS_CSV/Geometry_Omega_Curva_Fractal_3D_Escalamiento_v38_2026-08-01.csv,.csv,553,afab7a392fda43213893fc66308aa7e133a64f6d2561e8aa39a915c43329fc0c,COVERED,SOURCE_ZIP_INVENTORY_EXTRACTED_EXACT,COVERED,dataset_catalog_recomputed_exact,NOT_APPLICABLE,NOT_APPLICABLE,NOT_APPLICABLE,NOT_APPLICABLE,,True,COVERED
COV-00469,physical_outer_member,90_FUENTES_INTEGRAS/GEOMETRY_OMEGA_TEORIA_COMPLETA_V1_0/GEOMETRY_OMEGA_TEORIA_COMPLETA_V1_0/10_FUENTES_ORIGINALES/DATOS_CSV/Geometry_Omega_Curvature_Energy_Additivity_v89.csv,.csv,1713,efdf45530eeb3e56639463c2db53dfdcf10133f72a7c3b28cf30c8338b6c17cd,COVERED,SOURCE_ZIP_INVENTORY_EXTRACTED_EXACT,COVERED,dataset_catalog_recomputed_exact,NOT_APPLICABLE,NOT_APPLICABLE,NOT_APPLICABLE,NOT_APPLICABLE,,True,COVERED
COV-00470,physical_outer_member,90_FUENTES_INTEGRAS/GEOMETRY_OMEGA_TEORIA_COMPLETA_V1_0/GEOMETRY_OMEGA_TEORIA_COMPLETA_V1_0/10_FUENTES_ORIGINALES/DATOS_CSV/Geometry_Omega_Curvature_Energy_Continuum_v89.csv,.csv,1631,6652ced6a7c847d992017626ef3232216025847ebf1e31d637e46862623eb926,COVERED,SOURCE_ZIP_INVENTORY_EXTRACTED_EXACT,COVERED,dataset_catalog_recomputed_exact,NOT_APPLICABLE,NOT_APPLICABLE,NOT_APPLICABLE,NOT_APPLICABLE,,True,COVERED
COV-00471,physical_outer_member,90_FUENTES_INTEGRAS/GEOMETRY_OMEGA_TEORIA_COMPLETA_V1_0/GEOMETRY_OMEGA_TEORIA_COMPLETA_V1_0/10_FUENTES_ORIGINALES/DATOS_CSV/Geometry_Omega_Curvature_Energy_Dynamics_v89.csv,.csv,124719,4817c9f61d70c5aef6a0f84bb0253a9ed5b9bacab353e63fa7674673e97f9e8b,COVERED,SOURCE_ZIP_INVENTORY_EXTRACTED_EXACT,COVERED,dataset_catalog_recomputed_exact,NOT_APPLICABLE,NOT_APPLICABLE,NOT_APPLICABLE,NOT_APPLICABLE,,True,COVERED
COV-00472,physical_outer_member,90_FUENTES_INTEGRAS/GEOMETRY_OMEGA_TEORIA_COMPLETA_V1_0/GEOMETRY_OMEGA_TEORIA_COMPLETA_V1_0/10_FUENTES_ORIGINALES/DATOS_CSV/Geometry_Omega_Curvature_Energy_LargeField_v89.csv,.csv,303,97915dce46e0235fa73144421670573fcc62d7bfc34f30c691d90f5cf55c74a9,COVERED,SOURCE_ZIP_INVENTORY_EXTRACTED_EXACT,COVERED,dataset_catalog_recomputed_exact,NOT_APPLICABLE,NOT_APPLICABLE,NOT_APPLICABLE,NOT_APPLICABLE,,True,COVERED
COV-00473,physical_outer_member,90_FUENTES_INTEGRAS/GEOMETRY_OMEGA_TEORIA_COMPLETA_V1_0/GEOMETRY_OMEGA_TEORIA_COMPLETA_V1_0/10_FUENTES_ORIGINALES/DATOS_CSV/Geometry_Omega_Curvature_Energy_Regularity_v89.csv,.csv,1297,00ed9a02ebcd933de2336350b56e8703b422918247a82e6f06b377ba8fb108b1,COVERED,SOURCE_ZIP_INVENTORY_EXTRACTED_EXACT,COVERED,dataset_catalog_recomputed_exact,NOT_APPLICABLE,NOT_APPLICABLE,NOT_APPLICABLE,NOT_APPLICABLE,,True,COVERED
COV-00474,physical_outer_member,90_FUENTES_INTEGRAS/GEOMETRY_OMEGA_TEORIA_COMPLETA_V1_0/GEOMETRY_OMEGA_TEORIA_COMPLETA_V1_0/10_FUENTES_ORIGINALES/DATOS_CSV/Geometry_Omega_Curvature_Energy_Reversibility_v89.csv,.csv,352,46bf0107c37d21168759d5cea953adc0f18e3d33928ae754ceafdb951cdca56e,COVERED,SOURCE_ZIP_INVENTORY_EXTRACTED_EXACT,COVERED,dataset_catalog_recomputed_exact,NOT_APPLICABLE,NOT_APPLICABLE,NOT_APPLICABLE,NOT_APPLICABLE,,True,COVERED
COV-00475,physical_outer_member,90_FUENTES_INTEGRAS/GEOMETRY_OMEGA_TEORIA_COMPLETA_V1_0/GEOMETRY_OMEGA_TEORIA_COMPLETA_V1_0/10_FUENTES_ORIGINALES/DATOS_CSV/Geometry_Omega_Curvature_Energy_Scaling_v89.csv,.csv,350,3058209426e44b3bea7328d2a5563cc15e7e6d925a57af3226c24b2df24d34e4,COVERED,SOURCE_ZIP_INVENTORY_EXTRACTED_EXACT,COVERED,dataset_catalog_recomputed_exact,NOT_APPLICABLE,NOT_APPLICABLE,NOT_APPLICABLE,NOT_APPLICABLE,,True,COVERED
COV-00476,physical_outer_member,90_FUENTES_INTEGRAS/GEOMETRY_OMEGA_TEORIA_COMPLETA_V1_0/GEOMETRY_OMEGA_TEORIA_COMPLETA_V1_0/10_FUENTES_ORIGINALES/DATOS_CSV/Geometry_Omega_Curvature_Energy_SourceResponse_v89.csv,.csv,10793,7cb3736b4e8860ffa0ea0ad4b79d9e79b1d74f04da65586d0341278efacbcb9d,COVERED,SOURCE_ZIP_INVENTORY_EXTRACTED_EXACT,COVERED,dataset_catalog_recomputed_exact,NOT_APPLICABLE,NOT_APPLICABLE,NOT_APPLICABLE,NOT_APPLICABLE,,True,COVERED
COV-00477,physical_outer_member,90_FUENTES_INTEGRAS/GEOMETRY_OMEGA_TEORIA_COMPLETA_V1_0/GEOMETRY_OMEGA_TEORIA_COMPLETA_V1_0/10_FUENTES_ORIGINALES/DATOS_CSV/Geometry_Omega_Curvature_Energy_Verdict_v89.csv,.csv,746,3d5292d99935a397b574ec3d11605ff13d10b16db94cc444a65042f2405e829e,COVERED,SOURCE_ZIP_INVENTORY_EXTRACTED_EXACT,COVERED,dataset_catalog_recomputed_exact,NOT_APPLICABLE,NOT_APPLICABLE,NOT_APPLICABLE,NOT_APPLICABLE,,True,COVERED
COV-00478,physical_outer_member,90_FUENTES_INTEGRAS/GEOMETRY_OMEGA_TEORIA_COMPLETA_V1_0/GEOMETRY_OMEGA_TEORIA_COMPLETA_V1_0/10_FUENTES_ORIGINALES/DATOS_CSV/Geometry_Omega_Descomposicion_1_3_5_Checks_v45_2026-08-01.csv,.csv,69983,e9075ee741efe7c509cb6370417bdd639fede46a9649dd669733bc060a38647b,COVERED,SOURCE_ZIP_INVENTORY_EXTRACTED_EXACT,COVERED,dataset_catalog_recomputed_exact,NOT_APPLICABLE,NOT_APPLICABLE,NOT_APPLICABLE,NOT_APPLICABLE,,True,COVERED
COV-00479,physical_outer_member,90_FUENTES_INTEGRAS/GEOMETRY_OMEGA_TEORIA_COMPLETA_V1_0/GEOMETRY_OMEGA_TEORIA_COMPLETA_V1_0/10_FUENTES_ORIGINALES/DATOS_CSV/Geometry_Omega_Descomposicion_Polar_Checks_v45_2026-08-01.csv,.csv,21307,f808c5ce857f0a2e90537e49ce12ab57af790e2c9dcfc086fbcb43ddbd575611,COVERED,SOURCE_ZIP_INVENTORY_EXTRACTED_EXACT,COVERED,dataset_catalog_recomputed_exact,NOT_APPLICABLE,NOT_APPLICABLE,NOT_APPLICABLE,NOT_APPLICABLE,,True,COVERED
COV-00480,physical_outer_member,90_FUENTES_INTEGRAS/GEOMETRY_OMEGA_TEORIA_COMPLETA_V1_0/GEOMETRY_OMEGA_TEORIA_COMPLETA_V1_0/10_FUENTES_ORIGINALES/DATOS_CSV/Geometry_Omega_DoubleWell_Bulk_Degeneracy_v56_2026-08-01.csv,.csv,661,a1ece3fd3a4c173456bb2fb2e09ade7e4a2514eacfd4c141fe6a7e477b08e150,COVERED,SOURCE_ZIP_INVENTORY_EXTRACTED_EXACT,COVERED,dataset_catalog_recomputed_exact,NOT_APPLICABLE,NOT_APPLICABLE,NOT_APPLICABLE,NOT_APPLICABLE,,True,COVERED
COV-00481,physical_outer_member,90_FUENTES_INTEGRAS/GEOMETRY_OMEGA_TEORIA_COMPLETA_V1_0/GEOMETRY_OMEGA_TEORIA_COMPLETA_V1_0/10_FUENTES_ORIGINALES/DATOS_CSV/Geometry_Omega_Double_Conjugation_Summary_v85.csv,.csv,132,c928d6cf2e02e10939564f54dbdc1b1d71bfe4f55e061bb46ff012967068772d,COVERED,SOURCE_ZIP_INVENTORY_EXTRACTED_EXACT,COVERED,dataset_catalog_recomputed_exact,NOT_APPLICABLE,NOT_APPLICABLE,NOT_APPLICABLE,NOT_APPLICABLE,,True,COVERED
COV-00482,physical_outer_member,90_FUENTES_INTEGRAS/GEOMETRY_OMEGA_TEORIA_COMPLETA_V1_0/GEOMETRY_OMEGA_TEORIA_COMPLETA_V1_0/10_FUENTES_ORIGINALES/DATOS_CSV/Geometry_Omega_Double_Conjugation_v85.csv,.csv,8855,398293ed205a50589f78721de92abdf4ed76fba9d636ef8d0a11ae22702392b8,COVERED,SOURCE_ZIP_INVENTORY_EXTRACTED_EXACT,COVERED,dataset_catalog_recomputed_exact,NOT_APPLICABLE,NOT_APPLICABLE,NOT_APPLICABLE,NOT_APPLICABLE,,True,COVERED
COV-00483,physical_outer_member,90_FUENTES_INTEGRAS/GEOMETRY_OMEGA_TEORIA_COMPLETA_V1_0/GEOMETRY_OMEGA_TEORIA_COMPLETA_V1_0/10_FUENTES_ORIGINALES/DATOS_CSV/Geometry_Omega_Driven_Pair_Creation_Summary_v87.csv,.csv,941,95436634e74e955cd07227e338634b50a789fd7993e1a2dfd9c913eb9d4742fd,COVERED,SOURCE_ZIP_INVENTORY_EXTRACTED_EXACT,COVERED,dataset_catalog_recomputed_exact,NOT_APPLICABLE,NOT_APPLICABLE,NOT_APPLICABLE,NOT_APPLICABLE,,True,COVERED
COV-00484,physical_outer_member,90_FUENTES_INTEGRAS/GEOMETRY_OMEGA_TEORIA_COMPLETA_V1_0/GEOMETRY_OMEGA_TEORIA_COMPLETA_V1_0/10_FUENTES_ORIGINALES/DATOS_CSV/Geometry_Omega_Driven_Pair_Creation_v87.csv,.csv,11980643,b74a5f05673cdaf73adc19f601d91b36e1966a4d350f5329bf76dccf721bef36,COVERED,SOURCE_ZIP_INVENTORY_EXTRACTED_EXACT,COVERED,dataset_catalog_recomputed_exact,NOT_APPLICABLE,NOT_APPLICABLE,NOT_APPLICABLE,NOT_APPLICABLE,,True,COVERED
COV-00485,physical_outer_member,90_FUENTES_INTEGRAS/GEOMETRY_OMEGA_TEORIA_COMPLETA_V1_0/GEOMETRY_OMEGA_TEORIA_COMPLETA_V1_0/10_FUENTES_ORIGINALES/DATOS_CSV/Geometry_Omega_Dynamic_Class_Sizes_v57_2026-08-01.csv,.csv,18525,f9820428747c0324edbf8b2bfd51676e587433ca332ff10186180ce7bd5ee7f6,COVERED,SOURCE_ZIP_INVENTORY_EXTRACTED_EXACT,COVERED,dataset_catalog_recomputed_exact,NOT_APPLICABLE,NOT_APPLICABLE,NOT_APPLICABLE,NOT_APPLICABLE,,True,COVERED
COV-00486,physical_outer_member,90_FUENTES_INTEGRAS/GEOMETRY_OMEGA_TEORIA_COMPLETA_V1_0/GEOMETRY_OMEGA_TEORIA_COMPLETA_V1_0/10_FUENTES_ORIGINALES/DATOS_CSV/Geometry_Omega_Dynamic_Equivalence_Scaling_v57_2026-08-01.csv,.csv,284,9194627a362364f8dedb7b605b56c7eaa781739a7cd1557d2acc09aa59d2f5f8,COVERED,SOURCE_ZIP_INVENTORY_EXTRACTED_EXACT,COVERED,dataset_catalog_recomputed_exact,NOT_APPLICABLE,NOT_APPLICABLE,NOT_APPLICABLE,NOT_APPLICABLE,,True,COVERED
COV-00487,physical_outer_member,90_FUENTES_INTEGRAS/GEOMETRY_OMEGA_TEORIA_COMPLETA_V1_0/GEOMETRY_OMEGA_TEORIA_COMPLETA_V1_0/10_FUENTES_ORIGINALES/DATOS_CSV/Geometry_Omega_Dynamic_Exterior_Equivalence_v57_2026-08-01.csv,.csv,698,c5dd3ce13d52090e696a9bd503e7744edb3a99d5eb9b605a5b0345baa90a348e,COVERED,SOURCE_ZIP_INVENTORY_EXTRACTED_EXACT,COVERED,dataset_catalog_recomputed_exact,NOT_APPLICABLE,NOT_APPLICABLE,NOT_APPLICABLE,NOT_APPLICABLE,,True,COVERED
COV-00488,physical_outer_member,90_FUENTES_INTEGRAS/GEOMETRY_OMEGA_TEORIA_COMPLETA_V1_0/GEOMETRY_OMEGA_TEORIA_COMPLETA_V1_0/10_FUENTES_ORIGINALES/DATOS_CSV/Geometry_Omega_Ejemplos_Grafos_Transicion_v32_2026-07-31.csv,.csv,596,c63ce20ca5640c271e4853ef728f601f6b95674c407aab66258b38064bcf23a6,COVERED,SOURCE_ZIP_INVENTORY_EXTRACTED_EXACT,COVERED,dataset_catalog_recomputed_exact,NOT_APPLICABLE,NOT_APPLICABLE,NOT_APPLICABLE,NOT_APPLICABLE,,True,COVERED
COV-00489,physical_outer_member,90_FUENTES_INTEGRAS/GEOMETRY_OMEGA_TEORIA_COMPLETA_V1_0/GEOMETRY_OMEGA_TEORIA_COMPLETA_V1_0/10_FUENTES_ORIGINALES/DATOS_CSV/Geometry_Omega_Emergent_Capacity_Classes_v77.csv,.csv,333,e2a4c51cea77b331a726aab84127e28bd04915f1a08feaed509bfd4293f5e1f6,COVERED,SOURCE_ZIP_INVENTORY_EXTRACTED_EXACT,COVERED,dataset_catalog_recomputed_exact,NOT_APPLICABLE,NOT_APPLICABLE,NOT_APPLICABLE,NOT_APPLICABLE,,True,COVERED
COV-00490,physical_outer_member,90_FUENTES_INTEGRAS/GEOMETRY_OMEGA_TEORIA_COMPLETA_V1_0/GEOMETRY_OMEGA_TEORIA_COMPLETA_V1_0/10_FUENTES_ORIGINALES/DATOS_CSV/Geometry_Omega_Emergent_Capacity_Distinguishability_v77.csv,.csv,2194,9f4d4d6844158e0d9653eb1150494a9015f6ee9367c66add945bc7374f00f23e,COVERED,SOURCE_ZIP_INVENTORY_EXTRACTED_EXACT,COVERED,dataset_catalog_recomputed_exact,NOT_APPLICABLE,NOT_APPLICABLE,NOT_APPLICABLE,NOT_APPLICABLE,,True,COVERED
COV-00491,physical_outer_member,90_FUENTES_INTEGRAS/GEOMETRY_OMEGA_TEORIA_COMPLETA_V1_0/GEOMETRY_OMEGA_TEORIA_COMPLETA_V1_0/10_FUENTES_ORIGINALES/DATOS_CSV/Geometry_Omega_Emergent_Capacity_Dynamic_v77.csv,.csv,18304852,179db14c3e45b026b26c107fcbe0fd073c20518389bdf67dc2cb39fa2ec93836,COVERED,SOURCE_ZIP_INVENTORY_EXTRACTED_EXACT,COVERED,dataset_catalog_recomputed_exact,NOT_APPLICABLE,NOT_APPLICABLE,NOT_APPLICABLE,NOT_APPLICABLE,,True,COVERED
COV-00492,physical_outer_member,90_FUENTES_INTEGRAS/GEOMETRY_OMEGA_TEORIA_COMPLETA_V1_0/GEOMETRY_OMEGA_TEORIA_COMPLETA_V1_0/10_FUENTES_ORIGINALES/DATOS_CSV/Geometry_Omega_Emergent_Capacity_Static_v77.csv,.csv,470978,69a2e1878ad1ed989497d4774c8821a185bbf2f5b4f8abf319d44a5c964b5e63,COVERED,SOURCE_ZIP_INVENTORY_EXTRACTED_EXACT,COVERED,dataset_catalog_recomputed_exact,NOT_APPLICABLE,NOT_APPLICABLE,NOT_APPLICABLE,NOT_APPLICABLE,,True,COVERED
COV-00493,physical_outer_member,90_FUENTES_INTEGRAS/GEOMETRY_OMEGA_TEORIA_COMPLETA_V1_0/GEOMETRY_OMEGA_TEORIA_COMPLETA_V1_0/10_FUENTES_ORIGINALES/DATOS_CSV/Geometry_Omega_Emergent_Capacity_Summary_v77.csv,.csv,825,2f020623e835973f2082a22630c3214653470c79282ab5771e2449aa144087ae,COVERED,SOURCE_ZIP_INVENTORY_EXTRACTED_EXACT,COVERED,dataset_catalog_recomputed_exact,NOT_APPLICABLE,NOT_APPLICABLE,NOT_APPLICABLE,NOT_APPLICABLE,,True,COVERED
COV-00494,physical_outer_member,90_FUENTES_INTEGRAS/GEOMETRY_OMEGA_TEORIA_COMPLETA_V1_0/GEOMETRY_OMEGA_TEORIA_COMPLETA_V1_0/10_FUENTES_ORIGINALES/DATOS_CSV/Geometry_Omega_Emergent_Occupancy_Laws_v77.csv,.csv,126675,8e79528c81e9c7d3580a46cce78e3db7063a56a8a3cbd2d11fa433c178df12c1,COVERED,SOURCE_ZIP_INVENTORY_EXTRACTED_EXACT,COVERED,dataset_catalog_recomputed_exact,NOT_APPLICABLE,NOT_APPLICABLE,NOT_APPLICABLE,NOT_APPLICABLE,,True,COVERED
COV-00495,physical_outer_member,90_FUENTES_INTEGRAS/GEOMETRY_OMEGA_TEORIA_COMPLETA_V1_0/GEOMETRY_OMEGA_TEORIA_COMPLETA_V1_0/10_FUENTES_ORIGINALES/DATOS_CSV/Geometry_Omega_Energy_Capacity_Dynamics_v75.csv,.csv,18667333,5be518895e3eacb07e5723b881871cee1993f6ac6929102d99a9e0b0227fb1d3,COVERED,SOURCE_ZIP_INVENTORY_EXTRACTED_EXACT,COVERED,dataset_catalog_recomputed_exact,NOT_APPLICABLE,NOT_APPLICABLE,NOT_APPLICABLE,NOT_APPLICABLE,,True,COVERED
COV-00496,physical_outer_member,90_FUENTES_INTEGRAS/GEOMETRY_OMEGA_TEORIA_COMPLETA_V1_0/GEOMETRY_OMEGA_TEORIA_COMPLETA_V1_0/10_FUENTES_ORIGINALES/DATOS_CSV/Geometry_Omega_Energy_Capacity_Static_v75.csv,.csv,79665,3fe018eca32e604d36bf05f3c56641691b1d03a42e0326672e02079074a68020,COVERED,SOURCE_ZIP_INVENTORY_EXTRACTED_EXACT,COVERED,dataset_catalog_recomputed_exact,NOT_APPLICABLE,NOT_APPLICABLE,NOT_APPLICABLE,NOT_APPLICABLE,,True,COVERED
COV-00497,physical_outer_member,90_FUENTES_INTEGRAS/GEOMETRY_OMEGA_TEORIA_COMPLETA_V1_0/GEOMETRY_OMEGA_TEORIA_COMPLETA_V1_0/10_FUENTES_ORIGINALES/DATOS_CSV/Geometry_Omega_Energy_Capacity_Summary_v75.csv,.csv,705,dbc51f22ebefbc14c4a10bc9a7daa4fccc86f6b7c7ebebf6d6bff986ff4e1e0d,COVERED,SOURCE_ZIP_INVENTORY_EXTRACTED_EXACT,COVERED,dataset_catalog_recomputed_exact,NOT_APPLICABLE,NOT_APPLICABLE,NOT_APPLICABLE,NOT_APPLICABLE,,True,COVERED
COV-00498,physical_outer_member,90_FUENTES_INTEGRAS/GEOMETRY_OMEGA_TEORIA_COMPLETA_V1_0/GEOMETRY_OMEGA_TEORIA_COMPLETA_V1_0/10_FUENTES_ORIGINALES/DATOS_CSV/Geometry_Omega_Energy_Capacity_Thresholds_v75.csv,.csv,386,3f75663f25ab6289f70e5979ece7fbbafbaa9818a22fca85abfa57c50d33fef8,COVERED,SOURCE_ZIP_INVENTORY_EXTRACTED_EXACT,COVERED,dataset_catalog_recomputed_exact,NOT_APPLICABLE,NOT_APPLICABLE,NOT_APPLICABLE,NOT_APPLICABLE,,True,COVERED
COV-00499,physical_outer_member,90_FUENTES_INTEGRAS/GEOMETRY_OMEGA_TEORIA_COMPLETA_V1_0/GEOMETRY_OMEGA_TEORIA_COMPLETA_V1_0/10_FUENTES_ORIGINALES/DATOS_CSV/Geometry_Omega_Entropia_Canales_Simplex_v44_2026-08-01.csv,.csv,1541529,0eeca78a65c749b251c615135ba59453bd5dc8410135fcae76842cc61a00ced5,COVERED,SOURCE_ZIP_INVENTORY_EXTRACTED_EXACT,COVERED,dataset_catalog_recomputed_exact,NOT_APPLICABLE,NOT_APPLICABLE,NOT_APPLICABLE,NOT_APPLICABLE,,True,COVERED
COV-00500,physical_outer_member,90_FUENTES_INTEGRAS/GEOMETRY_OMEGA_TEORIA_COMPLETA_V1_0/GEOMETRY_OMEGA_TEORIA_COMPLETA_V1_0/10_FUENTES_ORIGINALES/DATOS_CSV/Geometry_Omega_Entropia_Perturbativa_v45_2026-08-01.csv,.csv,4180,351951c174171186ac95eed68928ef233428f00dd2181faa0ff1eb08eab5346c,COVERED,SOURCE_ZIP_INVENTORY_EXTRACTED_EXACT,COVERED,dataset_catalog_recomputed_exact,NOT_APPLICABLE,NOT_APPLICABLE,NOT_APPLICABLE,NOT_APPLICABLE,,True,COVERED
COV-00501,physical_outer_member,90_FUENTES_INTEGRAS/GEOMETRY_OMEGA_TEORIA_COMPLETA_V1_0/GEOMETRY_OMEGA_TEORIA_COMPLETA_V1_0/10_FUENTES_ORIGINALES/DATOS_CSV/Geometry_Omega_Entropy_Scaling_Phase_v53_2026-08-01.csv,.csv,704,b5f53a5f40b4e9a9a42f3d0daffe58c8f909a681bbee33fe0cb0294db20d32ca,COVERED,SOURCE_ZIP_INVENTORY_EXTRACTED_EXACT,COVERED,dataset_catalog_recomputed_exact,NOT_APPLICABLE,NOT_APPLICABLE,NOT_APPLICABLE,NOT_APPLICABLE,,True,COVERED
COV-00502,physical_outer_member,90_FUENTES_INTEGRAS/GEOMETRY_OMEGA_TEORIA_COMPLETA_V1_0/GEOMETRY_OMEGA_TEORIA_COMPLETA_V1_0/10_FUENTES_ORIGINALES/DATOS_CSV/Geometry_Omega_Escalamiento_Inercia_v61.csv,.csv,137,cd281212dc5be73b16ac78ff6f5b88250cebf77df5a55535a72930708a8584ea,COVERED,SOURCE_ZIP_INVENTORY_EXTRACTED_EXACT,COVERED,dataset_catalog_recomputed_exact,NOT_APPLICABLE,NOT_APPLICABLE,NOT_APPLICABLE,NOT_APPLICABLE,,True,COVERED
COV-00503,physical_outer_member,90_FUENTES_INTEGRAS/GEOMETRY_OMEGA_TEORIA_COMPLETA_V1_0/GEOMETRY_OMEGA_TEORIA_COMPLETA_V1_0/10_FUENTES_ORIGINALES/DATOS_CSV/Geometry_Omega_Espectro_Reorganizaciones_v61.csv,.csv,2711,57801ea5faa7b88eb6b6574c1c357b520c68ff0330ce30001d5ea56eb35515c6,COVERED,SOURCE_ZIP_INVENTORY_EXTRACTED_EXACT,COVERED,dataset_catalog_recomputed_exact,NOT_APPLICABLE,NOT_APPLICABLE,NOT_APPLICABLE,NOT_APPLICABLE,,True,COVERED
COV-00504,physical_outer_member,90_FUENTES_INTEGRAS/GEOMETRY_OMEGA_TEORIA_COMPLETA_V1_0/GEOMETRY_OMEGA_TEORIA_COMPLETA_V1_0/10_FUENTES_ORIGINALES/DATOS_CSV/Geometry_Omega_Exact_TwoBand_ChargeFixed_v17_2026-07-31.csv,.csv,1290,41006781a1643121489cad8278136f2d26fae258bb898c280de5d94727db4928,COVERED,SOURCE_ZIP_INVENTORY_EXTRACTED_EXACT,COVERED,dataset_catalog_recomputed_exact,NOT_APPLICABLE,NOT_APPLICABLE,NOT_APPLICABLE,NOT_APPLICABLE,,True,COVERED
COV-00505,physical_outer_member,90_FUENTES_INTEGRAS/GEOMETRY_OMEGA_TEORIA_COMPLETA_V1_0/GEOMETRY_OMEGA_TEORIA_COMPLETA_V1_0/10_FUENTES_ORIGINALES/DATOS_CSV/Geometry_Omega_Exact_TwoBand_Profiles_v17_2026-07-31.csv,.csv,188504,b6f7e4c66c525b1cd46f80af27302b59e16721be835a480adc13582ad1964f40,COVERED,SOURCE_ZIP_INVENTORY_EXTRACTED_EXACT,COVERED,dataset_catalog_recomputed_exact,NOT_APPLICABLE,NOT_APPLICABLE,NOT_APPLICABLE,NOT_APPLICABLE,,True,COVERED
COV-00506,physical_outer_member,90_FUENTES_INTEGRAS/GEOMETRY_OMEGA_TEORIA_COMPLETA_V1_0/GEOMETRY_OMEGA_TEORIA_COMPLETA_V1_0/10_FUENTES_ORIGINALES/DATOS_CSV/Geometry_Omega_Exchange_Phases_v78.csv,.csv,461,a073642f3058bcfa1b714f18704cc1f399b0197f4cb2e08addfa55524ee9d532,COVERED,SOURCE_ZIP_INVENTORY_EXTRACTED_EXACT,COVERED,dataset_catalog_recomputed_exact,NOT_APPLICABLE,NOT_APPLICABLE,NOT_APPLICABLE,NOT_APPLICABLE,,True,COVERED
COV-00507,physical_outer_member,90_FUENTES_INTEGRAS/GEOMETRY_OMEGA_TEORIA_COMPLETA_V1_0/GEOMETRY_OMEGA_TEORIA_COMPLETA_V1_0/10_FUENTES_ORIGINALES/DATOS_CSV/Geometry_Omega_Exchange_Rotation_All_Cases_v79.csv,.csv,2104,9cd662adf7a6c8c1e6334c3414dbd0f5eb28c5af9450264044c36f0d6d5abcd0,COVERED,SOURCE_ZIP_INVENTORY_EXTRACTED_EXACT,COVERED,dataset_catalog_recomputed_exact,NOT_APPLICABLE,NOT_APPLICABLE,NOT_APPLICABLE,NOT_APPLICABLE,,True,COVERED
COV-00508,physical_outer_member,90_FUENTES_INTEGRAS/GEOMETRY_OMEGA_TEORIA_COMPLETA_V1_0/GEOMETRY_OMEGA_TEORIA_COMPLETA_V1_0/10_FUENTES_ORIGINALES/DATOS_CSV/Geometry_Omega_Exchange_Rotation_Constraints_v79.csv,.csv,256,674da71204eb0f38977ca4e7e652fcab0d0dee079403b2a0a4bdf940ba332219,COVERED,SOURCE_ZIP_INVENTORY_EXTRACTED_EXACT,COVERED,dataset_catalog_recomputed_exact,NOT_APPLICABLE,NOT_APPLICABLE,NOT_APPLICABLE,NOT_APPLICABLE,,True,COVERED
COV-00509,physical_outer_member,90_FUENTES_INTEGRAS/GEOMETRY_OMEGA_TEORIA_COMPLETA_V1_0/GEOMETRY_OMEGA_TEORIA_COMPLETA_V1_0/10_FUENTES_ORIGINALES/DATOS_CSV/Geometry_Omega_Exchange_Rotation_Summary_v79.csv,.csv,653,5248f24caaf1e5c68a29cd93c5f49f2e794d35ca57f890d3f56e975620ea3927,COVERED,SOURCE_ZIP_INVENTORY_EXTRACTED_EXACT,COVERED,dataset_catalog_recomputed_exact,NOT_APPLICABLE,NOT_APPLICABLE,NOT_APPLICABLE,NOT_APPLICABLE,,True,COVERED
COV-00510,physical_outer_member,90_FUENTES_INTEGRAS/GEOMETRY_OMEGA_TEORIA_COMPLETA_V1_0/GEOMETRY_OMEGA_TEORIA_COMPLETA_V1_0/10_FUENTES_ORIGINALES/DATOS_CSV/Geometry_Omega_Exclusion_Vacuum_Comparison_v86.csv,.csv,190,badfd2c6271f54a4bdae36dda9f4d7512f1732e1d2e41e1a9af1c9075781ea17,COVERED,SOURCE_ZIP_INVENTORY_EXTRACTED_EXACT,COVERED,dataset_catalog_recomputed_exact,NOT_APPLICABLE,NOT_APPLICABLE,NOT_APPLICABLE,NOT_APPLICABLE,,True,COVERED
COV-00511,physical_outer_member,90_FUENTES_INTEGRAS/GEOMETRY_OMEGA_TEORIA_COMPLETA_V1_0/GEOMETRY_OMEGA_TEORIA_COMPLETA_V1_0/10_FUENTES_ORIGINALES/DATOS_CSV/Geometry_Omega_Funcional_Cuadratico_Ortogonalidad_v46_2026-08-01.csv,.csv,56189,4dfa815b98a5d58c598b062ba96eddce18c9bfa6b0434897f6a942a1fe067945,COVERED,SOURCE_ZIP_INVENTORY_EXTRACTED_EXACT,COVERED,dataset_catalog_recomputed_exact,NOT_APPLICABLE,NOT_APPLICABLE,NOT_APPLICABLE,NOT_APPLICABLE,,True,COVERED
COV-00512,physical_outer_member,90_FUENTES_INTEGRAS/GEOMETRY_OMEGA_TEORIA_COMPLETA_V1_0/GEOMETRY_OMEGA_TEORIA_COMPLETA_V1_0/10_FUENTES_ORIGINALES/DATOS_CSV/Geometry_Omega_Gram_Positivity_v80.csv,.csv,329,61c1225acbd4be23e853661572e09dca6cb53ba126c19754e58e8755cbcbc51c,COVERED,SOURCE_ZIP_INVENTORY_EXTRACTED_EXACT,COVERED,dataset_catalog_recomputed_exact,NOT_APPLICABLE,NOT_APPLICABLE,NOT_APPLICABLE,NOT_APPLICABLE,,True,COVERED
COV-00513,physical_outer_member,90_FUENTES_INTEGRAS/GEOMETRY_OMEGA_TEORIA_COMPLETA_V1_0/GEOMETRY_OMEGA_TEORIA_COMPLETA_V1_0/10_FUENTES_ORIGINALES/DATOS_CSV/Geometry_Omega_Graviton_DOF_v47_2026-08-01.csv,.csv,213,372d8f1a3cf0a07ba34f228c1d8d05c17ab6729f61394b7002a9e503e3b56cc6,COVERED,SOURCE_ZIP_INVENTORY_EXTRACTED_EXACT,COVERED,dataset_catalog_recomputed_exact,NOT_APPLICABLE,NOT_APPLICABLE,NOT_APPLICABLE,NOT_APPLICABLE,,True,COVERED
COV-00514,physical_outer_member,90_FUENTES_INTEGRAS/GEOMETRY_OMEGA_TEORIA_COMPLETA_V1_0/GEOMETRY_OMEGA_TEORIA_COMPLETA_V1_0/10_FUENTES_ORIGINALES/DATOS_CSV/Geometry_Omega_Hamiltoniano_Interno_Tests_v34_2026-07-31.csv,.csv,1074,cd5cafb3da827ac21cec5c8ae4091e41ef653b611bb42ee3fc34f234e7b550c3,COVERED,SOURCE_ZIP_INVENTORY_EXTRACTED_EXACT,COVERED,dataset_catalog_recomputed_exact,NOT_APPLICABLE,NOT_APPLICABLE,NOT_APPLICABLE,NOT_APPLICABLE,,True,COVERED
COV-00515,physical_outer_member,90_FUENTES_INTEGRAS/GEOMETRY_OMEGA_TEORIA_COMPLETA_V1_0/GEOMETRY_OMEGA_TEORIA_COMPLETA_V1_0/10_FUENTES_ORIGINALES/DATOS_CSV/Geometry_Omega_Hierarchical_Identity_v74.csv,.csv,7263,76808c37e955bb051b374fd331e7e98248ea56288821114a4e520447d31350a8,COVERED,SOURCE_ZIP_INVENTORY_EXTRACTED_EXACT,COVERED,dataset_catalog_recomputed_exact,NOT_APPLICABLE,NOT_APPLICABLE,NOT_APPLICABLE,NOT_APPLICABLE,,True,COVERED
COV-00516,physical_outer_member,90_FUENTES_INTEGRAS/GEOMETRY_OMEGA_TEORIA_COMPLETA_V1_0/GEOMETRY_OMEGA_TEORIA_COMPLETA_V1_0/10_FUENTES_ORIGINALES/DATOS_CSV/Geometry_Omega_Hole_Charge_Convention_v86.csv,.csv,177,8984d21e3a4afdbc7bb6232a1f28a3b25ae434f4a3840456d82db4d793568172,COVERED,SOURCE_ZIP_INVENTORY_EXTRACTED_EXACT,COVERED,dataset_catalog_recomputed_exact,NOT_APPLICABLE,NOT_APPLICABLE,NOT_APPLICABLE,NOT_APPLICABLE,,True,COVERED
COV-00517,physical_outer_member,90_FUENTES_INTEGRAS/GEOMETRY_OMEGA_TEORIA_COMPLETA_V1_0/GEOMETRY_OMEGA_TEORIA_COMPLETA_V1_0/10_FUENTES_ORIGINALES/DATOS_CSV/Geometry_Omega_Holonomias_Conjugacion_Imperfecta_v64.csv,.csv,6601,2f75d6185ab3be2cfab4a4ad7fec95c6e3d02d7a2bbba1d115ce075bc3498f45,COVERED,SOURCE_ZIP_INVENTORY_EXTRACTED_EXACT,COVERED,dataset_catalog_recomputed_exact,NOT_APPLICABLE,NOT_APPLICABLE,NOT_APPLICABLE,NOT_APPLICABLE,,True,COVERED
COV-00518,physical_outer_member,90_FUENTES_INTEGRAS/GEOMETRY_OMEGA_TEORIA_COMPLETA_V1_0/GEOMETRY_OMEGA_TEORIA_COMPLETA_V1_0/10_FUENTES_ORIGINALES/DATOS_CSV/Geometry_Omega_Holonomias_Conjugadas_Energetica_v64.csv,.csv,35751,6d5aede3e37aa488dc0d1baf50f69c9d50bf08ec5758fa94daa5fb4ce73af610,COVERED,SOURCE_ZIP_INVENTORY_EXTRACTED_EXACT,COVERED,dataset_catalog_recomputed_exact,NOT_APPLICABLE,NOT_APPLICABLE,NOT_APPLICABLE,NOT_APPLICABLE,,True,COVERED
COV-00519,physical_outer_member,90_FUENTES_INTEGRAS/GEOMETRY_OMEGA_TEORIA_COMPLETA_V1_0/GEOMETRY_OMEGA_TEORIA_COMPLETA_V1_0/10_FUENTES_ORIGINALES/DATOS_CSV/Geometry_Omega_Holonomias_Conjugadas_Escalamiento_v64.csv,.csv,735,db2f83e4e2138596a6c3ab3e3fabdce1a07e9938deecb946c999a336a89b27eb,COVERED,SOURCE_ZIP_INVENTORY_EXTRACTED_EXACT,COVERED,dataset_catalog_recomputed_exact,NOT_APPLICABLE,NOT_APPLICABLE,NOT_APPLICABLE,NOT_APPLICABLE,,True,COVERED
COV-00520,physical_outer_member,90_FUENTES_INTEGRAS/GEOMETRY_OMEGA_TEORIA_COMPLETA_V1_0/GEOMETRY_OMEGA_TEORIA_COMPLETA_V1_0/10_FUENTES_ORIGINALES/DATOS_CSV/Geometry_Omega_Holonomias_Radiacion_Dinamica_v64.csv,.csv,23526,826ce41a405cee857abbb0ce175a79238afcb0cacc369397657028bc6411f86e,COVERED,SOURCE_ZIP_INVENTORY_EXTRACTED_EXACT,COVERED,dataset_catalog_recomputed_exact,NOT_APPLICABLE,NOT_APPLICABLE,NOT_APPLICABLE,NOT_APPLICABLE,,True,COVERED
COV-00521,physical_outer_member,90_FUENTES_INTEGRAS/GEOMETRY_OMEGA_TEORIA_COMPLETA_V1_0/GEOMETRY_OMEGA_TEORIA_COMPLETA_V1_0/10_FUENTES_ORIGINALES/DATOS_CSV/Geometry_Omega_Holonomias_Radiacion_Resumen_v64.csv,.csv,241,d26aab0da50e0eb097f97338f035f28e3062326bcc32e0457d2e15383271de4f,COVERED,SOURCE_ZIP_INVENTORY_EXTRACTED_EXACT,COVERED,dataset_catalog_recomputed_exact,NOT_APPLICABLE,NOT_APPLICABLE,NOT_APPLICABLE,NOT_APPLICABLE,,True,COVERED
COV-00522,physical_outer_member,90_FUENTES_INTEGRAS/GEOMETRY_OMEGA_TEORIA_COMPLETA_V1_0/GEOMETRY_OMEGA_TEORIA_COMPLETA_V1_0/10_FUENTES_ORIGINALES/DATOS_CSV/Geometry_Omega_Identidad_Global_v61.csv,.csv,1343,41ed33f5b237c83c008caa3567184a7868ab192258ee1a88c78aeaf544324be2,COVERED,SOURCE_ZIP_INVENTORY_EXTRACTED_EXACT,COVERED,dataset_catalog_recomputed_exact,NOT_APPLICABLE,NOT_APPLICABLE,NOT_APPLICABLE,NOT_APPLICABLE,,True,COVERED
COV-00523,physical_outer_member,90_FUENTES_INTEGRAS/GEOMETRY_OMEGA_TEORIA_COMPLETA_V1_0/GEOMETRY_OMEGA_TEORIA_COMPLETA_V1_0/10_FUENTES_ORIGINALES/DATOS_CSV/Geometry_Omega_Identity_Gas_v73.csv,.csv,2488972,edf3f8eb4fa597173da7b7ee72555dae6c95b06503eca5dbd05c8edc75ec4e7a,COVERED,SOURCE_ZIP_INVENTORY_EXTRACTED_EXACT,COVERED,dataset_catalog_recomputed_exact,NOT_APPLICABLE,NOT_APPLICABLE,NOT_APPLICABLE,NOT_APPLICABLE,,True,COVERED
COV-00524,physical_outer_member,90_FUENTES_INTEGRAS/GEOMETRY_OMEGA_TEORIA_COMPLETA_V1_0/GEOMETRY_OMEGA_TEORIA_COMPLETA_V1_0/10_FUENTES_ORIGINALES/DATOS_CSV/Geometry_Omega_Identity_Lineage_v72.csv,.csv,87,0c93478aaeb2e27c82231d24bea76406197e412652f0f9cdfd0ce2bf7f70c770,COVERED,SOURCE_ZIP_INVENTORY_EXTRACTED_EXACT,COVERED,dataset_catalog_recomputed_exact,NOT_APPLICABLE,NOT_APPLICABLE,NOT_APPLICABLE,NOT_APPLICABLE,,True,COVERED
COV-00525,physical_outer_member,90_FUENTES_INTEGRAS/GEOMETRY_OMEGA_TEORIA_COMPLETA_V1_0/GEOMETRY_OMEGA_TEORIA_COMPLETA_V1_0/10_FUENTES_ORIGINALES/DATOS_CSV/Geometry_Omega_Identity_Radioactive_Metal_v73.csv,.csv,1696119,c7298811378013c1eea2301a48277c80552c2aa494b2c6d567bffb4048e8769c,COVERED,SOURCE_ZIP_INVENTORY_EXTRACTED_EXACT,COVERED,dataset_catalog_recomputed_exact,NOT_APPLICABLE,NOT_APPLICABLE,NOT_APPLICABLE,NOT_APPLICABLE,,True,COVERED
COV-00526,physical_outer_member,90_FUENTES_INTEGRAS/GEOMETRY_OMEGA_TEORIA_COMPLETA_V1_0/GEOMETRY_OMEGA_TEORIA_COMPLETA_V1_0/10_FUENTES_ORIGINALES/DATOS_CSV/Geometry_Omega_Identity_Star_v73.csv,.csv,9782376,74624a9537a0cff1e1cff274d9b168b198fe83c4555df60b05b5d8cedd902691,COVERED,SOURCE_ZIP_INVENTORY_EXTRACTED_EXACT,COVERED,dataset_catalog_recomputed_exact,NOT_APPLICABLE,NOT_APPLICABLE,NOT_APPLICABLE,NOT_APPLICABLE,,True,COVERED
COV-00527,physical_outer_member,90_FUENTES_INTEGRAS/GEOMETRY_OMEGA_TEORIA_COMPLETA_V1_0/GEOMETRY_OMEGA_TEORIA_COMPLETA_V1_0/10_FUENTES_ORIGINALES/DATOS_CSV/Geometry_Omega_Identity_Three_Systems_Events_v73.csv,.csv,227,aceb1bd0947717ecf008a8797fee04c9d19a527c58acda961f8b87bac26e417a,COVERED,SOURCE_ZIP_INVENTORY_EXTRACTED_EXACT,COVERED,dataset_catalog_recomputed_exact,NOT_APPLICABLE,NOT_APPLICABLE,NOT_APPLICABLE,NOT_APPLICABLE,,True,COVERED
COV-00528,physical_outer_member,90_FUENTES_INTEGRAS/GEOMETRY_OMEGA_TEORIA_COMPLETA_V1_0/GEOMETRY_OMEGA_TEORIA_COMPLETA_V1_0/10_FUENTES_ORIGINALES/DATOS_CSV/Geometry_Omega_Identity_Three_Systems_Refined_v73.csv,.csv,558,d25c11ff2cffb076961288acc063d903b24f251770fbd8aca8c66653582b380f,COVERED,SOURCE_ZIP_INVENTORY_EXTRACTED_EXACT,COVERED,dataset_catalog_recomputed_exact,NOT_APPLICABLE,NOT_APPLICABLE,NOT_APPLICABLE,NOT_APPLICABLE,,True,COVERED
COV-00529,physical_outer_member,90_FUENTES_INTEGRAS/GEOMETRY_OMEGA_TEORIA_COMPLETA_V1_0/GEOMETRY_OMEGA_TEORIA_COMPLETA_V1_0/10_FUENTES_ORIGINALES/DATOS_CSV/Geometry_Omega_Identity_Three_Systems_Summary_v73.csv,.csv,441,38dd77e15226df2393bbe2cebaf2e79720cfc4f0c41e2e4ef31fa4e19a0a40f0,COVERED,SOURCE_ZIP_INVENTORY_EXTRACTED_EXACT,COVERED,dataset_catalog_recomputed_exact,NOT_APPLICABLE,NOT_APPLICABLE,NOT_APPLICABLE,NOT_APPLICABLE,,True,COVERED
COV-00530,physical_outer_member,90_FUENTES_INTEGRAS/GEOMETRY_OMEGA_TEORIA_COMPLETA_V1_0/GEOMETRY_OMEGA_TEORIA_COMPLETA_V1_0/10_FUENTES_ORIGINALES/DATOS_CSV/Geometry_Omega_Internal_Group_Candidates_v33_2026-07-31.csv,.csv,616,6ce8b491b6476ecf0ecebe013c5cbc96f842627804c123f9f5f360917f446782,COVERED,SOURCE_ZIP_INVENTORY_EXTRACTED_EXACT,COVERED,dataset_catalog_recomputed_exact,NOT_APPLICABLE,NOT_APPLICABLE,NOT_APPLICABLE,NOT_APPLICABLE,,True,COVERED
COV-00531,physical_outer_member,90_FUENTES_INTEGRAS/GEOMETRY_OMEGA_TEORIA_COMPLETA_V1_0/GEOMETRY_OMEGA_TEORIA_COMPLETA_V1_0/10_FUENTES_ORIGINALES/DATOS_CSV/Geometry_Omega_Internal_Orientation_Summary_v78.csv,.csv,940,f65f64aa0477ef5dac27a0d498cc0d90808e7b3c1d26be56fe26bd4be81ae831,COVERED,SOURCE_ZIP_INVENTORY_EXTRACTED_EXACT,COVERED,dataset_catalog_recomputed_exact,NOT_APPLICABLE,NOT_APPLICABLE,NOT_APPLICABLE,NOT_APPLICABLE,,True,COVERED
COV-00532,physical_outer_member,90_FUENTES_INTEGRAS/GEOMETRY_OMEGA_TEORIA_COMPLETA_V1_0/GEOMETRY_OMEGA_TEORIA_COMPLETA_V1_0/10_FUENTES_ORIGINALES/DATOS_CSV/Geometry_Omega_Internal_Orientation_Trajectories_v78.csv,.csv,997717,ac6cda5698bdfc32300b6206f7337ef364347f2084e4fda4e7201a5695dd0917,COVERED,SOURCE_ZIP_INVENTORY_EXTRACTED_EXACT,COVERED,dataset_catalog_recomputed_exact,NOT_APPLICABLE,NOT_APPLICABLE,NOT_APPLICABLE,NOT_APPLICABLE,,True,COVERED
COV-00533,physical_outer_member,90_FUENTES_INTEGRAS/GEOMETRY_OMEGA_TEORIA_COMPLETA_V1_0/GEOMETRY_OMEGA_TEORIA_COMPLETA_V1_0/10_FUENTES_ORIGINALES/DATOS_CSV/Geometry_Omega_Kernel_Anisotropy_v48_2026-08-01.csv,.csv,7918,d3a2f8adc0ab336ca4b628ff20f64732b55266eee96cd4e74d0aababf5ed81ff,COVERED,SOURCE_ZIP_INVENTORY_EXTRACTED_EXACT,COVERED,dataset_catalog_recomputed_exact,NOT_APPLICABLE,NOT_APPLICABLE,NOT_APPLICABLE,NOT_APPLICABLE,,True,COVERED
COV-00534,physical_outer_member,90_FUENTES_INTEGRAS/GEOMETRY_OMEGA_TEORIA_COMPLETA_V1_0/GEOMETRY_OMEGA_TEORIA_COMPLETA_V1_0/10_FUENTES_ORIGINALES/DATOS_CSV/Geometry_Omega_Kernel_Constraint_Scaling_v55_2026-08-01.csv,.csv,1128,252a8d872a15d7a2d0105d79d1e8916584171eea28264d7c6b2c0604a4c0ee34,COVERED,SOURCE_ZIP_INVENTORY_EXTRACTED_EXACT,COVERED,dataset_catalog_recomputed_exact,NOT_APPLICABLE,NOT_APPLICABLE,NOT_APPLICABLE,NOT_APPLICABLE,,True,COVERED
COV-00535,physical_outer_member,90_FUENTES_INTEGRAS/GEOMETRY_OMEGA_TEORIA_COMPLETA_V1_0/GEOMETRY_OMEGA_TEORIA_COMPLETA_V1_0/10_FUENTES_ORIGINALES/DATOS_CSV/Geometry_Omega_Kernel_Dispersion_Curves_v48_2026-08-01.csv,.csv,17105,995ecf11c4078f9d25f7a960d96d92b9f5de43548e5096c2b8d98a3013634ea0,COVERED,SOURCE_ZIP_INVENTORY_EXTRACTED_EXACT,COVERED,dataset_catalog_recomputed_exact,NOT_APPLICABLE,NOT_APPLICABLE,NOT_APPLICABLE,NOT_APPLICABLE,,True,COVERED
COV-00536,physical_outer_member,90_FUENTES_INTEGRAS/GEOMETRY_OMEGA_TEORIA_COMPLETA_V1_0/GEOMETRY_OMEGA_TEORIA_COMPLETA_V1_0/10_FUENTES_ORIGINALES/DATOS_CSV/Geometry_Omega_Kernel_Expansion_Fits_v48_2026-08-01.csv,.csv,224,60eb17a3ca95e21e85fb7862c26d9c60975f9547556f843f9d5fce0f68f10404,COVERED,SOURCE_ZIP_INVENTORY_EXTRACTED_EXACT,COVERED,dataset_catalog_recomputed_exact,NOT_APPLICABLE,NOT_APPLICABLE,NOT_APPLICABLE,NOT_APPLICABLE,,True,COVERED
COV-00537,physical_outer_member,90_FUENTES_INTEGRAS/GEOMETRY_OMEGA_TEORIA_COMPLETA_V1_0/GEOMETRY_OMEGA_TEORIA_COMPLETA_V1_0/10_FUENTES_ORIGINALES/DATOS_CSV/Geometry_Omega_Kernel_Information_Dimension_v55_2026-08-01.csv,.csv,213,a14d273b569101428ffbb61d32eaec9e2dfc88982bea36239596d74230da5264,COVERED,SOURCE_ZIP_INVENTORY_EXTRACTED_EXACT,COVERED,dataset_catalog_recomputed_exact,NOT_APPLICABLE,NOT_APPLICABLE,NOT_APPLICABLE,NOT_APPLICABLE,,True,COVERED
COV-00538,physical_outer_member,90_FUENTES_INTEGRAS/GEOMETRY_OMEGA_TEORIA_COMPLETA_V1_0/GEOMETRY_OMEGA_TEORIA_COMPLETA_V1_0/10_FUENTES_ORIGINALES/DATOS_CSV/Geometry_Omega_Lindblad_Inverse_Instability_v50_2026-08-01.csv,.csv,391,ae99b9090f592837334bc875d0bdc191a2a7ba7af60d8d26904fa1ae9acd77af,COVERED,SOURCE_ZIP_INVENTORY_EXTRACTED_EXACT,COVERED,dataset_catalog_recomputed_exact,NOT_APPLICABLE,NOT_APPLICABLE,NOT_APPLICABLE,NOT_APPLICABLE,,True,COVERED
COV-00539,physical_outer_member,90_FUENTES_INTEGRAS/GEOMETRY_OMEGA_TEORIA_COMPLETA_V1_0/GEOMETRY_OMEGA_TEORIA_COMPLETA_V1_0/10_FUENTES_ORIGINALES/DATOS_CSV/Geometry_Omega_Lindblad_Relational_Time_v50_2026-08-01.csv,.csv,2010783,9ac12066f586db3b6e987df2433289e9f975f902d318a037d5cee68e94f58ed8,COVERED,SOURCE_ZIP_INVENTORY_EXTRACTED_EXACT,COVERED,dataset_catalog_recomputed_exact,NOT_APPLICABLE,NOT_APPLICABLE,NOT_APPLICABLE,NOT_APPLICABLE,,True,COVERED
COV-00540,physical_outer_member,90_FUENTES_INTEGRAS/GEOMETRY_OMEGA_TEORIA_COMPLETA_V1_0/GEOMETRY_OMEGA_TEORIA_COMPLETA_V1_0/10_FUENTES_ORIGINALES/DATOS_CSV/Geometry_Omega_Lindblad_Semigroup_Check_v50_2026-08-01.csv,.csv,1105,988e5db04218778decd72db7ba26199c4e2a1154aad360e5e79349ff6709c0dc,COVERED,SOURCE_ZIP_INVENTORY_EXTRACTED_EXACT,COVERED,dataset_catalog_recomputed_exact,NOT_APPLICABLE,NOT_APPLICABLE,NOT_APPLICABLE,NOT_APPLICABLE,,True,COVERED
COV-00541,physical_outer_member,90_FUENTES_INTEGRAS/GEOMETRY_OMEGA_TEORIA_COMPLETA_V1_0/GEOMETRY_OMEGA_TEORIA_COMPLETA_V1_0/10_FUENTES_ORIGINALES/DATOS_CSV/Geometry_Omega_Local_Composition_Algebra_v80.csv,.csv,475,e86c801418c5e85c6375495cc4144ab328ecb4029a78b1f637e88f3e1249b038,COVERED,SOURCE_ZIP_INVENTORY_EXTRACTED_EXACT,COVERED,dataset_catalog_recomputed_exact,NOT_APPLICABLE,NOT_APPLICABLE,NOT_APPLICABLE,NOT_APPLICABLE,,True,COVERED
COV-00542,physical_outer_member,90_FUENTES_INTEGRAS/GEOMETRY_OMEGA_TEORIA_COMPLETA_V1_0/GEOMETRY_OMEGA_TEORIA_COMPLETA_V1_0/10_FUENTES_ORIGINALES/DATOS_CSV/Geometry_Omega_Local_Composition_Operators_v80.csv,.csv,344,6d25d87f4cfc5afe3aaf86e19159b478121b45d7982eab6a8739e18837e2d62d,COVERED,SOURCE_ZIP_INVENTORY_EXTRACTED_EXACT,COVERED,dataset_catalog_recomputed_exact,NOT_APPLICABLE,NOT_APPLICABLE,NOT_APPLICABLE,NOT_APPLICABLE,,True,COVERED
COV-00543,physical_outer_member,90_FUENTES_INTEGRAS/GEOMETRY_OMEGA_TEORIA_COMPLETA_V1_0/GEOMETRY_OMEGA_TEORIA_COMPLETA_V1_0/10_FUENTES_ORIGINALES/DATOS_CSV/Geometry_Omega_Local_Composition_Verdict_v80.csv,.csv,564,ebe79b85774b07263e4e90c6d1cea96dd25be1ec9ddace7a30b371cbb4f7346b,COVERED,SOURCE_ZIP_INVENTORY_EXTRACTED_EXACT,COVERED,dataset_catalog_recomputed_exact,NOT_APPLICABLE,NOT_APPLICABLE,NOT_APPLICABLE,NOT_APPLICABLE,,True,COVERED
COV-00544,physical_outer_member,90_FUENTES_INTEGRAS/GEOMETRY_OMEGA_TEORIA_COMPLETA_V1_0/GEOMETRY_OMEGA_TEORIA_COMPLETA_V1_0/10_FUENTES_ORIGINALES/DATOS_CSV/Geometry_Omega_Local_Phase_Invariance_v88.csv,.csv,586,cb383b5c1c7077e695e232898cff8d4815903486b48ba799188c031671a2e79b,COVERED,SOURCE_ZIP_INVENTORY_EXTRACTED_EXACT,COVERED,dataset_catalog_recomputed_exact,NOT_APPLICABLE,NOT_APPLICABLE,NOT_APPLICABLE,NOT_APPLICABLE,,True,COVERED
COV-00545,physical_outer_member,90_FUENTES_INTEGRAS/GEOMETRY_OMEGA_TEORIA_COMPLETA_V1_0/GEOMETRY_OMEGA_TEORIA_COMPLETA_V1_0/10_FUENTES_ORIGINALES/DATOS_CSV/Geometry_Omega_Locality_Tests_v80.csv,.csv,287,0c0e82c076280dc9bbc25a8ead47606351cb2d5c9e5e19a9213402038362f9f6,COVERED,SOURCE_ZIP_INVENTORY_EXTRACTED_EXACT,COVERED,dataset_catalog_recomputed_exact,NOT_APPLICABLE,NOT_APPLICABLE,NOT_APPLICABLE,NOT_APPLICABLE,,True,COVERED
COV-00546,physical_outer_member,90_FUENTES_INTEGRAS/GEOMETRY_OMEGA_TEORIA_COMPLETA_V1_0/GEOMETRY_OMEGA_TEORIA_COMPLETA_V1_0/10_FUENTES_ORIGINALES/DATOS_CSV/Geometry_Omega_Loop_Curvature_v88.csv,.csv,371,90a349e311beb85b2a3d08f12baee0bcb76a06ef16434ce846b09cb1aff3963b,COVERED,SOURCE_ZIP_INVENTORY_EXTRACTED_EXACT,COVERED,dataset_catalog_recomputed_exact,NOT_APPLICABLE,NOT_APPLICABLE,NOT_APPLICABLE,NOT_APPLICABLE,,True,COVERED
COV-00547,physical_outer_member,90_FUENTES_INTEGRAS/GEOMETRY_OMEGA_TEORIA_COMPLETA_V1_0/GEOMETRY_OMEGA_TEORIA_COMPLETA_V1_0/10_FUENTES_ORIGINALES/DATOS_CSV/Geometry_Omega_Macro_Crossover_v60_2026-08-01.csv,.csv,909,3da661bb233d8f470aeb9990dd6969c037ce503888437510f848330e3e228b48,COVERED,SOURCE_ZIP_INVENTORY_EXTRACTED_EXACT,COVERED,dataset_catalog_recomputed_exact,NOT_APPLICABLE,NOT_APPLICABLE,NOT_APPLICABLE,NOT_APPLICABLE,,True,COVERED
COV-00548,physical_outer_member,90_FUENTES_INTEGRAS/GEOMETRY_OMEGA_TEORIA_COMPLETA_V1_0/GEOMETRY_OMEGA_TEORIA_COMPLETA_V1_0/10_FUENTES_ORIGINALES/DATOS_CSV/Geometry_Omega_Macroscopic_Protection_Fits_v59_2026-08-01.csv,.csv,294,ae82a0c9767804550e5c128d2584ccf5fce4869f637d2064466a93dfd9c893ea,COVERED,SOURCE_ZIP_INVENTORY_EXTRACTED_EXACT,COVERED,dataset_catalog_recomputed_exact,NOT_APPLICABLE,NOT_APPLICABLE,NOT_APPLICABLE,NOT_APPLICABLE,,True,COVERED
COV-00549,physical_outer_member,90_FUENTES_INTEGRAS/GEOMETRY_OMEGA_TEORIA_COMPLETA_V1_0/GEOMETRY_OMEGA_TEORIA_COMPLETA_V1_0/10_FUENTES_ORIGINALES/DATOS_CSV/Geometry_Omega_Macroscopic_Protection_Size_v59_2026-08-01.csv,.csv,2407,0d08bb632df11050e73e8e7a1df45eb856b2fbd81dbf26cedaeedf823402100c,COVERED,SOURCE_ZIP_INVENTORY_EXTRACTED_EXACT,COVERED,dataset_catalog_recomputed_exact,NOT_APPLICABLE,NOT_APPLICABLE,NOT_APPLICABLE,NOT_APPLICABLE,,True,COVERED
COV-00550,physical_outer_member,90_FUENTES_INTEGRAS/GEOMETRY_OMEGA_TEORIA_COMPLETA_V1_0/GEOMETRY_OMEGA_TEORIA_COMPLETA_V1_0/10_FUENTES_ORIGINALES/DATOS_CSV/Geometry_Omega_Manifest_v8_2026-07-31.csv,.csv,1030,f5601981b07ce9af9e47fc78ff1ffc39ac411640fe6adaec3d5e6f20bbf7f76e,COVERED,SOURCE_ZIP_INVENTORY_EXTRACTED_EXACT,COVERED,dataset_catalog_recomputed_exact,NOT_APPLICABLE,NOT_APPLICABLE,NOT_APPLICABLE,NOT_APPLICABLE,,True,COVERED
COV-00551,physical_outer_member,90_FUENTES_INTEGRAS/GEOMETRY_OMEGA_TEORIA_COMPLETA_V1_0/GEOMETRY_OMEGA_TEORIA_COMPLETA_V1_0/10_FUENTES_ORIGINALES/DATOS_CSV/Geometry_Omega_Markov_Lyapunov_v49_2026-08-01.csv,.csv,683914,375205e86358dc88fb0d8cd013dd4695be34de3d946dcd31ee429dc57e5ca498,COVERED,SOURCE_ZIP_INVENTORY_EXTRACTED_EXACT,COVERED,dataset_catalog_recomputed_exact,NOT_APPLICABLE,NOT_APPLICABLE,NOT_APPLICABLE,NOT_APPLICABLE,,True,COVERED
COV-00552,physical_outer_member,90_FUENTES_INTEGRAS/GEOMETRY_OMEGA_TEORIA_COMPLETA_V1_0/GEOMETRY_OMEGA_TEORIA_COMPLETA_V1_0/10_FUENTES_ORIGINALES/DATOS_CSV/Geometry_Omega_Metaestabilidad_Ajustes_v66.csv,.csv,391,586b20fc34c92c1455d7d9eacc1de93264e51a3e4801b3c2b1f71b0e61e41a56,COVERED,SOURCE_ZIP_INVENTORY_EXTRACTED_EXACT,COVERED,dataset_catalog_recomputed_exact,NOT_APPLICABLE,NOT_APPLICABLE,NOT_APPLICABLE,NOT_APPLICABLE,,True,COVERED
COV-00553,physical_outer_member,90_FUENTES_INTEGRAS/GEOMETRY_OMEGA_TEORIA_COMPLETA_V1_0/GEOMETRY_OMEGA_TEORIA_COMPLETA_V1_0/10_FUENTES_ORIGINALES/DATOS_CSV/Geometry_Omega_Metaestabilidad_Comparacion_v66.csv,.csv,749,21f79433a778e56e2a7c4986a069e3563629c288d901de0d1cde01573b9f6154,COVERED,SOURCE_ZIP_INVENTORY_EXTRACTED_EXACT,COVERED,dataset_catalog_recomputed_exact,NOT_APPLICABLE,NOT_APPLICABLE,NOT_APPLICABLE,NOT_APPLICABLE,,True,COVERED
COV-00554,physical_outer_member,90_FUENTES_INTEGRAS/GEOMETRY_OMEGA_TEORIA_COMPLETA_V1_0/GEOMETRY_OMEGA_TEORIA_COMPLETA_V1_0/10_FUENTES_ORIGINALES/DATOS_CSV/Geometry_Omega_Metaestabilidad_Datos_v66.csv,.csv,26557,263a1594357167f8f3e369786bf03e817d1937a9811e8c7a6d8f2c33015c5a84,COVERED,SOURCE_ZIP_INVENTORY_EXTRACTED_EXACT,COVERED,dataset_catalog_recomputed_exact,NOT_APPLICABLE,NOT_APPLICABLE,NOT_APPLICABLE,NOT_APPLICABLE,,True,COVERED
COV-00555,physical_outer_member,90_FUENTES_INTEGRAS/GEOMETRY_OMEGA_TEORIA_COMPLETA_V1_0/GEOMETRY_OMEGA_TEORIA_COMPLETA_V1_0/10_FUENTES_ORIGINALES/DATOS_CSV/Geometry_Omega_Metaestabilidad_Resumen_v66.csv,.csv,8889,5e756dbf529c53b36321714684e805e9bfe583673f9a910dd0bae4155033b514,COVERED,SOURCE_ZIP_INVENTORY_EXTRACTED_EXACT,COVERED,dataset_catalog_recomputed_exact,NOT_APPLICABLE,NOT_APPLICABLE,NOT_APPLICABLE,NOT_APPLICABLE,,True,COVERED
COV-00556,physical_outer_member,90_FUENTES_INTEGRAS/GEOMETRY_OMEGA_TEORIA_COMPLETA_V1_0/GEOMETRY_OMEGA_TEORIA_COMPLETA_V1_0/10_FUENTES_ORIGINALES/DATOS_CSV/Geometry_Omega_Metal_Nature_Transition_v74.csv,.csv,1975063,f3afe0e764692709fe5768a9b0117992d2f699ee9d55ba984af0f64eb733a59d,COVERED,SOURCE_ZIP_INVENTORY_EXTRACTED_EXACT,COVERED,dataset_catalog_recomputed_exact,NOT_APPLICABLE,NOT_APPLICABLE,NOT_APPLICABLE,NOT_APPLICABLE,,True,COVERED
COV-00557,physical_outer_member,90_FUENTES_INTEGRAS/GEOMETRY_OMEGA_TEORIA_COMPLETA_V1_0/GEOMETRY_OMEGA_TEORIA_COMPLETA_V1_0/10_FUENTES_ORIGINALES/DATOS_CSV/Geometry_Omega_Microcanonical_Emission_Spectra_v52_2026-08-01.csv,.csv,560371,388fe7274fe79162923f70301587127a7c8ffd988548a41d2f9315773a69a5a1,COVERED,SOURCE_ZIP_INVENTORY_EXTRACTED_EXACT,COVERED,dataset_catalog_recomputed_exact,NOT_APPLICABLE,NOT_APPLICABLE,NOT_APPLICABLE,NOT_APPLICABLE,,True,COVERED
COV-00558,physical_outer_member,90_FUENTES_INTEGRAS/GEOMETRY_OMEGA_TEORIA_COMPLETA_V1_0/GEOMETRY_OMEGA_TEORIA_COMPLETA_V1_0/10_FUENTES_ORIGINALES/DATOS_CSV/Geometry_Omega_Microcanonical_Evaporation_v52_2026-08-01.csv,.csv,84647,531a5e22c0c08e604db000ec2049bc2efd2dfa361c506257c54efb47467f42f9,COVERED,SOURCE_ZIP_INVENTORY_EXTRACTED_EXACT,COVERED,dataset_catalog_recomputed_exact,NOT_APPLICABLE,NOT_APPLICABLE,NOT_APPLICABLE,NOT_APPLICABLE,,True,COVERED
COV-00559,physical_outer_member,90_FUENTES_INTEGRAS/GEOMETRY_OMEGA_TEORIA_COMPLETA_V1_0/GEOMETRY_OMEGA_TEORIA_COMPLETA_V1_0/10_FUENTES_ORIGINALES/DATOS_CSV/Geometry_Omega_Microcanonical_Thermal_Fits_v52_2026-08-01.csv,.csv,1043,24a4367a93f194f325b699f774a32ea7cecd4977848417eec6499fd8656424c9,COVERED,SOURCE_ZIP_INVENTORY_EXTRACTED_EXACT,COVERED,dataset_catalog_recomputed_exact,NOT_APPLICABLE,NOT_APPLICABLE,NOT_APPLICABLE,NOT_APPLICABLE,,True,COVERED
COV-00560,physical_outer_member,90_FUENTES_INTEGRAS/GEOMETRY_OMEGA_TEORIA_COMPLETA_V1_0/GEOMETRY_OMEGA_TEORIA_COMPLETA_V1_0/10_FUENTES_ORIGINALES/DATOS_CSV/Geometry_Omega_Minimal_Internal_Dimension_v83.csv,.csv,160,b7bab999ddc85150276f2e27797382c22da0bbc4044419314875970990ae386f,COVERED,SOURCE_ZIP_INVENTORY_EXTRACTED_EXACT,COVERED,dataset_catalog_recomputed_exact,NOT_APPLICABLE,NOT_APPLICABLE,NOT_APPLICABLE,NOT_APPLICABLE,,True,COVERED
COV-00561,physical_outer_member,90_FUENTES_INTEGRAS/GEOMETRY_OMEGA_TEORIA_COMPLETA_V1_0/GEOMETRY_OMEGA_TEORIA_COMPLETA_V1_0/10_FUENTES_ORIGINALES/DATOS_CSV/Geometry_Omega_Modal_Validation_v7_2026-07-31.csv,.csv,1372,3e23d716ada1bb376088c36ce4f703287bb6c329d288abd539ab481b6e344103,COVERED,SOURCE_ZIP_INVENTORY_EXTRACTED_EXACT,COVERED,dataset_catalog_recomputed_exact,NOT_APPLICABLE,NOT_APPLICABLE,NOT_APPLICABLE,NOT_APPLICABLE,,True,COVERED
COV-00562,physical_outer_member,90_FUENTES_INTEGRAS/GEOMETRY_OMEGA_TEORIA_COMPLETA_V1_0/GEOMETRY_OMEGA_TEORIA_COMPLETA_V1_0/10_FUENTES_ORIGINALES/DATOS_CSV/Geometry_Omega_Mode_Continuation_e0_to_e005_v16_2026-07-31.csv,.csv,2245,868030c8091f1ba58bb3b0fbb887eed355ffd66b2a5c887b8e8d702602e181b8,COVERED,SOURCE_ZIP_INVENTORY_EXTRACTED_EXACT,COVERED,dataset_catalog_recomputed_exact,NOT_APPLICABLE,NOT_APPLICABLE,NOT_APPLICABLE,NOT_APPLICABLE,,True,COVERED
COV-00563,physical_outer_member,90_FUENTES_INTEGRAS/GEOMETRY_OMEGA_TEORIA_COMPLETA_V1_0/GEOMETRY_OMEGA_TEORIA_COMPLETA_V1_0/10_FUENTES_ORIGINALES/DATOS_CSV/Geometry_Omega_Mode_Profiles_e_Continuation_v16_2026-07-31.csv,.csv,3941247,1a85f5d0bf2943618bb1d27174b75df6218d36b8d6d963caf66eee36d32bb422,COVERED,SOURCE_ZIP_INVENTORY_EXTRACTED_EXACT,COVERED,dataset_catalog_recomputed_exact,NOT_APPLICABLE,NOT_APPLICABLE,NOT_APPLICABLE,NOT_APPLICABLE,,True,COVERED
COV-00564,physical_outer_member,90_FUENTES_INTEGRAS/GEOMETRY_OMEGA_TEORIA_COMPLETA_V1_0/GEOMETRY_OMEGA_TEORIA_COMPLETA_V1_0/10_FUENTES_ORIGINALES/DATOS_CSV/Geometry_Omega_Multidirectional_Algebra_v83.csv,.csv,407,5ddd9d763d3a597300f8fbebd237d61c45c71387cd543f533151364fa76c78da,COVERED,SOURCE_ZIP_INVENTORY_EXTRACTED_EXACT,COVERED,dataset_catalog_recomputed_exact,NOT_APPLICABLE,NOT_APPLICABLE,NOT_APPLICABLE,NOT_APPLICABLE,,True,COVERED
COV-00565,physical_outer_member,90_FUENTES_INTEGRAS/GEOMETRY_OMEGA_TEORIA_COMPLETA_V1_0/GEOMETRY_OMEGA_TEORIA_COMPLETA_V1_0/10_FUENTES_ORIGINALES/DATOS_CSV/Geometry_Omega_Multidirectional_Dispersion_v83.csv,.csv,5847,5bd8ab0fbfb8d78d74f7595cb073193dcee801dffca5f5f511b4456447c8917c,COVERED,SOURCE_ZIP_INVENTORY_EXTRACTED_EXACT,COVERED,dataset_catalog_recomputed_exact,NOT_APPLICABLE,NOT_APPLICABLE,NOT_APPLICABLE,NOT_APPLICABLE,,True,COVERED
COV-00566,physical_outer_member,90_FUENTES_INTEGRAS/GEOMETRY_OMEGA_TEORIA_COMPLETA_V1_0/GEOMETRY_OMEGA_TEORIA_COMPLETA_V1_0/10_FUENTES_ORIGINALES/DATOS_CSV/Geometry_Omega_Multidirectional_Isotropy_v83.csv,.csv,862,5656756120161219c11d787c0abc27c515b7184160df43ba8a4a24ea43f135ba,COVERED,SOURCE_ZIP_INVENTORY_EXTRACTED_EXACT,COVERED,dataset_catalog_recomputed_exact,NOT_APPLICABLE,NOT_APPLICABLE,NOT_APPLICABLE,NOT_APPLICABLE,,True,COVERED
COV-00567,physical_outer_member,90_FUENTES_INTEGRAS/GEOMETRY_OMEGA_TEORIA_COMPLETA_V1_0/GEOMETRY_OMEGA_TEORIA_COMPLETA_V1_0/10_FUENTES_ORIGINALES/DATOS_CSV/Geometry_Omega_Multidirectional_Verdict_v83.csv,.csv,626,e5c7d2e58c74f9740373fbf1d020e7240639b4ba094204efaac3a4b5866c5cb3,COVERED,SOURCE_ZIP_INVENTORY_EXTRACTED_EXACT,COVERED,dataset_catalog_recomputed_exact,NOT_APPLICABLE,NOT_APPLICABLE,NOT_APPLICABLE,NOT_APPLICABLE,,True,COVERED
COV-00568,physical_outer_member,90_FUENTES_INTEGRAS/GEOMETRY_OMEGA_TEORIA_COMPLETA_V1_0/GEOMETRY_OMEGA_TEORIA_COMPLETA_V1_0/10_FUENTES_ORIGINALES/DATOS_CSV/Geometry_Omega_Nature_Classes_v72.csv,.csv,120,fcef6b9a3bcd22da7e025bd59432c2aeeb136596ae4b8245deeef12b200bb533,COVERED,SOURCE_ZIP_INVENTORY_EXTRACTED_EXACT,COVERED,dataset_catalog_recomputed_exact,NOT_APPLICABLE,NOT_APPLICABLE,NOT_APPLICABLE,NOT_APPLICABLE,,True,COVERED
COV-00569,physical_outer_member,90_FUENTES_INTEGRAS/GEOMETRY_OMEGA_TEORIA_COMPLETA_V1_0/GEOMETRY_OMEGA_TEORIA_COMPLETA_V1_0/10_FUENTES_ORIGINALES/DATOS_CSV/Geometry_Omega_NearestNeighbor_Expansion_v48_2026-08-01.csv,.csv,14676,715a0781d70bda6b3c1155b319ee4b4029444b7091f21cc4ef2ba79c4ccba432,COVERED,SOURCE_ZIP_INVENTORY_EXTRACTED_EXACT,COVERED,dataset_catalog_recomputed_exact,NOT_APPLICABLE,NOT_APPLICABLE,NOT_APPLICABLE,NOT_APPLICABLE,,True,COVERED
COV-00570,physical_outer_member,90_FUENTES_INTEGRAS/GEOMETRY_OMEGA_TEORIA_COMPLETA_V1_0/GEOMETRY_OMEGA_TEORIA_COMPLETA_V1_0/10_FUENTES_ORIGINALES/DATOS_CSV/Geometry_Omega_Neutral_Mode_Search_fc0p1_v16b_2026-07-31.csv,.csv,480,ff6be55d33e904e6a75cada3b63fd9897c099041a6c937e1b778f788d6d0fdb2,COVERED,SOURCE_ZIP_INVENTORY_EXTRACTED_EXACT,COVERED,dataset_catalog_recomputed_exact,NOT_APPLICABLE,NOT_APPLICABLE,NOT_APPLICABLE,NOT_APPLICABLE,,True,COVERED
COV-00571,physical_outer_member,90_FUENTES_INTEGRAS/GEOMETRY_OMEGA_TEORIA_COMPLETA_V1_0/GEOMETRY_OMEGA_TEORIA_COMPLETA_V1_0/10_FUENTES_ORIGINALES/DATOS_CSV/Geometry_Omega_Neutral_Selected_Mode_fc0p1_v16b_2026-07-31.csv,.csv,63969,34b52a8c916871cecbb0e208c440c9974edc123b2f1a0549f672869101b02eca,COVERED,SOURCE_ZIP_INVENTORY_EXTRACTED_EXACT,COVERED,dataset_catalog_recomputed_exact,NOT_APPLICABLE,NOT_APPLICABLE,NOT_APPLICABLE,NOT_APPLICABLE,,True,COVERED
COV-00572,physical_outer_member,90_FUENTES_INTEGRAS/GEOMETRY_OMEGA_TEORIA_COMPLETA_V1_0/GEOMETRY_OMEGA_TEORIA_COMPLETA_V1_0/10_FUENTES_ORIGINALES/DATOS_CSV/Geometry_Omega_Neutral_fc0p1_Standardized_v17.csv,.csv,343204,c053165ff43b0f9c7c14b78df2f62e8ba9ce3f7d9ea3239ddd0fe100e2e42cc3,COVERED,SOURCE_ZIP_INVENTORY_EXTRACTED_EXACT,COVERED,dataset_catalog_recomputed_exact,NOT_APPLICABLE,NOT_APPLICABLE,NOT_APPLICABLE,NOT_APPLICABLE,,True,COVERED
COV-00573,physical_outer_member,90_FUENTES_INTEGRAS/GEOMETRY_OMEGA_TEORIA_COMPLETA_V1_0/GEOMETRY_OMEGA_TEORIA_COMPLETA_V1_0/10_FUENTES_ORIGINALES/DATOS_CSV/Geometry_Omega_Nonlinear_Minima_Exact_v56_2026-08-01.csv,.csv,366,d1856c5fef2a3bd7188a8f31ea91c495a70e8546a8f2d2ff166b3359a46af9c3,COVERED,SOURCE_ZIP_INVENTORY_EXTRACTED_EXACT,COVERED,dataset_catalog_recomputed_exact,NOT_APPLICABLE,NOT_APPLICABLE,NOT_APPLICABLE,NOT_APPLICABLE,,True,COVERED
COV-00574,physical_outer_member,90_FUENTES_INTEGRAS/GEOMETRY_OMEGA_TEORIA_COMPLETA_V1_0/GEOMETRY_OMEGA_TEORIA_COMPLETA_V1_0/10_FUENTES_ORIGINALES/DATOS_CSV/Geometry_Omega_Nonlinear_Minima_Scaling_v56_2026-08-01.csv,.csv,248,ee6812b6dec11d7a7c5df5b94b1fcd2e747e87c878a4f8486157af94a4d25a47,COVERED,SOURCE_ZIP_INVENTORY_EXTRACTED_EXACT,COVERED,dataset_catalog_recomputed_exact,NOT_APPLICABLE,NOT_APPLICABLE,NOT_APPLICABLE,NOT_APPLICABLE,,True,COVERED
COV-00575,physical_outer_member,90_FUENTES_INTEGRAS/GEOMETRY_OMEGA_TEORIA_COMPLETA_V1_0/GEOMETRY_OMEGA_TEORIA_COMPLETA_V1_0/10_FUENTES_ORIGINALES/DATOS_CSV/Geometry_Omega_Normal_Ordered_Excitations_v87.csv,.csv,1907,321751b81e247cedf88b7a07191a2dcc13519639f4c1c93fadb89a253ebf95bc,COVERED,SOURCE_ZIP_INVENTORY_EXTRACTED_EXACT,COVERED,dataset_catalog_recomputed_exact,NOT_APPLICABLE,NOT_APPLICABLE,NOT_APPLICABLE,NOT_APPLICABLE,,True,COVERED
COV-00576,physical_outer_member,90_FUENTES_INTEGRAS/GEOMETRY_OMEGA_TEORIA_COMPLETA_V1_0/GEOMETRY_OMEGA_TEORIA_COMPLETA_V1_0/10_FUENTES_ORIGINALES/DATOS_CSV/Geometry_Omega_Occupancy_Regimes_Dynamic_v76.csv,.csv,31904440,5d85c64cbbb04e45f8a9d1feb0230610bb00a3c01cad11c61e728e3ee444387d,COVERED,SOURCE_ZIP_INVENTORY_EXTRACTED_EXACT,COVERED,dataset_catalog_recomputed_exact,NOT_APPLICABLE,NOT_APPLICABLE,NOT_APPLICABLE,NOT_APPLICABLE,,True,COVERED
COV-00577,physical_outer_member,90_FUENTES_INTEGRAS/GEOMETRY_OMEGA_TEORIA_COMPLETA_V1_0/GEOMETRY_OMEGA_TEORIA_COMPLETA_V1_0/10_FUENTES_ORIGINALES/DATOS_CSV/Geometry_Omega_Occupancy_Regimes_Fraction_Comparison_v76.csv,.csv,2592,c0ecb1ed9e0e43565c77bc8060e28b7844bb24c7deb941cece5680fc68f8bbf2,COVERED,SOURCE_ZIP_INVENTORY_EXTRACTED_EXACT,COVERED,dataset_catalog_recomputed_exact,NOT_APPLICABLE,NOT_APPLICABLE,NOT_APPLICABLE,NOT_APPLICABLE,,True,COVERED
COV-00578,physical_outer_member,90_FUENTES_INTEGRAS/GEOMETRY_OMEGA_TEORIA_COMPLETA_V1_0/GEOMETRY_OMEGA_TEORIA_COMPLETA_V1_0/10_FUENTES_ORIGINALES/DATOS_CSV/Geometry_Omega_Occupancy_Regimes_Ranking_v76.csv,.csv,1556,e751b9819ebb973634d8d356a32c7caac908e11f191e54b1fe1eee8141c943e8,COVERED,SOURCE_ZIP_INVENTORY_EXTRACTED_EXACT,COVERED,dataset_catalog_recomputed_exact,NOT_APPLICABLE,NOT_APPLICABLE,NOT_APPLICABLE,NOT_APPLICABLE,,True,COVERED
COV-00579,physical_outer_member,90_FUENTES_INTEGRAS/GEOMETRY_OMEGA_TEORIA_COMPLETA_V1_0/GEOMETRY_OMEGA_TEORIA_COMPLETA_V1_0/10_FUENTES_ORIGINALES/DATOS_CSV/Geometry_Omega_Occupancy_Regimes_Static_v76.csv,.csv,170232,1f271b77530e83c368c902272c0f319a55b307a6b5a4df3a67f409923fca36df,COVERED,SOURCE_ZIP_INVENTORY_EXTRACTED_EXACT,COVERED,dataset_catalog_recomputed_exact,NOT_APPLICABLE,NOT_APPLICABLE,NOT_APPLICABLE,NOT_APPLICABLE,,True,COVERED
COV-00580,physical_outer_member,90_FUENTES_INTEGRAS/GEOMETRY_OMEGA_TEORIA_COMPLETA_V1_0/GEOMETRY_OMEGA_TEORIA_COMPLETA_V1_0/10_FUENTES_ORIGINALES/DATOS_CSV/Geometry_Omega_Occupancy_Regimes_Summary_v76.csv,.csv,1439,d6059b793308fbdd98bcb782e2f27b9475f927577786460656851e21718b5160,COVERED,SOURCE_ZIP_INVENTORY_EXTRACTED_EXACT,COVERED,dataset_catalog_recomputed_exact,NOT_APPLICABLE,NOT_APPLICABLE,NOT_APPLICABLE,NOT_APPLICABLE,,True,COVERED
COV-00581,physical_outer_member,90_FUENTES_INTEGRAS/GEOMETRY_OMEGA_TEORIA_COMPLETA_V1_0/GEOMETRY_OMEGA_TEORIA_COMPLETA_V1_0/10_FUENTES_ORIGINALES/DATOS_CSV/Geometry_Omega_Orientacion_Conjugacion_v63.csv,.csv,404,72a5fc89e0150a5e81de3bf037ae0cd0a39f76ee6d993dea685cf953240d7772,COVERED,SOURCE_ZIP_INVENTORY_EXTRACTED_EXACT,COVERED,dataset_catalog_recomputed_exact,NOT_APPLICABLE,NOT_APPLICABLE,NOT_APPLICABLE,NOT_APPLICABLE,,True,COVERED
COV-00582,physical_outer_member,90_FUENTES_INTEGRAS/GEOMETRY_OMEGA_TEORIA_COMPLETA_V1_0/GEOMETRY_OMEGA_TEORIA_COMPLETA_V1_0/10_FUENTES_ORIGINALES/DATOS_CSV/Geometry_Omega_Orientacion_Irreversible_v63.csv,.csv,1267,d99f401eb9575bf51041b5e60b73c82676bc87091405e98df68e0d3c3c70f452,COVERED,SOURCE_ZIP_INVENTORY_EXTRACTED_EXACT,COVERED,dataset_catalog_recomputed_exact,NOT_APPLICABLE,NOT_APPLICABLE,NOT_APPLICABLE,NOT_APPLICABLE,,True,COVERED
COV-00583,physical_outer_member,90_FUENTES_INTEGRAS/GEOMETRY_OMEGA_TEORIA_COMPLETA_V1_0/GEOMETRY_OMEGA_TEORIA_COMPLETA_V1_0/10_FUENTES_ORIGINALES/DATOS_CSV/Geometry_Omega_Orientacion_Relacional_Escalamiento_v63.csv,.csv,238,deb8bbbd0539c51fcbb5c71183cecace211e2ae5cd10ba8b6d34ec1838139e4c,COVERED,SOURCE_ZIP_INVENTORY_EXTRACTED_EXACT,COVERED,dataset_catalog_recomputed_exact,NOT_APPLICABLE,NOT_APPLICABLE,NOT_APPLICABLE,NOT_APPLICABLE,,True,COVERED
COV-00584,physical_outer_member,90_FUENTES_INTEGRAS/GEOMETRY_OMEGA_TEORIA_COMPLETA_V1_0/GEOMETRY_OMEGA_TEORIA_COMPLETA_V1_0/10_FUENTES_ORIGINALES/DATOS_CSV/Geometry_Omega_Orientacion_Relacional_Espectros_v63.csv,.csv,2709,936b3257d5d7e3476db64f953a0449d43063b3dcab435340ac98028d1eac0e96,COVERED,SOURCE_ZIP_INVENTORY_EXTRACTED_EXACT,COVERED,dataset_catalog_recomputed_exact,NOT_APPLICABLE,NOT_APPLICABLE,NOT_APPLICABLE,NOT_APPLICABLE,,True,COVERED
COV-00585,physical_outer_member,90_FUENTES_INTEGRAS/GEOMETRY_OMEGA_TEORIA_COMPLETA_V1_0/GEOMETRY_OMEGA_TEORIA_COMPLETA_V1_0/10_FUENTES_ORIGINALES/DATOS_CSV/Geometry_Omega_Pair_Creation_Dynamics_v86.csv,.csv,192597,03068524a6194657fa85a14c75debfc12112e8dd99ef05e9d6768f270445bc68,COVERED,SOURCE_ZIP_INVENTORY_EXTRACTED_EXACT,COVERED,dataset_catalog_recomputed_exact,NOT_APPLICABLE,NOT_APPLICABLE,NOT_APPLICABLE,NOT_APPLICABLE,,True,COVERED
COV-00586,physical_outer_member,90_FUENTES_INTEGRAS/GEOMETRY_OMEGA_TEORIA_COMPLETA_V1_0/GEOMETRY_OMEGA_TEORIA_COMPLETA_V1_0/10_FUENTES_ORIGINALES/DATOS_CSV/Geometry_Omega_Pair_Creation_Summary_v86.csv,.csv,361,3a1b6f4ad316c36b3839ec599f0ae38cd576bed6ec3a800ad9f45e336272671c,COVERED,SOURCE_ZIP_INVENTORY_EXTRACTED_EXACT,COVERED,dataset_catalog_recomputed_exact,NOT_APPLICABLE,NOT_APPLICABLE,NOT_APPLICABLE,NOT_APPLICABLE,,True,COVERED
COV-00587,physical_outer_member,90_FUENTES_INTEGRAS/GEOMETRY_OMEGA_TEORIA_COMPLETA_V1_0/GEOMETRY_OMEGA_TEORIA_COMPLETA_V1_0/10_FUENTES_ORIGINALES/DATOS_CSV/Geometry_Omega_Pair_Reintegration_Summary_v87.csv,.csv,200,9fb5f6137794e733c2ddf34e4aabc21f5f891bd4d8f096a2bf45543752ad100a,COVERED,SOURCE_ZIP_INVENTORY_EXTRACTED_EXACT,COVERED,dataset_catalog_recomputed_exact,NOT_APPLICABLE,NOT_APPLICABLE,NOT_APPLICABLE,NOT_APPLICABLE,,True,COVERED
COV-00588,physical_outer_member,90_FUENTES_INTEGRAS/GEOMETRY_OMEGA_TEORIA_COMPLETA_V1_0/GEOMETRY_OMEGA_TEORIA_COMPLETA_V1_0/10_FUENTES_ORIGINALES/DATOS_CSV/Geometry_Omega_Pair_Reintegration_v87.csv,.csv,653643,7a5fb85337bf69a451d3409f12ad20817fcd7ff2c3ccf2b24bad1d5bcd92bf25,COVERED,SOURCE_ZIP_INVENTORY_EXTRACTED_EXACT,COVERED,dataset_catalog_recomputed_exact,NOT_APPLICABLE,NOT_APPLICABLE,NOT_APPLICABLE,NOT_APPLICABLE,,True,COVERED
COV-00589,physical_outer_member,90_FUENTES_INTEGRAS/GEOMETRY_OMEGA_TEORIA_COMPLETA_V1_0/GEOMETRY_OMEGA_TEORIA_COMPLETA_V1_0/10_FUENTES_ORIGINALES/DATOS_CSV/Geometry_Omega_Pauli_Algebra_Checks_v42_2026-08-01.csv,.csv,244,4559649e454167c6aed5d7461ed88c917f2d8c221342fdac2986c575e57e3b35,COVERED,SOURCE_ZIP_INVENTORY_EXTRACTED_EXACT,COVERED,dataset_catalog_recomputed_exact,NOT_APPLICABLE,NOT_APPLICABLE,NOT_APPLICABLE,NOT_APPLICABLE,,True,COVERED
COV-00590,physical_outer_member,90_FUENTES_INTEGRAS/GEOMETRY_OMEGA_TEORIA_COMPLETA_V1_0/GEOMETRY_OMEGA_TEORIA_COMPLETA_V1_0/10_FUENTES_ORIGINALES/DATOS_CSV/Geometry_Omega_Phase_Conditions_v59_2026-08-01.csv,.csv,341,b7be6f739d02c1f71302146bf94a5cb292388c8d7bc6469514134eb90801036b,COVERED,SOURCE_ZIP_INVENTORY_EXTRACTED_EXACT,COVERED,dataset_catalog_recomputed_exact,NOT_APPLICABLE,NOT_APPLICABLE,NOT_APPLICABLE,NOT_APPLICABLE,,True,COVERED
COV-00591,physical_outer_member,90_FUENTES_INTEGRAS/GEOMETRY_OMEGA_TEORIA_COMPLETA_V1_0/GEOMETRY_OMEGA_TEORIA_COMPLETA_V1_0/10_FUENTES_ORIGINALES/DATOS_CSV/Geometry_Omega_Plegamientos_Metricas_v39_2026-08-01.csv,.csv,783,82e2683b34a4f4d1acbd0d310e30f10431595d0c5d41fc192af0818b507ee3c0,COVERED,SOURCE_ZIP_INVENTORY_EXTRACTED_EXACT,COVERED,dataset_catalog_recomputed_exact,NOT_APPLICABLE,NOT_APPLICABLE,NOT_APPLICABLE,NOT_APPLICABLE,,True,COVERED
COV-00592,physical_outer_member,90_FUENTES_INTEGRAS/GEOMETRY_OMEGA_TEORIA_COMPLETA_V1_0/GEOMETRY_OMEGA_TEORIA_COMPLETA_V1_0/10_FUENTES_ORIGINALES/DATOS_CSV/Geometry_Omega_Potencial_Entropico_v46_2026-08-01.csv,.csv,6847,ba8d6d2e3026388d7393a4530ee72be174a35234d179f789ee483207c3f976f8,COVERED,SOURCE_ZIP_INVENTORY_EXTRACTED_EXACT,COVERED,dataset_catalog_recomputed_exact,NOT_APPLICABLE,NOT_APPLICABLE,NOT_APPLICABLE,NOT_APPLICABLE,,True,COVERED
COV-00593,physical_outer_member,90_FUENTES_INTEGRAS/GEOMETRY_OMEGA_TEORIA_COMPLETA_V1_0/GEOMETRY_OMEGA_TEORIA_COMPLETA_V1_0/10_FUENTES_ORIGINALES/DATOS_CSV/Geometry_Omega_Potencialidad_vs_Inercia_v61.csv,.csv,1072,7bf77979a9d26c1fc37e5e88ba7c3a654af2b0bc0699fd6286c62bdcf3b3f211,COVERED,SOURCE_ZIP_INVENTORY_EXTRACTED_EXACT,COVERED,dataset_catalog_recomputed_exact,NOT_APPLICABLE,NOT_APPLICABLE,NOT_APPLICABLE,NOT_APPLICABLE,,True,COVERED
COV-00594,physical_outer_member,90_FUENTES_INTEGRAS/GEOMETRY_OMEGA_TEORIA_COMPLETA_V1_0/GEOMETRY_OMEGA_TEORIA_COMPLETA_V1_0/10_FUENTES_ORIGINALES/DATOS_CSV/Geometry_Omega_Potentiality_Metrics_v72.csv,.csv,353,ee55312cfded50be5d9ddadf8fe1510265d8ec9e09c0ab53698a1929190898fe,COVERED,SOURCE_ZIP_INVENTORY_EXTRACTED_EXACT,COVERED,dataset_catalog_recomputed_exact,NOT_APPLICABLE,NOT_APPLICABLE,NOT_APPLICABLE,NOT_APPLICABLE,,True,COVERED
COV-00595,physical_outer_member,90_FUENTES_INTEGRAS/GEOMETRY_OMEGA_TEORIA_COMPLETA_V1_0/GEOMETRY_OMEGA_TEORIA_COMPLETA_V1_0/10_FUENTES_ORIGINALES/DATOS_CSV/Geometry_Omega_Proteccion_A_B_C_Energias_v65.csv,.csv,6142,2cfca5a2f82c1f2e0f9a117a578e911beef4fa70525454299ba63ade8a8d7efb,COVERED,SOURCE_ZIP_INVENTORY_EXTRACTED_EXACT,COVERED,dataset_catalog_recomputed_exact,NOT_APPLICABLE,NOT_APPLICABLE,NOT_APPLICABLE,NOT_APPLICABLE,,True,COVERED
COV-00596,physical_outer_member,90_FUENTES_INTEGRAS/GEOMETRY_OMEGA_TEORIA_COMPLETA_V1_0/GEOMETRY_OMEGA_TEORIA_COMPLETA_V1_0/10_FUENTES_ORIGINALES/DATOS_CSV/Geometry_Omega_Proteccion_A_B_C_Fragmentacion_v65.csv,.csv,1310,5798761a431eb1365dc2762c6c0a91da4aad2d47057fded2f5a9fb3d168f1339,COVERED,SOURCE_ZIP_INVENTORY_EXTRACTED_EXACT,COVERED,dataset_catalog_recomputed_exact,NOT_APPLICABLE,NOT_APPLICABLE,NOT_APPLICABLE,NOT_APPLICABLE,,True,COVERED
COV-00597,physical_outer_member,90_FUENTES_INTEGRAS/GEOMETRY_OMEGA_TEORIA_COMPLETA_V1_0/GEOMETRY_OMEGA_TEORIA_COMPLETA_V1_0/10_FUENTES_ORIGINALES/DATOS_CSV/Geometry_Omega_Proteccion_A_B_C_Minimos_v65.csv,.csv,247,90a21f222cb2dcfcd9d927825d60ecc2ff04084d928d485cf65c46c649b6f28a,COVERED,SOURCE_ZIP_INVENTORY_EXTRACTED_EXACT,COVERED,dataset_catalog_recomputed_exact,NOT_APPLICABLE,NOT_APPLICABLE,NOT_APPLICABLE,NOT_APPLICABLE,,True,COVERED
COV-00598,physical_outer_member,90_FUENTES_INTEGRAS/GEOMETRY_OMEGA_TEORIA_COMPLETA_V1_0/GEOMETRY_OMEGA_TEORIA_COMPLETA_V1_0/10_FUENTES_ORIGINALES/DATOS_CSV/Geometry_Omega_Proteccion_A_B_C_Procesos_v65.csv,.csv,450,16d8a20c908a921c9d99108a439f56adf57402f38863c06cd1dc2c1bf49f2ddf,COVERED,SOURCE_ZIP_INVENTORY_EXTRACTED_EXACT,COVERED,dataset_catalog_recomputed_exact,NOT_APPLICABLE,NOT_APPLICABLE,NOT_APPLICABLE,NOT_APPLICABLE,,True,COVERED
COV-00599,physical_outer_member,90_FUENTES_INTEGRAS/GEOMETRY_OMEGA_TEORIA_COMPLETA_V1_0/GEOMETRY_OMEGA_TEORIA_COMPLETA_V1_0/10_FUENTES_ORIGINALES/DATOS_CSV/Geometry_Omega_Proteccion_A_B_C_Puntuacion_v65.csv,.csv,87,6b9446c8519de2b065a804ec6474fee8336d58ca7a607540ea4e7ff9efb9286e,COVERED,SOURCE_ZIP_INVENTORY_EXTRACTED_EXACT,COVERED,dataset_catalog_recomputed_exact,NOT_APPLICABLE,NOT_APPLICABLE,NOT_APPLICABLE,NOT_APPLICABLE,,True,COVERED
COV-00600,physical_outer_member,90_FUENTES_INTEGRAS/GEOMETRY_OMEGA_TEORIA_COMPLETA_V1_0/GEOMETRY_OMEGA_TEORIA_COMPLETA_V1_0/10_FUENTES_ORIGINALES/DATOS_CSV/Geometry_Omega_PseudoArclength_FirstStep_Summary_v21_2026-07-31.csv,.csv,201,1fb0cfec593b703355a57d55e5aeb2e2372f1135c2bbafbfedaa091334d94d01,COVERED,SOURCE_ZIP_INVENTORY_EXTRACTED_EXACT,COVERED,dataset_catalog_recomputed_exact,NOT_APPLICABLE,NOT_APPLICABLE,NOT_APPLICABLE,NOT_APPLICABLE,,True,COVERED
COV-00601,physical_outer_member,90_FUENTES_INTEGRAS/GEOMETRY_OMEGA_TEORIA_COMPLETA_V1_0/GEOMETRY_OMEGA_TEORIA_COMPLETA_V1_0/10_FUENTES_ORIGINALES/DATOS_CSV/Geometry_Omega_PseudoArclength_Transformed_v21_2026-07-31.csv,.csv,184,f0d1a3d3d2da1edbe99e8da044d3f47486f1c13a3b655f739d89234e311de37d,COVERED,SOURCE_ZIP_INVENTORY_EXTRACTED_EXACT,COVERED,dataset_catalog_recomputed_exact,NOT_APPLICABLE,NOT_APPLICABLE,NOT_APPLICABLE,NOT_APPLICABLE,,True,COVERED
COV-00602,physical_outer_member,90_FUENTES_INTEGRAS/GEOMETRY_OMEGA_TEORIA_COMPLETA_V1_0/GEOMETRY_OMEGA_TEORIA_COMPLETA_V1_0/10_FUENTES_ORIGINALES/DATOS_CSV/Geometry_Omega_Rango_Efectivo_MonteCarlo_v44_2026-08-01.csv,.csv,139973,b1b5b94abf4518740ba4acb2aa25e3a65f10723103bda2fd0dbb12ac98363dac,COVERED,SOURCE_ZIP_INVENTORY_EXTRACTED_EXACT,COVERED,dataset_catalog_recomputed_exact,NOT_APPLICABLE,NOT_APPLICABLE,NOT_APPLICABLE,NOT_APPLICABLE,,True,COVERED
COV-00603,physical_outer_member,90_FUENTES_INTEGRAS/GEOMETRY_OMEGA_TEORIA_COMPLETA_V1_0/GEOMETRY_OMEGA_TEORIA_COMPLETA_V1_0/10_FUENTES_ORIGINALES/DATOS_CSV/Geometry_Omega_Rango_Efectivo_Resumen_v44_2026-08-01.csv,.csv,1416,d9dbda34648e190cb87b14b16917b7b0bd723d6e68bea394d666cafa50d8f076,COVERED,SOURCE_ZIP_INVENTORY_EXTRACTED_EXACT,COVERED,dataset_catalog_recomputed_exact,NOT_APPLICABLE,NOT_APPLICABLE,NOT_APPLICABLE,NOT_APPLICABLE,,True,COVERED
COV-00604,physical_outer_member,90_FUENTES_INTEGRAS/GEOMETRY_OMEGA_TEORIA_COMPLETA_V1_0/GEOMETRY_OMEGA_TEORIA_COMPLETA_V1_0/10_FUENTES_ORIGINALES/DATOS_CSV/Geometry_Omega_Rango_Optimo_Costo_v44_2026-08-01.csv,.csv,18545,e0a46953cc2a8d538f96f29513c898721039b89f97519a59d09941683d690719,COVERED,SOURCE_ZIP_INVENTORY_EXTRACTED_EXACT,COVERED,dataset_catalog_recomputed_exact,NOT_APPLICABLE,NOT_APPLICABLE,NOT_APPLICABLE,NOT_APPLICABLE,,True,COVERED
COV-00605,physical_outer_member,90_FUENTES_INTEGRAS/GEOMETRY_OMEGA_TEORIA_COMPLETA_V1_0/GEOMETRY_OMEGA_TEORIA_COMPLETA_V1_0/10_FUENTES_ORIGINALES/DATOS_CSV/Geometry_Omega_Relational_Connection_Verdict_v88.csv,.csv,601,c60491a38e4638b201023a3dc9ab46751185dd556afc139b7a8e39b681e56f2f,COVERED,SOURCE_ZIP_INVENTORY_EXTRACTED_EXACT,COVERED,dataset_catalog_recomputed_exact,NOT_APPLICABLE,NOT_APPLICABLE,NOT_APPLICABLE,NOT_APPLICABLE,,True,COVERED
COV-00606,physical_outer_member,90_FUENTES_INTEGRAS/GEOMETRY_OMEGA_TEORIA_COMPLETA_V1_0/GEOMETRY_OMEGA_TEORIA_COMPLETA_V1_0/10_FUENTES_ORIGINALES/DATOS_CSV/Geometry_Omega_Relational_Inertia_Phases_v60_2026-08-01.csv,.csv,332772,9e36d9329e38584bcd4788ae5be1d0b8cbc9bd7bb4eafebcc765e8f00e3df0b1,COVERED,SOURCE_ZIP_INVENTORY_EXTRACTED_EXACT,COVERED,dataset_catalog_recomputed_exact,NOT_APPLICABLE,NOT_APPLICABLE,NOT_APPLICABLE,NOT_APPLICABLE,,True,COVERED
COV-00607,physical_outer_member,90_FUENTES_INTEGRAS/GEOMETRY_OMEGA_TEORIA_COMPLETA_V1_0/GEOMETRY_OMEGA_TEORIA_COMPLETA_V1_0/10_FUENTES_ORIGINALES/DATOS_CSV/Geometry_Omega_Relational_Inertia_Relations_v60_2026-08-01.csv,.csv,259,09187900245aee1f5030e587ca812834ae69d9ac262967f61a591c340f686c76,COVERED,SOURCE_ZIP_INVENTORY_EXTRACTED_EXACT,COVERED,dataset_catalog_recomputed_exact,NOT_APPLICABLE,NOT_APPLICABLE,NOT_APPLICABLE,NOT_APPLICABLE,,True,COVERED
COV-00608,physical_outer_member,90_FUENTES_INTEGRAS/GEOMETRY_OMEGA_TEORIA_COMPLETA_V1_0/GEOMETRY_OMEGA_TEORIA_COMPLETA_V1_0/10_FUENTES_ORIGINALES/DATOS_CSV/Geometry_Omega_Relational_Inertia_Scaling_v60_2026-08-01.csv,.csv,996,66b84c4ae10f9260d8aaaeb9948b3c6e5621c98e0ab5ad2c742d275068fd8ee5,COVERED,SOURCE_ZIP_INVENTORY_EXTRACTED_EXACT,COVERED,dataset_catalog_recomputed_exact,NOT_APPLICABLE,NOT_APPLICABLE,NOT_APPLICABLE,NOT_APPLICABLE,,True,COVERED
COV-00609,physical_outer_member,90_FUENTES_INTEGRAS/GEOMETRY_OMEGA_TEORIA_COMPLETA_V1_0/GEOMETRY_OMEGA_TEORIA_COMPLETA_V1_0/10_FUENTES_ORIGINALES/DATOS_CSV/Geometry_Omega_Return_Cost_Summary_v74.csv,.csv,640,f6a3ec4de5b9c80f8b37067d7c179f0b0596a4d1c8017509f7096d2d3195e336,COVERED,SOURCE_ZIP_INVENTORY_EXTRACTED_EXACT,COVERED,dataset_catalog_recomputed_exact,NOT_APPLICABLE,NOT_APPLICABLE,NOT_APPLICABLE,NOT_APPLICABLE,,True,COVERED
COV-00610,physical_outer_member,90_FUENTES_INTEGRAS/GEOMETRY_OMEGA_TEORIA_COMPLETA_V1_0/GEOMETRY_OMEGA_TEORIA_COMPLETA_V1_0/10_FUENTES_ORIGINALES/DATOS_CSV/Geometry_Omega_Rotation_Compatibility_v80.csv,.csv,412,9e747d97f1eed1f2cd757415b5688fd3e1279e53c459de13297322ef761b3476,COVERED,SOURCE_ZIP_INVENTORY_EXTRACTED_EXACT,COVERED,dataset_catalog_recomputed_exact,NOT_APPLICABLE,NOT_APPLICABLE,NOT_APPLICABLE,NOT_APPLICABLE,,True,COVERED
COV-00611,physical_outer_member,90_FUENTES_INTEGRAS/GEOMETRY_OMEGA_TEORIA_COMPLETA_V1_0/GEOMETRY_OMEGA_TEORIA_COMPLETA_V1_0/10_FUENTES_ORIGINALES/DATOS_CSV/Geometry_Omega_Scalar_Causal_Update_v82.csv,.csv,546,56455e28a0b6cf4ee0139250c3c3edeb13c272c120448f7426ee974b269b503d,COVERED,SOURCE_ZIP_INVENTORY_EXTRACTED_EXACT,COVERED,dataset_catalog_recomputed_exact,NOT_APPLICABLE,NOT_APPLICABLE,NOT_APPLICABLE,NOT_APPLICABLE,,True,COVERED
COV-00612,physical_outer_member,90_FUENTES_INTEGRAS/GEOMETRY_OMEGA_TEORIA_COMPLETA_V1_0/GEOMETRY_OMEGA_TEORIA_COMPLETA_V1_0/10_FUENTES_ORIGINALES/DATOS_CSV/Geometry_Omega_Sectores_1_3_5_v45_2026-08-01.csv,.csv,136,23463bb3348eb120cd8ef921511fb4cca1ba639c8def37dda0d81f5405ce5bdd,COVERED,SOURCE_ZIP_INVENTORY_EXTRACTED_EXACT,COVERED,dataset_catalog_recomputed_exact,NOT_APPLICABLE,NOT_APPLICABLE,NOT_APPLICABLE,NOT_APPLICABLE,,True,COVERED
COV-00613,physical_outer_member,90_FUENTES_INTEGRAS/GEOMETRY_OMEGA_TEORIA_COMPLETA_V1_0/GEOMETRY_OMEGA_TEORIA_COMPLETA_V1_0/10_FUENTES_ORIGINALES/DATOS_CSV/Geometry_Omega_Seleccion_Dimension_Fase_v39_2026-08-01.csv,.csv,95050,9ccb8827a6ed830556f31609b7b93efb2871c4ad49a6b5f10d88cbfc2278071f,COVERED,SOURCE_ZIP_INVENTORY_EXTRACTED_EXACT,COVERED,dataset_catalog_recomputed_exact,NOT_APPLICABLE,NOT_APPLICABLE,NOT_APPLICABLE,NOT_APPLICABLE,,True,COVERED
COV-00614,physical_outer_member,90_FUENTES_INTEGRAS/GEOMETRY_OMEGA_TEORIA_COMPLETA_V1_0/GEOMETRY_OMEGA_TEORIA_COMPLETA_V1_0/10_FUENTES_ORIGINALES/DATOS_CSV/Geometry_Omega_Selected_Mode_Continuation_e_v16c_2026-07-31.csv,.csv,1160,ef1e4bbe96f01b884e7e824ae4fdc35fd0f0d4f7f40a43bfba437057256930dd,COVERED,SOURCE_ZIP_INVENTORY_EXTRACTED_EXACT,COVERED,dataset_catalog_recomputed_exact,NOT_APPLICABLE,NOT_APPLICABLE,NOT_APPLICABLE,NOT_APPLICABLE,,True,COVERED
COV-00615,physical_outer_member,90_FUENTES_INTEGRAS/GEOMETRY_OMEGA_TEORIA_COMPLETA_V1_0/GEOMETRY_OMEGA_TEORIA_COMPLETA_V1_0/10_FUENTES_ORIGINALES/DATOS_CSV/Geometry_Omega_Selected_Mode_Profiles_e_v16c_2026-07-31.csv,.csv,602134,da12127e75f4543f0a3c3d8e76dea6c4bf0c7eaf67eddc5a990813ca81c15f34,COVERED,SOURCE_ZIP_INVENTORY_EXTRACTED_EXACT,COVERED,dataset_catalog_recomputed_exact,NOT_APPLICABLE,NOT_APPLICABLE,NOT_APPLICABLE,NOT_APPLICABLE,,True,COVERED
COV-00616,physical_outer_member,90_FUENTES_INTEGRAS/GEOMETRY_OMEGA_TEORIA_COMPLETA_V1_0/GEOMETRY_OMEGA_TEORIA_COMPLETA_V1_0/10_FUENTES_ORIGINALES/DATOS_CSV/Geometry_Omega_Semigroup_Amplification_v49_2026-08-01.csv,.csv,1076,2db9d2da95695da026ad495262cc39e47e94b9c121fdb8fd38ca37ad951d7bd9,COVERED,SOURCE_ZIP_INVENTORY_EXTRACTED_EXACT,COVERED,dataset_catalog_recomputed_exact,NOT_APPLICABLE,NOT_APPLICABLE,NOT_APPLICABLE,NOT_APPLICABLE,,True,COVERED
COV-00617,physical_outer_member,90_FUENTES_INTEGRAS/GEOMETRY_OMEGA_TEORIA_COMPLETA_V1_0/GEOMETRY_OMEGA_TEORIA_COMPLETA_V1_0/10_FUENTES_ORIGINALES/DATOS_CSV/Geometry_Omega_Static_Source_3D_Fit_v90.csv,.csv,318,3be9226787106ae9fd4f65985531e8eeafad2b8c5f35efae5a159a73336686e0,COVERED,SOURCE_ZIP_INVENTORY_EXTRACTED_EXACT,COVERED,dataset_catalog_recomputed_exact,NOT_APPLICABLE,NOT_APPLICABLE,NOT_APPLICABLE,NOT_APPLICABLE,,True,COVERED
COV-00618,physical_outer_member,90_FUENTES_INTEGRAS/GEOMETRY_OMEGA_TEORIA_COMPLETA_V1_0/GEOMETRY_OMEGA_TEORIA_COMPLETA_V1_0/10_FUENTES_ORIGINALES/DATOS_CSV/Geometry_Omega_Static_Source_3D_Profile_v90.csv,.csv,728,b8d0662f55721d51aeec95b6469c7a402f69da93bd20d9f011cc5762cb756214,COVERED,SOURCE_ZIP_INVENTORY_EXTRACTED_EXACT,COVERED,dataset_catalog_recomputed_exact,NOT_APPLICABLE,NOT_APPLICABLE,NOT_APPLICABLE,NOT_APPLICABLE,,True,COVERED
COV-00619,physical_outer_member,90_FUENTES_INTEGRAS/GEOMETRY_OMEGA_TEORIA_COMPLETA_V1_0/GEOMETRY_OMEGA_TEORIA_COMPLETA_V1_0/10_FUENTES_ORIGINALES/DATOS_CSV/Geometry_Omega_Static_Tangent_Operator_Check_v23_2026-07-31.csv,.csv,4437,5f6456c5d5a34afe9bf782a53a889d5cc6d1c4350facee47665e45cdc4e98568,COVERED,SOURCE_ZIP_INVENTORY_EXTRACTED_EXACT,COVERED,dataset_catalog_recomputed_exact,NOT_APPLICABLE,NOT_APPLICABLE,NOT_APPLICABLE,NOT_APPLICABLE,,True,COVERED
COV-00620,physical_outer_member,90_FUENTES_INTEGRAS/GEOMETRY_OMEGA_TEORIA_COMPLETA_V1_0/GEOMETRY_OMEGA_TEORIA_COMPLETA_V1_0/10_FUENTES_ORIGINALES/DATOS_CSV/Geometry_Omega_Static_Tangent_Profiles_v23_2026-07-31.csv,.csv,2128537,9b1c45fe72cf038c871040fadb41636fe66a53b6b318bdcc2743267168ad57ad,COVERED,SOURCE_ZIP_INVENTORY_EXTRACTED_EXACT,COVERED,dataset_catalog_recomputed_exact,NOT_APPLICABLE,NOT_APPLICABLE,NOT_APPLICABLE,NOT_APPLICABLE,,True,COVERED
COV-00621,physical_outer_member,90_FUENTES_INTEGRAS/GEOMETRY_OMEGA_TEORIA_COMPLETA_V1_0/GEOMETRY_OMEGA_TEORIA_COMPLETA_V1_0/10_FUENTES_ORIGINALES/DATOS_CSV/Geometry_Omega_Tau_Charge_Distinction_v86.csv,.csv,256,ec4a412e54183d60d5a2194871e8743073b3809e5416c5b59546ea467d0f491f,COVERED,SOURCE_ZIP_INVENTORY_EXTRACTED_EXACT,COVERED,dataset_catalog_recomputed_exact,NOT_APPLICABLE,NOT_APPLICABLE,NOT_APPLICABLE,NOT_APPLICABLE,,True,COVERED
COV-00622,physical_outer_member,90_FUENTES_INTEGRAS/GEOMETRY_OMEGA_TEORIA_COMPLETA_V1_0/GEOMETRY_OMEGA_TEORIA_COMPLETA_V1_0/10_FUENTES_ORIGINALES/DATOS_CSV/Geometry_Omega_Tau_Rotation_Algebra_v84.csv,.csv,153,b0aaa52cd89f362ed764d80e5655360dea8a369ff4785b1114a9edd497331103,COVERED,SOURCE_ZIP_INVENTORY_EXTRACTED_EXACT,COVERED,dataset_catalog_recomputed_exact,NOT_APPLICABLE,NOT_APPLICABLE,NOT_APPLICABLE,NOT_APPLICABLE,,True,COVERED
COV-00623,physical_outer_member,90_FUENTES_INTEGRAS/GEOMETRY_OMEGA_TEORIA_COMPLETA_V1_0/GEOMETRY_OMEGA_TEORIA_COMPLETA_V1_0/10_FUENTES_ORIGINALES/DATOS_CSV/Geometry_Omega_Tau_Sector_Isotropy_v84.csv,.csv,473,dc09f2f950e58b99eea0bd1145c2f8f8d7052b68aba089d8c957c4b8eeeaa632,COVERED,SOURCE_ZIP_INVENTORY_EXTRACTED_EXACT,COVERED,dataset_catalog_recomputed_exact,NOT_APPLICABLE,NOT_APPLICABLE,NOT_APPLICABLE,NOT_APPLICABLE,,True,COVERED
COV-00624,physical_outer_member,90_FUENTES_INTEGRAS/GEOMETRY_OMEGA_TEORIA_COMPLETA_V1_0/GEOMETRY_OMEGA_TEORIA_COMPLETA_V1_0/10_FUENTES_ORIGINALES/DATOS_CSV/Geometry_Omega_Tau_Sector_Reversibility_v84.csv,.csv,284,acdeec2a2f833a9e65b1e8b1636210e3df71c35dc4f2af9c251ad5bf706b92dc,COVERED,SOURCE_ZIP_INVENTORY_EXTRACTED_EXACT,COVERED,dataset_catalog_recomputed_exact,NOT_APPLICABLE,NOT_APPLICABLE,NOT_APPLICABLE,NOT_APPLICABLE,,True,COVERED
COV-00625,physical_outer_member,90_FUENTES_INTEGRAS/GEOMETRY_OMEGA_TEORIA_COMPLETA_V1_0/GEOMETRY_OMEGA_TEORIA_COMPLETA_V1_0/10_FUENTES_ORIGINALES/DATOS_CSV/Geometry_Omega_Tau_Sector_Transfer_Summary_v84.csv,.csv,330,8489594b5123560650f4352350e74ec088397ec8976ff769a498211aa9e88e81,COVERED,SOURCE_ZIP_INVENTORY_EXTRACTED_EXACT,COVERED,dataset_catalog_recomputed_exact,NOT_APPLICABLE,NOT_APPLICABLE,NOT_APPLICABLE,NOT_APPLICABLE,,True,COVERED
COV-00626,physical_outer_member,90_FUENTES_INTEGRAS/GEOMETRY_OMEGA_TEORIA_COMPLETA_V1_0/GEOMETRY_OMEGA_TEORIA_COMPLETA_V1_0/10_FUENTES_ORIGINALES/DATOS_CSV/Geometry_Omega_Tau_Sector_Transfer_v84.csv,.csv,83772,ae9da9f929936b4e8ae5899d8a6e8e2689ec879053cc5ee3d4cb01ec27adf184,COVERED,SOURCE_ZIP_INVENTORY_EXTRACTED_EXACT,COVERED,dataset_catalog_recomputed_exact,NOT_APPLICABLE,NOT_APPLICABLE,NOT_APPLICABLE,NOT_APPLICABLE,,True,COVERED
COV-00627,physical_outer_member,90_FUENTES_INTEGRAS/GEOMETRY_OMEGA_TEORIA_COMPLETA_V1_0/GEOMETRY_OMEGA_TEORIA_COMPLETA_V1_0/10_FUENTES_ORIGINALES/DATOS_CSV/Geometry_Omega_Tau_Sector_Verdict_v84.csv,.csv,671,a3d23de961608b7ad40b68d7137d3716762e683379cddcc1cdb6e288aea71e83,COVERED,SOURCE_ZIP_INVENTORY_EXTRACTED_EXACT,COVERED,dataset_catalog_recomputed_exact,NOT_APPLICABLE,NOT_APPLICABLE,NOT_APPLICABLE,NOT_APPLICABLE,,True,COVERED
COV-00628,physical_outer_member,90_FUENTES_INTEGRAS/GEOMETRY_OMEGA_TEORIA_COMPLETA_V1_0/GEOMETRY_OMEGA_TEORIA_COMPLETA_V1_0/10_FUENTES_ORIGINALES/DATOS_CSV/Geometry_Omega_Three_Scenarios_Scaling_v58_2026-08-01.csv,.csv,2775,67d8d1da270061519059619f76cb87fc05a4eb6f519ef514477d087e13ca0e9d,COVERED,SOURCE_ZIP_INVENTORY_EXTRACTED_EXACT,COVERED,dataset_catalog_recomputed_exact,NOT_APPLICABLE,NOT_APPLICABLE,NOT_APPLICABLE,NOT_APPLICABLE,,True,COVERED
COV-00629,physical_outer_member,90_FUENTES_INTEGRAS/GEOMETRY_OMEGA_TEORIA_COMPLETA_V1_0/GEOMETRY_OMEGA_TEORIA_COMPLETA_V1_0/10_FUENTES_ORIGINALES/DATOS_CSV/Geometry_Omega_Three_Scenarios_ScoreTotals_v58_2026-08-01.csv,.csv,125,6ad1d2db9b1799e55ef3aa9a65369c3289249203fe78b9b9829e455aab0aca9a,COVERED,SOURCE_ZIP_INVENTORY_EXTRACTED_EXACT,COVERED,dataset_catalog_recomputed_exact,NOT_APPLICABLE,NOT_APPLICABLE,NOT_APPLICABLE,NOT_APPLICABLE,,True,COVERED
COV-00630,physical_outer_member,90_FUENTES_INTEGRAS/GEOMETRY_OMEGA_TEORIA_COMPLETA_V1_0/GEOMETRY_OMEGA_TEORIA_COMPLETA_V1_0/10_FUENTES_ORIGINALES/DATOS_CSV/Geometry_Omega_Three_Scenarios_Scorecard_v58_2026-08-01.csv,.csv,369,74d2596ca741cb05be3c1a7e63ec98f3a94f6c68fb4d1cec5a9d89a7c275db4f,COVERED,SOURCE_ZIP_INVENTORY_EXTRACTED_EXACT,COVERED,dataset_catalog_recomputed_exact,NOT_APPLICABLE,NOT_APPLICABLE,NOT_APPLICABLE,NOT_APPLICABLE,,True,COVERED
COV-00631,physical_outer_member,90_FUENTES_INTEGRAS/GEOMETRY_OMEGA_TEORIA_COMPLETA_V1_0/GEOMETRY_OMEGA_TEORIA_COMPLETA_V1_0/10_FUENTES_ORIGINALES/DATOS_CSV/Geometry_Omega_Three_Scenarios_Spectra_v58_2026-08-01.csv,.csv,10265,cca93e388e60f11f92fa3e3f9ca8a7513ec90705155d0ea2d78160f2c7bb9ca0,COVERED,SOURCE_ZIP_INVENTORY_EXTRACTED_EXACT,COVERED,dataset_catalog_recomputed_exact,NOT_APPLICABLE,NOT_APPLICABLE,NOT_APPLICABLE,NOT_APPLICABLE,,True,COVERED
COV-00632,physical_outer_member,90_FUENTES_INTEGRAS/GEOMETRY_OMEGA_TEORIA_COMPLETA_V1_0/GEOMETRY_OMEGA_TEORIA_COMPLETA_V1_0/10_FUENTES_ORIGINALES/DATOS_CSV/Geometry_Omega_Tiempo_Emergente_Trajectory_v49_2026-08-01.csv,.csv,247702,b2cb1ddb52006c2d1b19f2bf74b1fb2205135596bf1cf47df5d6c8be44e23d7c,COVERED,SOURCE_ZIP_INVENTORY_EXTRACTED_EXACT,COVERED,dataset_catalog_recomputed_exact,NOT_APPLICABLE,NOT_APPLICABLE,NOT_APPLICABLE,NOT_APPLICABLE,,True,COVERED
COV-00633,physical_outer_member,90_FUENTES_INTEGRAS/GEOMETRY_OMEGA_TEORIA_COMPLETA_V1_0/GEOMETRY_OMEGA_TEORIA_COMPLETA_V1_0/10_FUENTES_ORIGINALES/DATOS_CSV/Geometry_Omega_Two_Component_Unitarity_v82.csv,.csv,200,3cf61dca1312e9d45a5d34eabf4bcc233a1092effbd26aef0055b66d7c74d817,COVERED,SOURCE_ZIP_INVENTORY_EXTRACTED_EXACT,COVERED,dataset_catalog_recomputed_exact,NOT_APPLICABLE,NOT_APPLICABLE,NOT_APPLICABLE,NOT_APPLICABLE,,True,COVERED
COV-00634,physical_outer_member,90_FUENTES_INTEGRAS/GEOMETRY_OMEGA_TEORIA_COMPLETA_V1_0/GEOMETRY_OMEGA_TEORIA_COMPLETA_V1_0/10_FUENTES_ORIGINALES/DATOS_CSV/Geometry_Omega_Unbounded_Negative_Occupation_v86.csv,.csv,2162,7c3a5e9672844e8bcb19ac13bb2e29bbe5ff8eed0025d07745cb355dea09f1f2,COVERED,SOURCE_ZIP_INVENTORY_EXTRACTED_EXACT,COVERED,dataset_catalog_recomputed_exact,NOT_APPLICABLE,NOT_APPLICABLE,NOT_APPLICABLE,NOT_APPLICABLE,,True,COVERED
COV-00635,physical_outer_member,90_FUENTES_INTEGRAS/GEOMETRY_OMEGA_TEORIA_COMPLETA_V1_0/GEOMETRY_OMEGA_TEORIA_COMPLETA_V1_0/10_FUENTES_ORIGINALES/DATOS_CSV/Geometry_Omega_Unified_Asymptotic_Fits_v59_2026-08-01.csv,.csv,725,f5115f36dc0724202248e60cb2defc59c69e5042198710d6a5ce5c640d0ca021,COVERED,SOURCE_ZIP_INVENTORY_EXTRACTED_EXACT,COVERED,dataset_catalog_recomputed_exact,NOT_APPLICABLE,NOT_APPLICABLE,NOT_APPLICABLE,NOT_APPLICABLE,,True,COVERED
COV-00636,physical_outer_member,90_FUENTES_INTEGRAS/GEOMETRY_OMEGA_TEORIA_COMPLETA_V1_0/GEOMETRY_OMEGA_TEORIA_COMPLETA_V1_0/10_FUENTES_ORIGINALES/DATOS_CSV/Geometry_Omega_Unified_Mobility_Locking_v59_2026-08-01.csv,.csv,90421,564c6c218e107c2ebd4542c3dd9b65074f6f3bad247071321ceed022443039eb,COVERED,SOURCE_ZIP_INVENTORY_EXTRACTED_EXACT,COVERED,dataset_catalog_recomputed_exact,NOT_APPLICABLE,NOT_APPLICABLE,NOT_APPLICABLE,NOT_APPLICABLE,,True,COVERED
COV-00637,physical_outer_member,90_FUENTES_INTEGRAS/GEOMETRY_OMEGA_TEORIA_COMPLETA_V1_0/GEOMETRY_OMEGA_TEORIA_COMPLETA_V1_0/10_FUENTES_ORIGINALES/DATOS_CSV/Geometry_Omega_Vacuum_Cutoff_Scaling_v87.csv,.csv,481,b01b34beddad654cef38f1c2708b09fbae1012618c44fe215bbc2e1fed7556b3,COVERED,SOURCE_ZIP_INVENTORY_EXTRACTED_EXACT,COVERED,dataset_catalog_recomputed_exact,NOT_APPLICABLE,NOT_APPLICABLE,NOT_APPLICABLE,NOT_APPLICABLE,,True,COVERED
COV-00638,physical_outer_member,90_FUENTES_INTEGRAS/GEOMETRY_OMEGA_TEORIA_COMPLETA_V1_0/GEOMETRY_OMEGA_TEORIA_COMPLETA_V1_0/10_FUENTES_ORIGINALES/DATOS_CSV/Geometry_Omega_Vacuum_Cutoff_Summary_v87.csv,.csv,203,528f858edbdfdbc374f80b8bd089344dba1b822eba97a7c32f04ea93ccc63b3d,COVERED,SOURCE_ZIP_INVENTORY_EXTRACTED_EXACT,COVERED,dataset_catalog_recomputed_exact,NOT_APPLICABLE,NOT_APPLICABLE,NOT_APPLICABLE,NOT_APPLICABLE,,True,COVERED
COV-00639,physical_outer_member,90_FUENTES_INTEGRAS/GEOMETRY_OMEGA_TEORIA_COMPLETA_V1_0/GEOMETRY_OMEGA_TEORIA_COMPLETA_V1_0/10_FUENTES_ORIGINALES/DATOS_CSV/Geometry_Omega_Vacuum_Excitations_Summary_v86.csv,.csv,193,f1511b1ed701b171305e322c231d3fc04cfca7a3329f3529fea2b51c4b555fa6,COVERED,SOURCE_ZIP_INVENTORY_EXTRACTED_EXACT,COVERED,dataset_catalog_recomputed_exact,NOT_APPLICABLE,NOT_APPLICABLE,NOT_APPLICABLE,NOT_APPLICABLE,,True,COVERED
COV-00640,physical_outer_member,90_FUENTES_INTEGRAS/GEOMETRY_OMEGA_TEORIA_COMPLETA_V1_0/GEOMETRY_OMEGA_TEORIA_COMPLETA_V1_0/10_FUENTES_ORIGINALES/DATOS_CSV/Geometry_Omega_Vacuum_Excitations_v86.csv,.csv,3728,9ebfd123776f028da0afee8510ce09f711e6554fe3a7d0d8b2346a4306639214,COVERED,SOURCE_ZIP_INVENTORY_EXTRACTED_EXACT,COVERED,dataset_catalog_recomputed_exact,NOT_APPLICABLE,NOT_APPLICABLE,NOT_APPLICABLE,NOT_APPLICABLE,,True,COVERED
COV-00641,physical_outer_member,90_FUENTES_INTEGRAS/GEOMETRY_OMEGA_TEORIA_COMPLETA_V1_0/GEOMETRY_OMEGA_TEORIA_COMPLETA_V1_0/10_FUENTES_ORIGINALES/DATOS_CSV/Geometry_Omega_Vacuum_Renormalization_Verdict_v87.csv,.csv,663,c9eb528cff76a8aac31b29b34c842e5365db50ea24f5922705a1c4d902a562bb,COVERED,SOURCE_ZIP_INVENTORY_EXTRACTED_EXACT,COVERED,dataset_catalog_recomputed_exact,NOT_APPLICABLE,NOT_APPLICABLE,NOT_APPLICABLE,NOT_APPLICABLE,,True,COVERED
COV-00642,physical_outer_member,90_FUENTES_INTEGRAS/GEOMETRY_OMEGA_TEORIA_COMPLETA_V1_0/GEOMETRY_OMEGA_TEORIA_COMPLETA_V1_0/10_FUENTES_ORIGINALES/DATOS_CSV/Geometry_Omega_Vacuum_Stability_Summary_v86.csv,.csv,301,3fcb946353f6b5578c044fa89770b627b9f13d8dab607811048481047af6340d,COVERED,SOURCE_ZIP_INVENTORY_EXTRACTED_EXACT,COVERED,dataset_catalog_recomputed_exact,NOT_APPLICABLE,NOT_APPLICABLE,NOT_APPLICABLE,NOT_APPLICABLE,,True,COVERED
COV-00643,physical_outer_member,90_FUENTES_INTEGRAS/GEOMETRY_OMEGA_TEORIA_COMPLETA_V1_0/GEOMETRY_OMEGA_TEORIA_COMPLETA_V1_0/10_FUENTES_ORIGINALES/DATOS_CSV/Geometry_Omega_Vacuum_Stability_v86.csv,.csv,6608,3506f8e80da47f528a63c8eac79a1d2404114b7f33a62352bb250cd11cf8fecd,COVERED,SOURCE_ZIP_INVENTORY_EXTRACTED_EXACT,COVERED,dataset_catalog_recomputed_exact,NOT_APPLICABLE,NOT_APPLICABLE,NOT_APPLICABLE,NOT_APPLICABLE,,True,COVERED
COV-00644,physical_outer_member,90_FUENTES_INTEGRAS/GEOMETRY_OMEGA_TEORIA_COMPLETA_V1_0/GEOMETRY_OMEGA_TEORIA_COMPLETA_V1_0/10_FUENTES_ORIGINALES/DATOS_CSV/Geometry_Omega_Vacuum_Verdict_v86.csv,.csv,716,c72c9c107ff7c83b75e5d711486aa8e7d45b19aa93cba44f356b8b1f444a69b1,COVERED,SOURCE_ZIP_INVENTORY_EXTRACTED_EXACT,COVERED,dataset_catalog_recomputed_exact,NOT_APPLICABLE,NOT_APPLICABLE,NOT_APPLICABLE,NOT_APPLICABLE,,True,COVERED
COV-00645,physical_outer_member,90_FUENTES_INTEGRAS/GEOMETRY_OMEGA_TEORIA_COMPLETA_V1_0/GEOMETRY_OMEGA_TEORIA_COMPLETA_V1_0/10_FUENTES_ORIGINALES/DATOS_CSV/Geometry_Omega_background_branch_corrected_2026-07-31.csv,.csv,6682,4cf9a13a6a3166fd296c8eac6dffec69b854df7418bad1ef9d35134450b4243e,COVERED,SOURCE_ZIP_INVENTORY_EXTRACTED_EXACT,COVERED,dataset_catalog_recomputed_exact,NOT_APPLICABLE,NOT_APPLICABLE,NOT_APPLICABLE,NOT_APPLICABLE,,True,COVERED
COV-00646,physical_outer_member,90_FUENTES_INTEGRAS/GEOMETRY_OMEGA_TEORIA_COMPLETA_V1_0/GEOMETRY_OMEGA_TEORIA_COMPLETA_V1_0/10_FUENTES_ORIGINALES/DATOS_CSV/Geometry_Omega_branch_profiles_v6.csv,.csv,19807,b9a2d88b6b3beaa203ccb1b466f1ccea70a72176d9726264bfaed01f34afa66b,COVERED,SOURCE_ZIP_INVENTORY_EXTRACTED_EXACT,COVERED,dataset_catalog_recomputed_exact,NOT_APPLICABLE,NOT_APPLICABLE,NOT_APPLICABLE,NOT_APPLICABLE,,True,COVERED
COV-00647,physical_outer_member,90_FUENTES_INTEGRAS/GEOMETRY_OMEGA_TEORIA_COMPLETA_V1_0/GEOMETRY_OMEGA_TEORIA_COMPLETA_V1_0/10_FUENTES_ORIGINALES/DATOS_CSV/Geometry_Omega_critical_points_R99_v6.csv,.csv,432,d5a3ad6368c9420ea9710c17b127dbffaa8bb2b1335693c6f155ecc8b9bafe72,COVERED,SOURCE_ZIP_INVENTORY_EXTRACTED_EXACT,COVERED,dataset_catalog_recomputed_exact,NOT_APPLICABLE,NOT_APPLICABLE,NOT_APPLICABLE,NOT_APPLICABLE,,True,COVERED
COV-00648,physical_outer_member,90_FUENTES_INTEGRAS/GEOMETRY_OMEGA_TEORIA_COMPLETA_V1_0/GEOMETRY_OMEGA_TEORIA_COMPLETA_V1_0/10_FUENTES_ORIGINALES/DATOS_CSV/Geometry_Omega_critical_points_stability_2026-07-31.csv,.csv,472,70548993df01793695e8022d7fbcaac3419f96d5c2afacdbb582cfa7e6605d6a,COVERED,SOURCE_ZIP_INVENTORY_EXTRACTED_EXACT,COVERED,dataset_catalog_recomputed_exact,NOT_APPLICABLE,NOT_APPLICABLE,NOT_APPLICABLE,NOT_APPLICABLE,,True,COVERED
COV-00649,physical_outer_member,90_FUENTES_INTEGRAS/GEOMETRY_OMEGA_TEORIA_COMPLETA_V1_0/GEOMETRY_OMEGA_TEORIA_COMPLETA_V1_0/10_FUENTES_ORIGINALES/DATOS_CSV/Geometry_Omega_saturated_direct_modes_v6.csv,.csv,572,1939fa703620da9ae8af9d28abfe999b4a8f573672e0fb7dc1a80546982755f2,COVERED,SOURCE_ZIP_INVENTORY_EXTRACTED_EXACT,COVERED,dataset_catalog_recomputed_exact,NOT_APPLICABLE,NOT_APPLICABLE,NOT_APPLICABLE,NOT_APPLICABLE,,True,COVERED
COV-00650,physical_outer_member,90_FUENTES_INTEGRAS/GEOMETRY_OMEGA_TEORIA_COMPLETA_V1_0/GEOMETRY_OMEGA_TEORIA_COMPLETA_V1_0/10_FUENTES_ORIGINALES/DATOS_CSV/Geometry_Omega_saturated_profile_fc_0p9998_2026-07-31.csv,.csv,276678,ef786527fc8dcf91714584c7fae7e8bea0c8cc12b7b2d2799736382bdda9d329,COVERED,SOURCE_ZIP_INVENTORY_EXTRACTED_EXACT,COVERED,dataset_catalog_recomputed_exact,NOT_APPLICABLE,NOT_APPLICABLE,NOT_APPLICABLE,NOT_APPLICABLE,,True,COVERED
COV-00651,physical_outer_member,90_FUENTES_INTEGRAS/GEOMETRY_OMEGA_TEORIA_COMPLETA_V1_0/GEOMETRY_OMEGA_TEORIA_COMPLETA_V1_0/10_FUENTES_ORIGINALES/DATOS_CSV/L_mite_ontol_gico_con_Schwarzschild_exacto.csv,.csv,1901,0cb21580c17de118887b4b5c173dffcfb78ff75def1e86e0500f5cd2d40100e2,COVERED,SOURCE_ZIP_INVENTORY_EXTRACTED_EXACT,COVERED,dataset_catalog_recomputed_exact,NOT_APPLICABLE,NOT_APPLICABLE,NOT_APPLICABLE,NOT_APPLICABLE,,True,COVERED
COV-00652,physical_outer_member,90_FUENTES_INTEGRAS/GEOMETRY_OMEGA_TEORIA_COMPLETA_V1_0/GEOMETRY_OMEGA_TEORIA_COMPLETA_V1_0/10_FUENTES_ORIGINALES/DATOS_CSV/L_mite_ontol_gico_f_c_1_.csv,.csv,1978,c9d4ba04f4fd4ab256321e3a184360f6fb50026346577cb4feca28235767858e,COVERED,SOURCE_ZIP_INVENTORY_EXTRACTED_EXACT,COVERED,dataset_catalog_recomputed_exact,NOT_APPLICABLE,NOT_APPLICABLE,NOT_APPLICABLE,NOT_APPLICABLE,,True,COVERED
COV-00653,physical_outer_member,90_FUENTES_INTEGRAS/GEOMETRY_OMEGA_TEORIA_COMPLETA_V1_0/GEOMETRY_OMEGA_TEORIA_COMPLETA_V1_0/10_FUENTES_ORIGINALES/DATOS_CSV/Pruebas_de_convergencia.csv,.csv,6327,828a40fea7d80212725e1a6dd3b4f082d32804f62fc599400233535373f14bfc,COVERED,SOURCE_ZIP_INVENTORY_EXTRACTED_EXACT,COVERED,dataset_catalog_recomputed_exact,NOT_APPLICABLE,NOT_APPLICABLE,NOT_APPLICABLE,NOT_APPLICABLE,,True,COVERED
COV-00654,physical_outer_member,90_FUENTES_INTEGRAS/GEOMETRY_OMEGA_TEORIA_COMPLETA_V1_0/GEOMETRY_OMEGA_TEORIA_COMPLETA_V1_0/10_FUENTES_ORIGINALES/DATOS_CSV/Puntos_de_retorno_refinados.csv,.csv,146,0683e72634bb12c665b6b18b16b3141697da03f3d9a30978f97a5e312ebab720,COVERED,SOURCE_ZIP_INVENTORY_EXTRACTED_EXACT,COVERED,dataset_catalog_recomputed_exact,NOT_APPLICABLE,NOT_APPLICABLE,NOT_APPLICABLE,NOT_APPLICABLE,,True,COVERED
COV-00655,physical_outer_member,90_FUENTES_INTEGRAS/GEOMETRY_OMEGA_TEORIA_COMPLETA_V1_0/GEOMETRY_OMEGA_TEORIA_COMPLETA_V1_0/10_FUENTES_ORIGINALES/DATOS_CSV/Rama_Einstein_Omega_corregida_con_cola_asint_tica.csv,.csv,1492,77f0e164ff8c0614572f9298be7b097276db4bf2c8b419be54fd51e34561e877,COVERED,SOURCE_ZIP_INVENTORY_EXTRACTED_EXACT,COVERED,dataset_catalog_recomputed_exact,NOT_APPLICABLE,NOT_APPLICABLE,NOT_APPLICABLE,NOT_APPLICABLE,,True,COVERED
COV-00656,physical_outer_member,90_FUENTES_INTEGRAS/GEOMETRY_OMEGA_TEORIA_COMPLETA_V1_0/GEOMETRY_OMEGA_TEORIA_COMPLETA_V1_0/10_FUENTES_ORIGINALES/DATOS_CSV/Rama_Einstein_Omega_parametrizada_por_f_0_____0_1.csv,.csv,2541,5bda783cce27e94345232075326d680dbd3796e0e6a8be80bce2967bdf21434c,COVERED,SOURCE_ZIP_INVENTORY_EXTRACTED_EXACT,COVERED,dataset_catalog_recomputed_exact,NOT_APPLICABLE,NOT_APPLICABLE,NOT_APPLICABLE,NOT_APPLICABLE,,True,COVERED
COV-00657,physical_outer_member,90_FUENTES_INTEGRAS/GEOMETRY_OMEGA_TEORIA_COMPLETA_V1_0/GEOMETRY_OMEGA_TEORIA_COMPLETA_V1_0/10_FUENTES_ORIGINALES/DATOS_CSV/Rama_fundamental_Einstein_Omega____0_1.csv,.csv,4477,e8f2483c6b9afadcf016c3fee6eb51dc5b3e8cd58852c0b8953c167a10e9a674,COVERED,SOURCE_ZIP_INVENTORY_EXTRACTED_EXACT,COVERED,dataset_catalog_recomputed_exact,NOT_APPLICABLE,NOT_APPLICABLE,NOT_APPLICABLE,NOT_APPLICABLE,,True,COVERED
COV-00658,physical_outer_member,90_FUENTES_INTEGRAS/GEOMETRY_OMEGA_TEORIA_COMPLETA_V1_0/GEOMETRY_OMEGA_TEORIA_COMPLETA_V1_0/10_FUENTES_ORIGINALES/DATOS_CSV/Rama_fundamental_y_pruebas_termodin_micas.csv,.csv,9651,29d3133181dd810ba8d2496d8333935719ce8a57e1ba07efdfea5999f105c0db,COVERED,SOURCE_ZIP_INVENTORY_EXTRACTED_EXACT,COVERED,dataset_catalog_recomputed_exact,NOT_APPLICABLE,NOT_APPLICABLE,NOT_APPLICABLE,NOT_APPLICABLE,,True,COVERED
COV-00659,physical_outer_member,90_FUENTES_INTEGRAS/GEOMETRY_OMEGA_TEORIA_COMPLETA_V1_0/GEOMETRY_OMEGA_TEORIA_COMPLETA_V1_0/10_FUENTES_ORIGINALES/DATOS_CSV/Resultados_del_solver_no_lineal_de_Omega.csv,.csv,819,f52bd6568caea8b6713f6ff675c21cb68e414cda80adcf220562c6c11bd0c3da,COVERED,SOURCE_ZIP_INVENTORY_EXTRACTED_EXACT,COVERED,dataset_catalog_recomputed_exact,NOT_APPLICABLE,NOT_APPLICABLE,NOT_APPLICABLE,NOT_APPLICABLE,,True,COVERED
COV-00660,physical_outer_member,90_FUENTES_INTEGRAS/GEOMETRY_OMEGA_TEORIA_COMPLETA_V1_0/GEOMETRY_OMEGA_TEORIA_COMPLETA_V1_0/10_FUENTES_ORIGINALES/DATOS_CSV/Resumen_de_estabilidad_por_puntos_de_retorno.csv,.csv,236,18c206d086c1e7dd7715816d232dff86b377a20447c4e3c478a1bb04ff5ec746,COVERED,SOURCE_ZIP_INVENTORY_EXTRACTED_EXACT,COVERED,dataset_catalog_recomputed_exact,NOT_APPLICABLE,NOT_APPLICABLE,NOT_APPLICABLE,NOT_APPLICABLE,,True,COVERED
COV-00661,physical_outer_member,90_FUENTES_INTEGRAS/GEOMETRY_OMEGA_TEORIA_COMPLETA_V1_0/GEOMETRY_OMEGA_TEORIA_COMPLETA_V1_0/10_FUENTES_ORIGINALES/DATOS_CSV/Resumen_del_refinamiento.csv,.csv,167,a6a5f19adeb124a6344894a1a3180a347617b2f0b3f8b0a0c36781fbe7fef16c,COVERED,SOURCE_ZIP_INVENTORY_EXTRACTED_EXACT,COVERED,dataset_catalog_recomputed_exact,NOT_APPLICABLE,NOT_APPLICABLE,NOT_APPLICABLE,NOT_APPLICABLE,,True,COVERED
COV-00662,physical_outer_member,90_FUENTES_INTEGRAS/GEOMETRY_OMEGA_TEORIA_COMPLETA_V1_0/GEOMETRY_OMEGA_TEORIA_COMPLETA_V1_0/10_FUENTES_ORIGINALES/DATOS_CSV/Solitones_Omega___continuaci_n_corregida.csv,.csv,812,db18035690daf74f244d653a2e810deb055cba7ce138c80b386cd916c6c0db93,COVERED,SOURCE_ZIP_INVENTORY_EXTRACTED_EXACT,COVERED,dataset_catalog_recomputed_exact,NOT_APPLICABLE,NOT_APPLICABLE,NOT_APPLICABLE,NOT_APPLICABLE,,True,COVERED
COV-00663,physical_outer_member,90_FUENTES_INTEGRAS/GEOMETRY_OMEGA_TEORIA_COMPLETA_V1_0/GEOMETRY_OMEGA_TEORIA_COMPLETA_V1_0/10_FUENTES_ORIGINALES/DATOS_CSV/Solitones_Omega_con_potencial_ontol_gico_m_nimo.csv,.csv,1547,f8825ce6278fb7834a0ab1c6a2d1725489703933460bdfacd2b38528f9b96fd2,COVERED,SOURCE_ZIP_INVENTORY_EXTRACTED_EXACT,COVERED,dataset_catalog_recomputed_exact,NOT_APPLICABLE,NOT_APPLICABLE,NOT_APPLICABLE,NOT_APPLICABLE,,True,COVERED
COV-00664,physical_outer_member,90_FUENTES_INTEGRAS/GEOMETRY_OMEGA_TEORIA_COMPLETA_V1_0/GEOMETRY_OMEGA_TEORIA_COMPLETA_V1_0/10_FUENTES_ORIGINALES/DATOS_CSV/Solver_no_lineal_Omega___esfera_con_borde_suave.csv,.csv,1313,40f1c3c07c30d72065f5a982817d09268df2e43e051d0883a7cfe3d29c64b7f1,COVERED,SOURCE_ZIP_INVENTORY_EXTRACTED_EXACT,COVERED,dataset_catalog_recomputed_exact,NOT_APPLICABLE,NOT_APPLICABLE,NOT_APPLICABLE,NOT_APPLICABLE,,True,COVERED
COV-00665,physical_outer_member,90_FUENTES_INTEGRAS/GEOMETRY_OMEGA_TEORIA_COMPLETA_V1_0/GEOMETRY_OMEGA_TEORIA_COMPLETA_V1_0/10_FUENTES_ORIGINALES/FIGURAS/1000185000.jpg,.jpg,111232,2ad6a4d7d6bc8af3135fbd9f85e27998b3d94a9fa4e498b08b7ea34e75337d19,COVERED,SOURCE_ZIP_INVENTORY_EXTRACTED_EXACT,COVERED,image_structurally_validated,NOT_APPLICABLE,NOT_APPLICABLE,reviewed_nonplot_artifact,NOT_APPLICABLE,figure_review=reviewed_nonplot_artifact,True,COVERED_WITH_NEGATIVE_OR_LIMITATION
COV-00666,physical_outer_member,90_FUENTES_INTEGRAS/GEOMETRY_OMEGA_TEORIA_COMPLETA_V1_0/GEOMETRY_OMEGA_TEORIA_COMPLETA_V1_0/10_FUENTES_ORIGINALES/FIGURAS/einstein_omega_carga_frecuencia.png,.png,56194,21ea26cda9baa99063f654312d8099e39d01888e89e8863ff69b77b16249d40d,COVERED,SOURCE_ZIP_INVENTORY_EXTRACTED_EXACT,COVERED,image_structurally_validated,NOT_APPLICABLE,NOT_APPLICABLE,reviewed_pass,NOT_APPLICABLE,,True,COVERED
COV-00667,physical_outer_member,90_FUENTES_INTEGRAS/GEOMETRY_OMEGA_TEORIA_COMPLETA_V1_0/GEOMETRY_OMEGA_TEORIA_COMPLETA_V1_0/10_FUENTES_ORIGINALES/FIGURAS/einstein_omega_compactacion.png,.png,75489,fbb8de0aefd5265bca76134ff37e7ed1365d624789df5c2488d94bb43e8fa053,COVERED,SOURCE_ZIP_INVENTORY_EXTRACTED_EXACT,COVERED,image_structurally_validated,NOT_APPLICABLE,NOT_APPLICABLE,reviewed_pass,NOT_APPLICABLE,,True,COVERED
COV-00668,physical_outer_member,90_FUENTES_INTEGRAS/GEOMETRY_OMEGA_TEORIA_COMPLETA_V1_0/GEOMETRY_OMEGA_TEORIA_COMPLETA_V1_0/10_FUENTES_ORIGINALES/FIGURAS/einstein_omega_compactacion_frecuencia.png,.png,66510,5e8200a577ffdc1b82dbebaa7573a2947c1056741c2d16a64f37c8e24a5521eb,COVERED,SOURCE_ZIP_INVENTORY_EXTRACTED_EXACT,COVERED,image_structurally_validated,NOT_APPLICABLE,NOT_APPLICABLE,reviewed_pass,NOT_APPLICABLE,,True,COVERED
COV-00669,physical_outer_member,90_FUENTES_INTEGRAS/GEOMETRY_OMEGA_TEORIA_COMPLETA_V1_0/GEOMETRY_OMEGA_TEORIA_COMPLETA_V1_0/10_FUENTES_ORIGINALES/FIGURAS/einstein_omega_lapse.png,.png,116664,dab8b8a0128c644982352bd23daa7704677d23de279a048fb6d8914081360024,COVERED,SOURCE_ZIP_INVENTORY_EXTRACTED_EXACT,COVERED,image_structurally_validated,NOT_APPLICABLE,NOT_APPLICABLE,reviewed_pass,NOT_APPLICABLE,,True,COVERED
COV-00670,physical_outer_member,90_FUENTES_INTEGRAS/GEOMETRY_OMEGA_TEORIA_COMPLETA_V1_0/GEOMETRY_OMEGA_TEORIA_COMPLETA_V1_0/10_FUENTES_ORIGINALES/FIGURAS/einstein_omega_masa_frecuencia.png,.png,54795,111fba81b21a4f3898fdeeb0d5a95a6cab72f37f5c1a6ce245765556e388118d,COVERED,SOURCE_ZIP_INVENTORY_EXTRACTED_EXACT,COVERED,image_structurally_validated,NOT_APPLICABLE,NOT_APPLICABLE,reviewed_pass,NOT_APPLICABLE,,True,COVERED
COV-00671,physical_outer_member,90_FUENTES_INTEGRAS/GEOMETRY_OMEGA_TEORIA_COMPLETA_V1_0/GEOMETRY_OMEGA_TEORIA_COMPLETA_V1_0/10_FUENTES_ORIGINALES/FIGURAS/einstein_omega_masa_radio_kappa01.png,.png,56309,2758977981d29e06514f07d165024533962ee9d31e6cca73a49500c964faafda,COVERED,SOURCE_ZIP_INVENTORY_EXTRACTED_EXACT,COVERED,image_structurally_validated,NOT_APPLICABLE,NOT_APPLICABLE,reviewed_pass,NOT_APPLICABLE,,True,COVERED
COV-00672,physical_outer_member,90_FUENTES_INTEGRAS/GEOMETRY_OMEGA_TEORIA_COMPLETA_V1_0/GEOMETRY_OMEGA_TEORIA_COMPLETA_V1_0/10_FUENTES_ORIGINALES/FIGURAS/einstein_omega_perfiles_campo.png,.png,108419,066bdbf362c0c6873d2360194c643e427e3013a70272ce773769847bfb1bb09b,COVERED,SOURCE_ZIP_INVENTORY_EXTRACTED_EXACT,COVERED,image_structurally_validated,NOT_APPLICABLE,NOT_APPLICABLE,reviewed_pass,NOT_APPLICABLE,,True,COVERED
COV-00673,physical_outer_member,90_FUENTES_INTEGRAS/GEOMETRY_OMEGA_TEORIA_COMPLETA_V1_0/GEOMETRY_OMEGA_TEORIA_COMPLETA_V1_0/10_FUENTES_ORIGINALES/FIGURAS/einstein_omega_perfiles_rama_kappa01.png,.png,127415,c9947f51ebbf7f3793909f73a8ffc8ce80188fef470b97f08ebbc9095fc7c92b,COVERED,SOURCE_ZIP_INVENTORY_EXTRACTED_EXACT,COVERED,image_structurally_validated,NOT_APPLICABLE,NOT_APPLICABLE,reviewed_pass,NOT_APPLICABLE,,True,COVERED
COV-00674,physical_outer_member,90_FUENTES_INTEGRAS/GEOMETRY_OMEGA_TEORIA_COMPLETA_V1_0/GEOMETRY_OMEGA_TEORIA_COMPLETA_V1_0/10_FUENTES_ORIGINALES/FIGURAS/omega_carga_escalar.png,.png,50366,c34e38b6ddccbae71d6523429a706c34f886f497793a352329ab0e9ebf415fb2,COVERED,SOURCE_ZIP_INVENTORY_EXTRACTED_EXACT,COVERED,image_structurally_validated,NOT_APPLICABLE,NOT_APPLICABLE,reviewed_reference_only,NOT_APPLICABLE,figure_review=reviewed_reference_only,True,COVERED_WITH_NEGATIVE_OR_LIMITATION
COV-00675,physical_outer_member,90_FUENTES_INTEGRAS/GEOMETRY_OMEGA_TEORIA_COMPLETA_V1_0/GEOMETRY_OMEGA_TEORIA_COMPLETA_V1_0/10_FUENTES_ORIGINALES/FIGURAS/omega_carga_escalar_final.png,.png,70165,ea23c74daf790d65ce0a64a99676fb2930aeff79ef5959dc33ef60fe26a57f18,COVERED,SOURCE_ZIP_INVENTORY_EXTRACTED_EXACT,COVERED,image_structurally_validated,NOT_APPLICABLE,NOT_APPLICABLE,reviewed_pass,NOT_APPLICABLE,,True,COVERED
COV-00676,physical_outer_member,90_FUENTES_INTEGRAS/GEOMETRY_OMEGA_TEORIA_COMPLETA_V1_0/GEOMETRY_OMEGA_TEORIA_COMPLETA_V1_0/10_FUENTES_ORIGINALES/FIGURAS/omega_estabilidad_E_Q.png,.png,54627,d4e06726ebddc5e1939698023f5dda32f694a3c02475a3896730c2502da57dad,COVERED,SOURCE_ZIP_INVENTORY_EXTRACTED_EXACT,COVERED,image_structurally_validated,NOT_APPLICABLE,NOT_APPLICABLE,reviewed_pass,NOT_APPLICABLE,,True,COVERED
COV-00677,physical_outer_member,90_FUENTES_INTEGRAS/GEOMETRY_OMEGA_TEORIA_COMPLETA_V1_0/GEOMETRY_OMEGA_TEORIA_COMPLETA_V1_0/10_FUENTES_ORIGINALES/FIGURAS/omega_estabilidad_M_R.png,.png,55105,3ae834e2890a359b15f64438a3ccf56865e9926e60c7e1472e84270f7ec062d3,COVERED,SOURCE_ZIP_INVENTORY_EXTRACTED_EXACT,COVERED,image_structurally_validated,NOT_APPLICABLE,NOT_APPLICABLE,reviewed_pass,NOT_APPLICABLE,,True,COVERED
COV-00678,physical_outer_member,90_FUENTES_INTEGRAS/GEOMETRY_OMEGA_TEORIA_COMPLETA_V1_0/GEOMETRY_OMEGA_TEORIA_COMPLETA_V1_0/10_FUENTES_ORIGINALES/FIGURAS/omega_estabilidad_Q_omega.png,.png,55498,2dcb803c0ff1e2ff6a8c679bd185c032d078a0436ef93d47949a2088248fb6db,COVERED,SOURCE_ZIP_INVENTORY_EXTRACTED_EXACT,COVERED,image_structurally_validated,NOT_APPLICABLE,NOT_APPLICABLE,reviewed_pass,NOT_APPLICABLE,,True,COVERED
COV-00679,physical_outer_member,90_FUENTES_INTEGRAS/GEOMETRY_OMEGA_TEORIA_COMPLETA_V1_0/GEOMETRY_OMEGA_TEORIA_COMPLETA_V1_0/10_FUENTES_ORIGINALES/FIGURAS/omega_estabilidad_dQdomega.png,.png,71242,384cdd1c40de5677eafa0e8595e415afbc74473b525e09f9ae3d400cc4e2a65d,COVERED,SOURCE_ZIP_INVENTORY_EXTRACTED_EXACT,COVERED,image_structurally_validated,NOT_APPLICABLE,NOT_APPLICABLE,reviewed_pass,NOT_APPLICABLE,,True,COVERED
COV-00680,physical_outer_member,90_FUENTES_INTEGRAS/GEOMETRY_OMEGA_TEORIA_COMPLETA_V1_0/GEOMETRY_OMEGA_TEORIA_COMPLETA_V1_0/10_FUENTES_ORIGINALES/FIGURAS/omega_estabilidad_termodinamica.png,.png,78672,d9455da5f17cf19b6084cfece8f2b057af105bb4d08317b0735b16dd0e7a3024,COVERED,SOURCE_ZIP_INVENTORY_EXTRACTED_EXACT,COVERED,image_structurally_validated,NOT_APPLICABLE,NOT_APPLICABLE,reviewed_pass,NOT_APPLICABLE,,True,COVERED
COV-00681,physical_outer_member,90_FUENTES_INTEGRAS/GEOMETRY_OMEGA_TEORIA_COMPLETA_V1_0/GEOMETRY_OMEGA_TEORIA_COMPLETA_V1_0/10_FUENTES_ORIGINALES/FIGURAS/omega_fundamental_compactacion.png,.png,68786,4c18aa8ff182e53719a117b508d6b774d52dd7c288297df333ffe2c599966963,COVERED,SOURCE_ZIP_INVENTORY_EXTRACTED_EXACT,COVERED,image_structurally_validated,NOT_APPLICABLE,NOT_APPLICABLE,reviewed_pass,NOT_APPLICABLE,,True,COVERED
COV-00682,physical_outer_member,90_FUENTES_INTEGRAS/GEOMETRY_OMEGA_TEORIA_COMPLETA_V1_0/GEOMETRY_OMEGA_TEORIA_COMPLETA_V1_0/10_FUENTES_ORIGINALES/FIGURAS/omega_fundamental_ligadura.png,.png,68058,0d2e830f09b474de8da69ffae7106d01d90fa2f23ff13ab1a37515a6d91e8b44,COVERED,SOURCE_ZIP_INVENTORY_EXTRACTED_EXACT,COVERED,image_structurally_validated,NOT_APPLICABLE,NOT_APPLICABLE,reviewed_pass,NOT_APPLICABLE,,True,COVERED
COV-00683,physical_outer_member,90_FUENTES_INTEGRAS/GEOMETRY_OMEGA_TEORIA_COMPLETA_V1_0/GEOMETRY_OMEGA_TEORIA_COMPLETA_V1_0/10_FUENTES_ORIGINALES/FIGURAS/omega_fundamental_masa_frecuencia.png,.png,62852,f1bd6d98b119c56d2130402e0766c1ea603d1c9401090dd35f6e7843df56f74a,COVERED,SOURCE_ZIP_INVENTORY_EXTRACTED_EXACT,COVERED,image_structurally_validated,NOT_APPLICABLE,NOT_APPLICABLE,reviewed_pass,NOT_APPLICABLE,,True,COVERED
COV-00684,physical_outer_member,90_FUENTES_INTEGRAS/GEOMETRY_OMEGA_TEORIA_COMPLETA_V1_0/GEOMETRY_OMEGA_TEORIA_COMPLETA_V1_0/10_FUENTES_ORIGINALES/FIGURAS/omega_fundamental_masa_radio.png,.png,51992,bd07994c927ffe294c2625ae5afbe62339377d778ffa928561896b0629b6bdfa,COVERED,SOURCE_ZIP_INVENTORY_EXTRACTED_EXACT,COVERED,image_structurally_validated,NOT_APPLICABLE,NOT_APPLICABLE,reviewed_pass,NOT_APPLICABLE,,True,COVERED
COV-00685,physical_outer_member,90_FUENTES_INTEGRAS/GEOMETRY_OMEGA_TEORIA_COMPLETA_V1_0/GEOMETRY_OMEGA_TEORIA_COMPLETA_V1_0/10_FUENTES_ORIGINALES/FIGURAS/omega_fundamental_perfiles.png,.png,101739,6848b9fa8dc0d48ab81cb4fba5d8039168f42d481617a00db50c0765a033eb5d,COVERED,SOURCE_ZIP_INVENTORY_EXTRACTED_EXACT,COVERED,image_structurally_validated,NOT_APPLICABLE,NOT_APPLICABLE,reviewed_pass,NOT_APPLICABLE,,True,COVERED
COV-00686,physical_outer_member,90_FUENTES_INTEGRAS/GEOMETRY_OMEGA_TEORIA_COMPLETA_V1_0/GEOMETRY_OMEGA_TEORIA_COMPLETA_V1_0/10_FUENTES_ORIGINALES/FIGURAS/omega_limite_ontologico_compactacion.png,.png,39612,586cfdbc62758128a81f117629f56f4b5305305611d7486d7cad23e9c3b1f497,COVERED,SOURCE_ZIP_INVENTORY_EXTRACTED_EXACT,COVERED,image_structurally_validated,NOT_APPLICABLE,NOT_APPLICABLE,reviewed_pass,NOT_APPLICABLE,,True,COVERED
COV-00687,physical_outer_member,90_FUENTES_INTEGRAS/GEOMETRY_OMEGA_TEORIA_COMPLETA_V1_0/GEOMETRY_OMEGA_TEORIA_COMPLETA_V1_0/10_FUENTES_ORIGINALES/FIGURAS/omega_limite_ontologico_frecuencia.png,.png,73397,559e06d0d29d0524aadc4c148d20aade9dcdadb1bccf0bbcaf1a19ba003bdf2d,COVERED,SOURCE_ZIP_INVENTORY_EXTRACTED_EXACT,COVERED,image_structurally_validated,NOT_APPLICABLE,NOT_APPLICABLE,reviewed_pass,NOT_APPLICABLE,,True,COVERED
COV-00688,physical_outer_member,90_FUENTES_INTEGRAS/GEOMETRY_OMEGA_TEORIA_COMPLETA_V1_0/GEOMETRY_OMEGA_TEORIA_COMPLETA_V1_0/10_FUENTES_ORIGINALES/FIGURAS/omega_limite_ontologico_masa.png,.png,68534,a9ccb58e22ca33fb81fbfe4752f502cc9d41c7cf91b13d6073da070f0901c90a,COVERED,SOURCE_ZIP_INVENTORY_EXTRACTED_EXACT,COVERED,image_structurally_validated,NOT_APPLICABLE,NOT_APPLICABLE,reviewed_pass,NOT_APPLICABLE,,True,COVERED
COV-00689,physical_outer_member,90_FUENTES_INTEGRAS/GEOMETRY_OMEGA_TEORIA_COMPLETA_V1_0/GEOMETRY_OMEGA_TEORIA_COMPLETA_V1_0/10_FUENTES_ORIGINALES/FIGURAS/omega_limite_ontologico_perfiles.png,.png,61002,82de2f1efd013f415ba65d10ce4eea3311c857213b51797ba96f3b8878a9e1a1,COVERED,SOURCE_ZIP_INVENTORY_EXTRACTED_EXACT,COVERED,image_structurally_validated,NOT_APPLICABLE,NOT_APPLICABLE,reviewed_pass,NOT_APPLICABLE,,True,COVERED
COV-00690,physical_outer_member,90_FUENTES_INTEGRAS/GEOMETRY_OMEGA_TEORIA_COMPLETA_V1_0/GEOMETRY_OMEGA_TEORIA_COMPLETA_V1_0/10_FUENTES_ORIGINALES/FIGURAS/omega_ontologico_continuacion_ligadura.png,.png,58306,900b687f051ca8109e984eaa7bfa10c17d4bd7652b9ab89a01c95c6775867b47,COVERED,SOURCE_ZIP_INVENTORY_EXTRACTED_EXACT,COVERED,image_structurally_validated,NOT_APPLICABLE,NOT_APPLICABLE,reviewed_pass,NOT_APPLICABLE,,True,COVERED
COV-00691,physical_outer_member,90_FUENTES_INTEGRAS/GEOMETRY_OMEGA_TEORIA_COMPLETA_V1_0/GEOMETRY_OMEGA_TEORIA_COMPLETA_V1_0/10_FUENTES_ORIGINALES/FIGURAS/omega_ontologico_continuacion_perfiles.png,.png,90179,9a41143fa2eae66e06deb940eed1fd1d2edb9bf084cb7e3dc164e4a7e688033d,COVERED,SOURCE_ZIP_INVENTORY_EXTRACTED_EXACT,COVERED,image_structurally_validated,NOT_APPLICABLE,NOT_APPLICABLE,reviewed_pass,NOT_APPLICABLE,,True,COVERED
COV-00692,physical_outer_member,90_FUENTES_INTEGRAS/GEOMETRY_OMEGA_TEORIA_COMPLETA_V1_0/GEOMETRY_OMEGA_TEORIA_COMPLETA_V1_0/10_FUENTES_ORIGINALES/FIGURAS/omega_ontologico_energia_carga.png,.png,64054,83550531e747dba2188b0ba7f7a59a5141dfa5fae279388f678a849c465756e8,COVERED,SOURCE_ZIP_INVENTORY_EXTRACTED_EXACT,COVERED,image_structurally_validated,NOT_APPLICABLE,NOT_APPLICABLE,reviewed_pass,NOT_APPLICABLE,,True,COVERED
COV-00693,physical_outer_member,90_FUENTES_INTEGRAS/GEOMETRY_OMEGA_TEORIA_COMPLETA_V1_0/GEOMETRY_OMEGA_TEORIA_COMPLETA_V1_0/10_FUENTES_ORIGINALES/FIGURAS/omega_ontologico_ligadura.png,.png,57733,7e3517fcae119babafb58f3f59d306cd6a3c0a43c665213b663ffe12a9301b82,COVERED,SOURCE_ZIP_INVENTORY_EXTRACTED_EXACT,COVERED,image_structurally_validated,NOT_APPLICABLE,NOT_APPLICABLE,reviewed_pass,NOT_APPLICABLE,,True,COVERED
COV-00694,physical_outer_member,90_FUENTES_INTEGRAS/GEOMETRY_OMEGA_TEORIA_COMPLETA_V1_0/GEOMETRY_OMEGA_TEORIA_COMPLETA_V1_0/10_FUENTES_ORIGINALES/FIGURAS/omega_ontologico_perfiles.png,.png,75968,2b5901117cc28e2715672a8b01aa65e1f07242532176b11c69f2dbae11dd1f24,COVERED,SOURCE_ZIP_INVENTORY_EXTRACTED_EXACT,COVERED,image_structurally_validated,NOT_APPLICABLE,NOT_APPLICABLE,reviewed_zero_or_hidden_series,NOT_APPLICABLE,figure_review=reviewed_zero_or_hidden_series,True,COVERED_WITH_NEGATIVE_OR_LIMITATION
COV-00695,physical_outer_member,90_FUENTES_INTEGRAS/GEOMETRY_OMEGA_TEORIA_COMPLETA_V1_0/GEOMETRY_OMEGA_TEORIA_COMPLETA_V1_0/10_FUENTES_ORIGINALES/FIGURAS/omega_perfiles_bvp.png,.png,40695,21d9f62be3705d4edf8c1865fda315d817151a0e1294de49840a4e382220b5e8,COVERED,SOURCE_ZIP_INVENTORY_EXTRACTED_EXACT,COVERED,image_structurally_validated,NOT_APPLICABLE,NOT_APPLICABLE,reviewed_empty_plot,NOT_APPLICABLE,figure_review=reviewed_empty_plot,True,COVERED_WITH_NEGATIVE_OR_LIMITATION
COV-00696,physical_outer_member,90_FUENTES_INTEGRAS/GEOMETRY_OMEGA_TEORIA_COMPLETA_V1_0/GEOMETRY_OMEGA_TEORIA_COMPLETA_V1_0/10_FUENTES_ORIGINALES/FIGURAS/omega_perfiles_no_lineales_final.png,.png,102219,c98d53ae593de23fc4c41bc995122c366a35e43953d1149f780c7e94fa5a5712,COVERED,SOURCE_ZIP_INVENTORY_EXTRACTED_EXACT,COVERED,image_structurally_validated,NOT_APPLICABLE,NOT_APPLICABLE,reviewed_pass,NOT_APPLICABLE,,True,COVERED
COV-00697,physical_outer_member,90_FUENTES_INTEGRAS/GEOMETRY_OMEGA_TEORIA_COMPLETA_V1_0/GEOMETRY_OMEGA_TEORIA_COMPLETA_V1_0/10_FUENTES_ORIGINALES/FIGURAS/omega_qball_energia_carga.png,.png,74951,d9df94108c6b2c131c671da0377aec3912dbe1234dd72a7a816970d3e7474283,COVERED,SOURCE_ZIP_INVENTORY_EXTRACTED_EXACT,COVERED,image_structurally_validated,NOT_APPLICABLE,NOT_APPLICABLE,reviewed_pass,NOT_APPLICABLE,,True,COVERED
COV-00698,physical_outer_member,90_FUENTES_INTEGRAS/GEOMETRY_OMEGA_TEORIA_COMPLETA_V1_0/GEOMETRY_OMEGA_TEORIA_COMPLETA_V1_0/10_FUENTES_ORIGINALES/FIGURAS/omega_qball_perfiles.png,.png,117458,06a0529423a5a55e02255cfb9cef6814aee556865795d9356ffc8f2b3984830b,COVERED,SOURCE_ZIP_INVENTORY_EXTRACTED_EXACT,COVERED,image_structurally_validated,NOT_APPLICABLE,NOT_APPLICABLE,reviewed_pass,NOT_APPLICABLE,,True,COVERED
COV-00699,physical_outer_member,90_FUENTES_INTEGRAS/GEOMETRY_OMEGA_TEORIA_COMPLETA_V1_0/GEOMETRY_OMEGA_TEORIA_COMPLETA_V1_0/10_FUENTES_ORIGINALES/FIGURAS/omega_refinado_E_omega.png,.png,58991,e83c3a381af928bfd072dbd2219ad6e71ba945fcb66df40d85be790fd79e081e,COVERED,SOURCE_ZIP_INVENTORY_EXTRACTED_EXACT,COVERED,image_structurally_validated,NOT_APPLICABLE,NOT_APPLICABLE,reviewed_pass,NOT_APPLICABLE,,True,COVERED
COV-00700,physical_outer_member,90_FUENTES_INTEGRAS/GEOMETRY_OMEGA_TEORIA_COMPLETA_V1_0/GEOMETRY_OMEGA_TEORIA_COMPLETA_V1_0/10_FUENTES_ORIGINALES/FIGURAS/omega_refinado_Q_omega.png,.png,61071,474ce64d85c6fcdcc2d3fdebe7555e907f6b6d3eda79b7553db1297bee06f911,COVERED,SOURCE_ZIP_INVENTORY_EXTRACTED_EXACT,COVERED,image_structurally_validated,NOT_APPLICABLE,NOT_APPLICABLE,reviewed_pass,NOT_APPLICABLE,,True,COVERED
COV-00701,physical_outer_member,90_FUENTES_INTEGRAS/GEOMETRY_OMEGA_TEORIA_COMPLETA_V1_0/GEOMETRY_OMEGA_TEORIA_COMPLETA_V1_0/10_FUENTES_ORIGINALES/FIGURAS/omega_refinado_dQdomega.png,.png,73847,3cbfd6d9374c1e027879f87fa3def5b2e6d44ac9d3b90711bbfb15fdf64c518b,COVERED,SOURCE_ZIP_INVENTORY_EXTRACTED_EXACT,COVERED,image_structurally_validated,NOT_APPLICABLE,NOT_APPLICABLE,reviewed_pass,NOT_APPLICABLE,,True,COVERED
COV-00702,physical_outer_member,90_FUENTES_INTEGRAS/GEOMETRY_OMEGA_TEORIA_COMPLETA_V1_0/GEOMETRY_OMEGA_TEORIA_COMPLETA_V1_0/10_FUENTES_ORIGINALES/FIGURAS/omega_refinado_termodinamica.png,.png,52727,c7678e88d81c3ee583be5a3b984d08557f58e13b03599a060aafe201a6343f27,COVERED,SOURCE_ZIP_INVENTORY_EXTRACTED_EXACT,COVERED,image_structurally_validated,NOT_APPLICABLE,NOT_APPLICABLE,reviewed_pass,NOT_APPLICABLE,,True,COVERED
COV-00703,physical_outer_member,90_FUENTES_INTEGRAS/GEOMETRY_OMEGA_TEORIA_COMPLETA_V1_0/GEOMETRY_OMEGA_TEORIA_COMPLETA_V1_0/10_FUENTES_ORIGINALES/FIGURAS/omega_respuesta_central_final.png,.png,68726,04c9c49635d96f77bef7e089ccc7ecd2e60874ba301be21574e9ffee5c1abc87,COVERED,SOURCE_ZIP_INVENTORY_EXTRACTED_EXACT,COVERED,image_structurally_validated,NOT_APPLICABLE,NOT_APPLICABLE,reviewed_pass,NOT_APPLICABLE,,True,COVERED
COV-00704,physical_outer_member,90_FUENTES_INTEGRAS/GEOMETRY_OMEGA_TEORIA_COMPLETA_V1_0/GEOMETRY_OMEGA_TEORIA_COMPLETA_V1_0/10_FUENTES_ORIGINALES/FIGURAS/omega_schwarzschild_compactacion_fit.png,.png,59019,f9efb9d6c6a58bf391d1f6123a3c29cbb8aa5561058776f580b4517ab1fe0cbe,COVERED,SOURCE_ZIP_INVENTORY_EXTRACTED_EXACT,COVERED,image_structurally_validated,NOT_APPLICABLE,NOT_APPLICABLE,reviewed_pass,NOT_APPLICABLE,,True,COVERED
COV-00705,physical_outer_member,90_FUENTES_INTEGRAS/GEOMETRY_OMEGA_TEORIA_COMPLETA_V1_0/GEOMETRY_OMEGA_TEORIA_COMPLETA_V1_0/10_FUENTES_ORIGINALES/FIGURAS/omega_schwarzschild_frecuencia_fit.png,.png,64376,1f76bb01da293c23a659364cfa94c993509620f47de481a223700f5c785c403a,COVERED,SOURCE_ZIP_INVENTORY_EXTRACTED_EXACT,COVERED,image_structurally_validated,NOT_APPLICABLE,NOT_APPLICABLE,reviewed_pass,NOT_APPLICABLE,,True,COVERED
COV-00706,physical_outer_member,90_FUENTES_INTEGRAS/GEOMETRY_OMEGA_TEORIA_COMPLETA_V1_0/GEOMETRY_OMEGA_TEORIA_COMPLETA_V1_0/10_FUENTES_ORIGINALES/FIGURAS/omega_schwarzschild_masa_fit.png,.png,61380,dc7e0d8979d9f772a6a0e155b646624038d8192bbad10fefc8152466d633c3f6,COVERED,SOURCE_ZIP_INVENTORY_EXTRACTED_EXACT,COVERED,image_structurally_validated,NOT_APPLICABLE,NOT_APPLICABLE,reviewed_pass,NOT_APPLICABLE,,True,COVERED
COV-00707,physical_outer_member,90_FUENTES_INTEGRAS/GEOMETRY_OMEGA_TEORIA_COMPLETA_V1_0/GEOMETRY_OMEGA_TEORIA_COMPLETA_V1_0/10_FUENTES_ORIGINALES/FIGURAS/omega_schwarzschild_perfiles.png,.png,55428,c11d8b8642c90cca309b52e0801937b267c963f182a1aaff7a269908a717b3c2,COVERED,SOURCE_ZIP_INVENTORY_EXTRACTED_EXACT,COVERED,image_structurally_validated,NOT_APPLICABLE,NOT_APPLICABLE,reviewed_pass,NOT_APPLICABLE,,True,COVERED
COV-00708,physical_outer_member,90_FUENTES_INTEGRAS/GEOMETRY_OMEGA_TEORIA_COMPLETA_V1_0/GEOMETRY_OMEGA_TEORIA_COMPLETA_V1_0/10_FUENTES_ORIGINALES/FIGURAS/omega_schwarzschild_radio_fit.png,.png,64998,06fe31dfb79b27c62824e819b4d1f4be4dbc8f9b796c8ce3564aa170669b645b,COVERED,SOURCE_ZIP_INVENTORY_EXTRACTED_EXACT,COVERED,image_structurally_validated,NOT_APPLICABLE,NOT_APPLICABLE,reviewed_pass,NOT_APPLICABLE,,True,COVERED
COV-00709,physical_outer_member,90_FUENTES_INTEGRAS/GEOMETRY_OMEGA_TEORIA_COMPLETA_V1_0/GEOMETRY_OMEGA_TEORIA_COMPLETA_V1_0/10_FUENTES_ORIGINALES/FIGURAS/omega_valor_central.png,.png,45610,fd4ab2b5da8f7de0e2c5cef0c9321dfb58c980621bcffea0c3722ef1081271e7,COVERED,SOURCE_ZIP_INVENTORY_EXTRACTED_EXACT,COVERED,image_structurally_validated,NOT_APPLICABLE,NOT_APPLICABLE,reviewed_reference_only,NOT_APPLICABLE,figure_review=reviewed_reference_only,True,COVERED_WITH_NEGATIVE_OR_LIMITATION
COV-00710,physical_outer_member,90_FUENTES_INTEGRAS/GEOMETRY_OMEGA_TEORIA_COMPLETA_V1_0/GEOMETRY_OMEGA_TEORIA_COMPLETA_V1_0/10_FUENTES_ORIGINALES/MARKDOWN/Geometry_Omega_Accesibilidad_y_Rango_3_v44_2026-08-01.md,.md,12354,4f2fe5c6c29ee4e3946c9309c810a86169f241e49da88a74cc78b66a93defabe,COVERED,SOURCE_ZIP_INVENTORY_EXTRACTED_EXACT,COVERED,markdown_blocks=213,equation_catalog_occurrences_verified=75,claim_candidates_classified=113,NOT_APPLICABLE,NOT_APPLICABLE,negative_catalog_occurrences=1,True,COVERED_WITH_NEGATIVE_OR_LIMITATION
COV-00711,physical_outer_member,90_FUENTES_INTEGRAS/GEOMETRY_OMEGA_TEORIA_COMPLETA_V1_0/GEOMETRY_OMEGA_TEORIA_COMPLETA_V1_0/10_FUENTES_ORIGINALES/MARKDOWN/Geometry_Omega_Accion_Cuadratica_Canonica_v24_2026-07-31.md,.md,7525,b83a4e26bc02922d97b6a73e588a30f6acebe0ebd4b754b5ab31e225d40c50f7,COVERED,SOURCE_ZIP_INVENTORY_EXTRACTED_EXACT,COVERED,markdown_blocks=157,equation_catalog_occurrences_verified=56,claim_candidates_classified=85,NOT_APPLICABLE,NOT_APPLICABLE,,True,COVERED
COV-00712,physical_outer_member,90_FUENTES_INTEGRAS/GEOMETRY_OMEGA_TEORIA_COMPLETA_V1_0/GEOMETRY_OMEGA_TEORIA_COMPLETA_V1_0/10_FUENTES_ORIGINALES/MARKDOWN/Geometry_Omega_Actualizacion_Causal_Minima_v82_2026-08-02.md,.md,12778,3c734f2b628149d98ee59ef1538298b89aea2ae1ae0c149cccf0f285a569e841,COVERED,SOURCE_ZIP_INVENTORY_EXTRACTED_EXACT,COVERED,markdown_blocks=199,equation_catalog_occurrences_verified=67,claim_candidates_classified=110,NOT_APPLICABLE,NOT_APPLICABLE,,True,COVERED
COV-00713,physical_outer_member,90_FUENTES_INTEGRAS/GEOMETRY_OMEGA_TEORIA_COMPLETA_V1_0/GEOMETRY_OMEGA_TEORIA_COMPLETA_V1_0/10_FUENTES_ORIGINALES/MARKDOWN/Geometry_Omega_BVP_Cargado_Adimensional_v14_2026-07-31.md,.md,7237,672020e8821aaaad4e275dea6ed7fe9883d5173587e0becde71bac4c72c3b354,COVERED,SOURCE_ZIP_INVENTORY_EXTRACTED_EXACT,COVERED,markdown_blocks=138,equation_catalog_occurrences_verified=48,claim_candidates_classified=66,NOT_APPLICABLE,NOT_APPLICABLE,,True,COVERED
COV-00714,physical_outer_member,90_FUENTES_INTEGRAS/GEOMETRY_OMEGA_TEORIA_COMPLETA_V1_0/GEOMETRY_OMEGA_TEORIA_COMPLETA_V1_0/10_FUENTES_ORIGINALES/MARKDOWN/Geometry_Omega_Brecha_Espectral_y_Existencia_v37_2026-08-01.md,.md,5058,65dbd602f486d3f7cb3587acb4556ddf6009e17d0c4bcc8a901dbef72d7d5d3b,COVERED,SOURCE_ZIP_INVENTORY_EXTRACTED_EXACT,COVERED,markdown_blocks=58,equation_catalog_occurrences_verified=20,claim_candidates_classified=28,NOT_APPLICABLE,NOT_APPLICABLE,,True,COVERED
COV-00715,physical_outer_member,90_FUENTES_INTEGRAS/GEOMETRY_OMEGA_TEORIA_COMPLETA_V1_0/GEOMETRY_OMEGA_TEORIA_COMPLETA_V1_0/10_FUENTES_ORIGINALES/MARKDOWN/Geometry_Omega_Cadena_Causal_Espin_Estadistica_v81_2026-08-02.md,.md,11311,04e2c916d1ab903dd213ad2a1d9e2c85a25bfa8c9585861dd0c51d1679bc258b,COVERED,SOURCE_ZIP_INVENTORY_EXTRACTED_EXACT,COVERED,markdown_blocks=152,equation_catalog_occurrences_verified=45,claim_candidates_classified=89,NOT_APPLICABLE,NOT_APPLICABLE,,True,COVERED
COV-00716,physical_outer_member,90_FUENTES_INTEGRAS/GEOMETRY_OMEGA_TEORIA_COMPLETA_V1_0/GEOMETRY_OMEGA_TEORIA_COMPLETA_V1_0/10_FUENTES_ORIGINALES/MARKDOWN/Geometry_Omega_Canales_Cuanticos_Dimension_v41_2026-08-01.md,.md,14809,f2ab82603bb7cfaae03cb3ab4ea9c0417d17c34d3a44ffd8e1d7ace1fe2cd287,COVERED,SOURCE_ZIP_INVENTORY_EXTRACTED_EXACT,COVERED,markdown_blocks=203,equation_catalog_occurrences_verified=59,claim_candidates_classified=118,NOT_APPLICABLE,NOT_APPLICABLE,,True,COVERED
COV-00717,physical_outer_member,90_FUENTES_INTEGRAS/GEOMETRY_OMEGA_TEORIA_COMPLETA_V1_0/GEOMETRY_OMEGA_TEORIA_COMPLETA_V1_0/10_FUENTES_ORIGINALES/MARKDOWN/Geometry_Omega_Capacidad_Emergente_Subrelaciones_v77_2026-08-02.md,.md,13590,3385b52ecd4e021163aa9935f9d9a2f94940682fd8f15780da4a432f6b17ef72,COVERED,SOURCE_ZIP_INVENTORY_EXTRACTED_EXACT,COVERED,markdown_blocks=188,equation_catalog_occurrences_verified=62,claim_candidates_classified=103,NOT_APPLICABLE,NOT_APPLICABLE,,True,COVERED
COV-00718,physical_outer_member,90_FUENTES_INTEGRAS/GEOMETRY_OMEGA_TEORIA_COMPLETA_V1_0/GEOMETRY_OMEGA_TEORIA_COMPLETA_V1_0/10_FUENTES_ORIGINALES/MARKDOWN/Geometry_Omega_Capacidad_Potencialidad_Energia_v75_2026-08-02.md,.md,13194,03f0fde16757446d44734fce1e103aba1919ab0dc7a52c8126f1be7aa8750921,COVERED,SOURCE_ZIP_INVENTORY_EXTRACTED_EXACT,COVERED,markdown_blocks=222,equation_catalog_occurrences_verified=67,claim_candidates_classified=120,NOT_APPLICABLE,NOT_APPLICABLE,,True,COVERED
COV-00719,physical_outer_member,90_FUENTES_INTEGRAS/GEOMETRY_OMEGA_TEORIA_COMPLETA_V1_0/GEOMETRY_OMEGA_TEORIA_COMPLETA_V1_0/10_FUENTES_ORIGINALES/MARKDOWN/Geometry_Omega_Ciclos_y_Seleccion_Dimensional_v40_2026-08-01.md,.md,11842,ad50b33d152705fac479176ba73da87c5e47966111987685d4a3c6cc4ddb07dd,COVERED,SOURCE_ZIP_INVENTORY_EXTRACTED_EXACT,COVERED,markdown_blocks=167,equation_catalog_occurrences_verified=39,claim_candidates_classified=99,NOT_APPLICABLE,NOT_APPLICABLE,,True,COVERED
COV-00720,physical_outer_member,90_FUENTES_INTEGRAS/GEOMETRY_OMEGA_TEORIA_COMPLETA_V1_0/GEOMETRY_OMEGA_TEORIA_COMPLETA_V1_0/10_FUENTES_ORIGINALES/MARKDOWN/Geometry_Omega_Cierre_Ciclos_Integrabilidad_v43_2026-08-01.md,.md,10812,34b8a49ec7eb9e5c9fbcbcb54f16c413ee9157c4cbede1fa7f84b7dba794cbfc,COVERED,SOURCE_ZIP_INVENTORY_EXTRACTED_EXACT,COVERED,markdown_blocks=174,equation_catalog_occurrences_verified=48,claim_candidates_classified=107,NOT_APPLICABLE,NOT_APPLICABLE,,True,COVERED
COV-00721,physical_outer_member,90_FUENTES_INTEGRAS/GEOMETRY_OMEGA_TEORIA_COMPLETA_V1_0/GEOMETRY_OMEGA_TEORIA_COMPLETA_V1_0/10_FUENTES_ORIGINALES/MARKDOWN/Geometry_Omega_Clasificacion_Puntos_Criticos_v5_2026-07-31.md,.md,4661,4920e3dcf50b982fd2161ea08bfbdee4b12edbf0365faa30658f33c2267ae5cb,COVERED,SOURCE_ZIP_INVENTORY_EXTRACTED_EXACT,COVERED,markdown_blocks=83,equation_catalog_occurrences_verified=37,claim_candidates_classified=37,NOT_APPLICABLE,NOT_APPLICABLE,negative_catalog_occurrences=1,True,COVERED_WITH_NEGATIVE_OR_LIMITATION
COV-00722,physical_outer_member,90_FUENTES_INTEGRAS/GEOMETRY_OMEGA_TEORIA_COMPLETA_V1_0/GEOMETRY_OMEGA_TEORIA_COMPLETA_V1_0/10_FUENTES_ORIGINALES/MARKDOWN/Geometry_Omega_Colapso_Conservativo_Sin_Rebote_v51_2026-08-01.md,.md,15961,3d3165f94b331f9ad92f27914f527312638da6426bfbf13e17f1d7614790727d,COVERED,SOURCE_ZIP_INVENTORY_EXTRACTED_EXACT,COVERED,markdown_blocks=246,equation_catalog_occurrences_verified=79,claim_candidates_classified=144,NOT_APPLICABLE,NOT_APPLICABLE,,True,COVERED
COV-00723,physical_outer_member,90_FUENTES_INTEGRAS/GEOMETRY_OMEGA_TEORIA_COMPLETA_V1_0/GEOMETRY_OMEGA_TEORIA_COMPLETA_V1_0/10_FUENTES_ORIGINALES/MARKDOWN/Geometry_Omega_Composicion_Local_Intercambio_v80_2026-08-02.md,.md,13249,760c8f9f4cb57ed036a7b388a98933453dee81d58184546d40dd1f208b950423,COVERED,SOURCE_ZIP_INVENTORY_EXTRACTED_EXACT,COVERED,markdown_blocks=176,equation_catalog_occurrences_verified=57,claim_candidates_classified=100,NOT_APPLICABLE,NOT_APPLICABLE,,True,COVERED
COV-00724,physical_outer_member,90_FUENTES_INTEGRAS/GEOMETRY_OMEGA_TEORIA_COMPLETA_V1_0/GEOMETRY_OMEGA_TEORIA_COMPLETA_V1_0/10_FUENTES_ORIGINALES/MARKDOWN/Geometry_Omega_Composicion_Potencialidad_v29_2026-07-31.md,.md,12243,ad5ea298342b3a388738b88928e972f4ddbe115ab153329c415781bbbd4e29ae,COVERED,SOURCE_ZIP_INVENTORY_EXTRACTED_EXACT,COVERED,markdown_blocks=256,equation_catalog_occurrences_verified=86,claim_candidates_classified=142,NOT_APPLICABLE,NOT_APPLICABLE,,True,COVERED
COV-00725,physical_outer_member,90_FUENTES_INTEGRAS/GEOMETRY_OMEGA_TEORIA_COMPLETA_V1_0/GEOMETRY_OMEGA_TEORIA_COMPLETA_V1_0/10_FUENTES_ORIGINALES/MARKDOWN/Geometry_Omega_Conexion_Relacional_Fase_v88_2026-08-02.md,.md,11424,108101b32400ac9bcee7272778b09e47e1ec4d20fff5947cac4eb50909430be0,COVERED,SOURCE_ZIP_INVENTORY_EXTRACTED_EXACT,COVERED,markdown_blocks=177,equation_catalog_occurrences_verified=59,claim_candidates_classified=99,NOT_APPLICABLE,NOT_APPLICABLE,,True,COVERED
COV-00726,physical_outer_member,90_FUENTES_INTEGRAS/GEOMETRY_OMEGA_TEORIA_COMPLETA_V1_0/GEOMETRY_OMEGA_TEORIA_COMPLETA_V1_0/10_FUENTES_ORIGINALES/MARKDOWN/Geometry_Omega_Configuraciones_Isoenergeticas_v31_2026-07-31.md,.md,11419,5882e82e0f8b1a7444cc1a71994176b94f47af9ce317508c63acedc35f65b7b2,COVERED,SOURCE_ZIP_INVENTORY_EXTRACTED_EXACT,COVERED,markdown_blocks=228,equation_catalog_occurrences_verified=73,claim_candidates_classified=129,NOT_APPLICABLE,NOT_APPLICABLE,,True,COVERED
COV-00727,physical_outer_member,90_FUENTES_INTEGRAS/GEOMETRY_OMEGA_TEORIA_COMPLETA_V1_0/GEOMETRY_OMEGA_TEORIA_COMPLETA_V1_0/10_FUENTES_ORIGINALES/MARKDOWN/Geometry_Omega_Confrontacion_Decaimiento_Alfa_v67_2026-08-02.md,.md,11649,a1a2570c2b669775b70de59cb8c2ab41615148646741c0d442e08bf1a2bce079,COVERED,SOURCE_ZIP_INVENTORY_EXTRACTED_EXACT,COVERED,markdown_blocks=93,equation_catalog_occurrences_verified=25,claim_candidates_classified=48,NOT_APPLICABLE,NOT_APPLICABLE,,True,COVERED
COV-00728,physical_outer_member,90_FUENTES_INTEGRAS/GEOMETRY_OMEGA_TEORIA_COMPLETA_V1_0/GEOMETRY_OMEGA_TEORIA_COMPLETA_V1_0/10_FUENTES_ORIGINALES/MARKDOWN/Geometry_Omega_Conjugacion_Relacional_v85_2026-08-02.md,.md,10719,3d32f60a56a6c0121d714723ffc78d324a930bfd4dd50b7596970b9ee2f46796,COVERED,SOURCE_ZIP_INVENTORY_EXTRACTED_EXACT,COVERED,markdown_blocks=163,equation_catalog_occurrences_verified=52,claim_candidates_classified=94,NOT_APPLICABLE,NOT_APPLICABLE,negative_catalog_occurrences=1,True,COVERED_WITH_NEGATIVE_OR_LIMITATION
COV-00729,physical_outer_member,90_FUENTES_INTEGRAS/GEOMETRY_OMEGA_TEORIA_COMPLETA_V1_0/GEOMETRY_OMEGA_TEORIA_COMPLETA_V1_0/10_FUENTES_ORIGINALES/MARKDOWN/Geometry_Omega_Continuacion_Carga_Diagnostico_v16_2026-07-31.md,.md,4850,52d7c91ecc9236e5f0847944bfa5e7d5f2ab6dfca802616692ef77678d140f57,COVERED,SOURCE_ZIP_INVENTORY_EXTRACTED_EXACT,COVERED,markdown_blocks=77,equation_catalog_occurrences_verified=24,claim_candidates_classified=43,NOT_APPLICABLE,NOT_APPLICABLE,,True,COVERED
COV-00730,physical_outer_member,90_FUENTES_INTEGRAS/GEOMETRY_OMEGA_TEORIA_COMPLETA_V1_0/GEOMETRY_OMEGA_TEORIA_COMPLETA_V1_0/10_FUENTES_ORIGINALES/MARKDOWN/Geometry_Omega_Control_Neutro_Cargado_v15_2026-07-31.md,.md,6727,0a9516b5a87028abc5b3e946ba7bf0157491c522d1fe727ce0cc50f06dc8d564,COVERED,SOURCE_ZIP_INVENTORY_EXTRACTED_EXACT,COVERED,markdown_blocks=102,equation_catalog_occurrences_verified=38,claim_candidates_classified=49,NOT_APPLICABLE,NOT_APPLICABLE,,True,COVERED
COV-00731,physical_outer_member,90_FUENTES_INTEGRAS/GEOMETRY_OMEGA_TEORIA_COMPLETA_V1_0/GEOMETRY_OMEGA_TEORIA_COMPLETA_V1_0/10_FUENTES_ORIGINALES/MARKDOWN/Geometry_Omega_Costo_Curvatura_Dinamica_Conexion_v89_2026-08-02.md,.md,13988,2877d954a9ceac01a56472539632344fdee50a83b3dcd8cfc28af192c9f117d8,COVERED,SOURCE_ZIP_INVENTORY_EXTRACTED_EXACT,COVERED,markdown_blocks=213,equation_catalog_occurrences_verified=65,claim_candidates_classified=122,NOT_APPLICABLE,NOT_APPLICABLE,,True,COVERED
COV-00732,physical_outer_member,90_FUENTES_INTEGRAS/GEOMETRY_OMEGA_TEORIA_COMPLETA_V1_0/GEOMETRY_OMEGA_TEORIA_COMPLETA_V1_0/10_FUENTES_ORIGINALES/MARKDOWN/Geometry_Omega_Costo_Retorno_y_Cambio_Naturaleza_v74_2026-08-02.md,.md,10383,b81a98fdff45040deb3e8f2233a5e76be3949177cc3a90b506c0294c2a729e74,COVERED,SOURCE_ZIP_INVENTORY_EXTRACTED_EXACT,COVERED,markdown_blocks=195,equation_catalog_occurrences_verified=57,claim_candidates_classified=113,NOT_APPLICABLE,NOT_APPLICABLE,open_doubt_occurrences=1,True,COVERED_WITH_NEGATIVE_OR_LIMITATION
COV-00733,physical_outer_member,90_FUENTES_INTEGRAS/GEOMETRY_OMEGA_TEORIA_COMPLETA_V1_0/GEOMETRY_OMEGA_TEORIA_COMPLETA_V1_0/10_FUENTES_ORIGINALES/MARKDOWN/Geometry_Omega_Derivacion_Restriccion_Alfa_v68_2026-08-02.md,.md,17694,86c5682dec8eed4609f2b190cade5d578daf7657beda7fd6f5c47079ce25c5ff,COVERED,SOURCE_ZIP_INVENTORY_EXTRACTED_EXACT,COVERED,markdown_blocks=199,equation_catalog_occurrences_verified=53,claim_candidates_classified=121,NOT_APPLICABLE,NOT_APPLICABLE,negative_catalog_occurrences=2,True,COVERED_WITH_NEGATIVE_OR_LIMITATION
COV-00734,physical_outer_member,90_FUENTES_INTEGRAS/GEOMETRY_OMEGA_TEORIA_COMPLETA_V1_0/GEOMETRY_OMEGA_TEORIA_COMPLETA_V1_0/10_FUENTES_ORIGINALES/MARKDOWN/Geometry_Omega_Descomposicion_Relacional_1_3_5_v45_2026-08-01.md,.md,10365,802b7d0c56b9efe227abe542b4c9f8b23b2b640c88b83349aed259d675ad29c8,COVERED,SOURCE_ZIP_INVENTORY_EXTRACTED_EXACT,COVERED,markdown_blocks=224,equation_catalog_occurrences_verified=68,claim_candidates_classified=121,NOT_APPLICABLE,NOT_APPLICABLE,,True,COVERED
COV-00735,physical_outer_member,90_FUENTES_INTEGRAS/GEOMETRY_OMEGA_TEORIA_COMPLETA_V1_0/GEOMETRY_OMEGA_TEORIA_COMPLETA_V1_0/10_FUENTES_ORIGINALES/MARKDOWN/Geometry_Omega_Diagnostico_Adaptativo_v20_2026-07-31.md,.md,3375,a73d379abece2f86d3032863e1995e2f430f5700c2f345835a5d62a2517d024d,COVERED,SOURCE_ZIP_INVENTORY_EXTRACTED_EXACT,COVERED,markdown_blocks=59,equation_catalog_occurrences_verified=20,claim_candidates_classified=29,NOT_APPLICABLE,NOT_APPLICABLE,,True,COVERED
COV-00736,physical_outer_member,90_FUENTES_INTEGRAS/GEOMETRY_OMEGA_TEORIA_COMPLETA_V1_0/GEOMETRY_OMEGA_TEORIA_COMPLETA_V1_0/10_FUENTES_ORIGINALES/MARKDOWN/Geometry_Omega_Diagnostico_Pseudolongitud_v21_2026-07-31.md,.md,6871,bc777f9869373ea2d55100e33cd45542af0d8570392deb86ae54e6a6fcae8008,COVERED,SOURCE_ZIP_INVENTORY_EXTRACTED_EXACT,COVERED,markdown_blocks=130,equation_catalog_occurrences_verified=42,claim_candidates_classified=70,NOT_APPLICABLE,NOT_APPLICABLE,,True,COVERED
COV-00737,physical_outer_member,90_FUENTES_INTEGRAS/GEOMETRY_OMEGA_TEORIA_COMPLETA_V1_0/GEOMETRY_OMEGA_TEORIA_COMPLETA_V1_0/10_FUENTES_ORIGINALES/MARKDOWN/Geometry_Omega_Dimension_Interna_Minima_v33_2026-07-31.md,.md,12991,ea145a12cce9f15218485ee33bbb39e9cd6ae30470deb305ca48c8a0987c694e,COVERED,SOURCE_ZIP_INVENTORY_EXTRACTED_EXACT,COVERED,markdown_blocks=196,equation_catalog_occurrences_verified=52,claim_candidates_classified=123,NOT_APPLICABLE,NOT_APPLICABLE,negative_catalog_occurrences=1,True,COVERED_WITH_NEGATIVE_OR_LIMITATION
COV-00738,physical_outer_member,90_FUENTES_INTEGRAS/GEOMETRY_OMEGA_TEORIA_COMPLETA_V1_0/GEOMETRY_OMEGA_TEORIA_COMPLETA_V1_0/10_FUENTES_ORIGINALES/MARKDOWN/Geometry_Omega_Dinamica_Causal_Conexion_v90_2026-08-03.md,.md,11091,5a9428df96b7889702f939cda18db23c3f17015ba0ace88b0b65f07f068da439,COVERED,SOURCE_ZIP_INVENTORY_EXTRACTED_EXACT,COVERED,markdown_blocks=182,equation_catalog_occurrences_verified=66,claim_candidates_classified=96,NOT_APPLICABLE,NOT_APPLICABLE,,True,COVERED
COV-00739,physical_outer_member,90_FUENTES_INTEGRAS/GEOMETRY_OMEGA_TEORIA_COMPLETA_V1_0/GEOMETRY_OMEGA_TEORIA_COMPLETA_V1_0/10_FUENTES_ORIGINALES/MARKDOWN/Geometry_Omega_Emision_Microcanonica_y_Temperatura_v52_2026-08-01.md,.md,15046,e46ffb5fd2bb9b0a69daa152251271a6a40b91ecbec0b486594512a593720ea2,COVERED,SOURCE_ZIP_INVENTORY_EXTRACTED_EXACT,COVERED,markdown_blocks=264,equation_catalog_occurrences_verified=91,claim_candidates_classified=132,NOT_APPLICABLE,NOT_APPLICABLE,,True,COVERED
COV-00740,physical_outer_member,90_FUENTES_INTEGRAS/GEOMETRY_OMEGA_TEORIA_COMPLETA_V1_0/GEOMETRY_OMEGA_TEORIA_COMPLETA_V1_0/10_FUENTES_ORIGINALES/MARKDOWN/Geometry_Omega_Entropia_Geometrica_y_Ley_Area_v53_2026-08-01.md,.md,15904,ba7a389cab637b22e0c59f775d812391165df4b084bced2339921512c644f274,COVERED,SOURCE_ZIP_INVENTORY_EXTRACTED_EXACT,COVERED,markdown_blocks=293,equation_catalog_occurrences_verified=105,claim_candidates_classified=158,NOT_APPLICABLE,NOT_APPLICABLE,,True,COVERED
COV-00741,physical_outer_member,90_FUENTES_INTEGRAS/GEOMETRY_OMEGA_TEORIA_COMPLETA_V1_0/GEOMETRY_OMEGA_TEORIA_COMPLETA_V1_0/10_FUENTES_ORIGINALES/MARKDOWN/Geometry_Omega_Equivalencia_Dinamica_y_Duda_Ontologica_v57_2026-08-01.md,.md,13692,3832c93576662b9e098bfe3836929273b2fc96d4743303cbd758a86df0b92f39,COVERED,SOURCE_ZIP_INVENTORY_EXTRACTED_EXACT,COVERED,markdown_blocks=190,equation_catalog_occurrences_verified=37,claim_candidates_classified=121,NOT_APPLICABLE,NOT_APPLICABLE,,True,COVERED
COV-00742,physical_outer_member,90_FUENTES_INTEGRAS/GEOMETRY_OMEGA_TEORIA_COMPLETA_V1_0/GEOMETRY_OMEGA_TEORIA_COMPLETA_V1_0/10_FUENTES_ORIGINALES/MARKDOWN/Geometry_Omega_Espectro_Radial_Preliminar_v6_2026-07-31.md,.md,5896,aece0335d0d38c245b698d850eed57d0753bbfbdb37f93cc067833abd768e5ba,COVERED,SOURCE_ZIP_INVENTORY_EXTRACTED_EXACT,COVERED,markdown_blocks=79,equation_catalog_occurrences_verified=27,claim_candidates_classified=37,NOT_APPLICABLE,NOT_APPLICABLE,,True,COVERED
COV-00743,physical_outer_member,90_FUENTES_INTEGRAS/GEOMETRY_OMEGA_TEORIA_COMPLETA_V1_0/GEOMETRY_OMEGA_TEORIA_COMPLETA_V1_0/10_FUENTES_ORIGINALES/MARKDOWN/Geometry_Omega_Estabilidad_Radial_Registro_v3_2026-07-31.md,.md,10744,85291e57964e11dbb544d859f82c3b50f15c5a4bc2f713d05d147b8d5f96d5f4,COVERED,SOURCE_ZIP_INVENTORY_EXTRACTED_EXACT,COVERED,markdown_blocks=179,equation_catalog_occurrences_verified=65,claim_candidates_classified=88,NOT_APPLICABLE,NOT_APPLICABLE,,True,COVERED
COV-00744,physical_outer_member,90_FUENTES_INTEGRAS/GEOMETRY_OMEGA_TEORIA_COMPLETA_V1_0/GEOMETRY_OMEGA_TEORIA_COMPLETA_V1_0/10_FUENTES_ORIGINALES/MARKDOWN/Geometry_Omega_Estructura_Relacional_Completa_v27_2026-07-31.md,.md,10840,36964c042e916cb7017f4d9f461dce1a6c97bd67b89e853a4eefa294c7cca867,COVERED,SOURCE_ZIP_INVENTORY_EXTRACTED_EXACT,COVERED,markdown_blocks=171,equation_catalog_occurrences_verified=43,claim_candidates_classified=105,NOT_APPLICABLE,NOT_APPLICABLE,,True,COVERED
COV-00745,physical_outer_member,90_FUENTES_INTEGRAS/GEOMETRY_OMEGA_TEORIA_COMPLETA_V1_0/GEOMETRY_OMEGA_TEORIA_COMPLETA_V1_0/10_FUENTES_ORIGINALES/MARKDOWN/Geometry_Omega_Existencia_y_Saturacion_v36_2026-08-01.md,.md,10819,8578907f621870928f059f4c7cc23f49918954f217b83d276aff65583634d334,COVERED,SOURCE_ZIP_INVENTORY_EXTRACTED_EXACT,COVERED,markdown_blocks=240,equation_catalog_occurrences_verified=95,claim_candidates_classified=124,NOT_APPLICABLE,NOT_APPLICABLE,negative_catalog_occurrences=1,True,COVERED_WITH_NEGATIVE_OR_LIMITATION
COV-00746,physical_outer_member,90_FUENTES_INTEGRAS/GEOMETRY_OMEGA_TEORIA_COMPLETA_V1_0/GEOMETRY_OMEGA_TEORIA_COMPLETA_V1_0/10_FUENTES_ORIGINALES/MARKDOWN/Geometry_Omega_Expansion_Kernel_y_Dispersion_v48_2026-08-01.md,.md,10121,8f6940c41345346cf76d614e45d8db119af03f1f6b95572ed6bbae52d06104fc,COVERED,SOURCE_ZIP_INVENTORY_EXTRACTED_EXACT,COVERED,markdown_blocks=191,equation_catalog_occurrences_verified=68,claim_candidates_classified=104,NOT_APPLICABLE,NOT_APPLICABLE,,True,COVERED
COV-00747,physical_outer_member,90_FUENTES_INTEGRAS/GEOMETRY_OMEGA_TEORIA_COMPLETA_V1_0/GEOMETRY_OMEGA_TEORIA_COMPLETA_V1_0/10_FUENTES_ORIGINALES/MARKDOWN/Geometry_Omega_Extension_Abeliana_v9_2026-07-31.md,.md,8274,74595b23e90eae0b3e50290f98abb289b51b71d487b6ce1c178a17429b295717,COVERED,SOURCE_ZIP_INVENTORY_EXTRACTED_EXACT,COVERED,markdown_blocks=78,equation_catalog_occurrences_verified=40,claim_candidates_classified=23,NOT_APPLICABLE,NOT_APPLICABLE,,True,COVERED
COV-00748,physical_outer_member,90_FUENTES_INTEGRAS/GEOMETRY_OMEGA_TEORIA_COMPLETA_V1_0/GEOMETRY_OMEGA_TEORIA_COMPLETA_V1_0/10_FUENTES_ORIGINALES/MARKDOWN/Geometry_Omega_Frozen_Report_2026-07-31.md,.md,5082,c804e951b70e190cabb6710633fc840665e2e09caba93fcb2b80fbbe60776585,COVERED,SOURCE_ZIP_INVENTORY_EXTRACTED_EXACT,COVERED,markdown_blocks=95,equation_catalog_occurrences_verified=30,claim_candidates_classified=49,NOT_APPLICABLE,NOT_APPLICABLE,,True,COVERED
COV-00749,physical_outer_member,90_FUENTES_INTEGRAS/GEOMETRY_OMEGA_TEORIA_COMPLETA_V1_0/GEOMETRY_OMEGA_TEORIA_COMPLETA_V1_0/10_FUENTES_ORIGINALES/MARKDOWN/Geometry_Omega_Funcional_Cuadratico_v46_2026-08-01.md,.md,14999,2282ab10e5f705e6b61b3187ac029f814f653bf8a7de3f94fb1934616b30b783,COVERED,SOURCE_ZIP_INVENTORY_EXTRACTED_EXACT,COVERED,markdown_blocks=268,equation_catalog_occurrences_verified=91,claim_candidates_classified=155,NOT_APPLICABLE,NOT_APPLICABLE,,True,COVERED
COV-00750,physical_outer_member,90_FUENTES_INTEGRAS/GEOMETRY_OMEGA_TEORIA_COMPLETA_V1_0/GEOMETRY_OMEGA_TEORIA_COMPLETA_V1_0/10_FUENTES_ORIGINALES/MARKDOWN/Geometry_Omega_Generacion_2_Congelado_2026-07-31.md,.md,4292,33435eed24d727a976a7bb09b38607b4127367b12560050874a1ad53398978f1,COVERED,SOURCE_ZIP_INVENTORY_EXTRACTED_EXACT,COVERED,markdown_blocks=73,equation_catalog_occurrences_verified=30,claim_candidates_classified=31,NOT_APPLICABLE,NOT_APPLICABLE,,True,COVERED
COV-00751,physical_outer_member,90_FUENTES_INTEGRAS/GEOMETRY_OMEGA_TEORIA_COMPLETA_V1_0/GEOMETRY_OMEGA_TEORIA_COMPLETA_V1_0/10_FUENTES_ORIGINALES/MARKDOWN/Geometry_Omega_Hamiltoniano_Interno_v34_2026-07-31.md,.md,13312,6c4283289a3f4b6c9ec77d79928506679e14a72056712853583519785e8fb11b,COVERED,SOURCE_ZIP_INVENTORY_EXTRACTED_EXACT,COVERED,markdown_blocks=208,equation_catalog_occurrences_verified=54,claim_candidates_classified=125,NOT_APPLICABLE,NOT_APPLICABLE,negative_catalog_occurrences=1,True,COVERED_WITH_NEGATIVE_OR_LIMITATION
COV-00752,physical_outer_member,90_FUENTES_INTEGRAS/GEOMETRY_OMEGA_TEORIA_COMPLETA_V1_0/GEOMETRY_OMEGA_TEORIA_COMPLETA_V1_0/10_FUENTES_ORIGINALES/MARKDOWN/Geometry_Omega_Hilo_Fractal_Prueba_Destruccion_v38_2026-08-01.md,.md,14879,09a339dd7ca885d96f979616bf4c11fe85a1c7208df3359aefcdc51d4052d322,COVERED,SOURCE_ZIP_INVENTORY_EXTRACTED_EXACT,COVERED,markdown_blocks=257,equation_catalog_occurrences_verified=71,claim_candidates_classified=151,NOT_APPLICABLE,NOT_APPLICABLE,negative_catalog_occurrences=1,True,COVERED_WITH_NEGATIVE_OR_LIMITATION
COV-00753,physical_outer_member,90_FUENTES_INTEGRAS/GEOMETRY_OMEGA_TEORIA_COMPLETA_V1_0/GEOMETRY_OMEGA_TEORIA_COMPLETA_V1_0/10_FUENTES_ORIGINALES/MARKDOWN/Geometry_Omega_Holonomias_Conjugadas_y_Radiacion_v64_2026-08-01.md,.md,15673,157986931baafb299179c14f610008bee5721911d405d5697750f483986eee00,COVERED,SOURCE_ZIP_INVENTORY_EXTRACTED_EXACT,COVERED,markdown_blocks=222,equation_catalog_occurrences_verified=71,claim_candidates_classified=117,NOT_APPLICABLE,NOT_APPLICABLE,negative_catalog_occurrences=1,True,COVERED_WITH_NEGATIVE_OR_LIMITATION
COV-00754,physical_outer_member,90_FUENTES_INTEGRAS/GEOMETRY_OMEGA_TEORIA_COMPLETA_V1_0/GEOMETRY_OMEGA_TEORIA_COMPLETA_V1_0/10_FUENTES_ORIGINALES/MARKDOWN/Geometry_Omega_Identidad_Gas_Metal_Estrella_v73_2026-08-02.md,.md,12302,46224d6eb8834571daab7601f9a6c3a06892261526c28e9c1e58bec61999fcd0,COVERED,SOURCE_ZIP_INVENTORY_EXTRACTED_EXACT,COVERED,markdown_blocks=219,equation_catalog_occurrences_verified=76,claim_candidates_classified=112,NOT_APPLICABLE,NOT_APPLICABLE,,True,COVERED
COV-00755,physical_outer_member,90_FUENTES_INTEGRAS/GEOMETRY_OMEGA_TEORIA_COMPLETA_V1_0/GEOMETRY_OMEGA_TEORIA_COMPLETA_V1_0/10_FUENTES_ORIGINALES/MARKDOWN/Geometry_Omega_Inercia_Relacional_y_Tres_Fases_v60_2026-08-01.md,.md,13261,bae72f95dc27e0876be28d11997c1dfa51d882563fc9a1c85bb8b5df0172a44d,COVERED,SOURCE_ZIP_INVENTORY_EXTRACTED_EXACT,COVERED,markdown_blocks=248,equation_catalog_occurrences_verified=77,claim_candidates_classified=143,NOT_APPLICABLE,NOT_APPLICABLE,negative_catalog_occurrences=1,True,COVERED_WITH_NEGATIVE_OR_LIMITATION
COV-00756,physical_outer_member,90_FUENTES_INTEGRAS/GEOMETRY_OMEGA_TEORIA_COMPLETA_V1_0/GEOMETRY_OMEGA_TEORIA_COMPLETA_V1_0/10_FUENTES_ORIGINALES/MARKDOWN/Geometry_Omega_Intercambio_Rotacion_Continuidad_v79_2026-08-02.md,.md,10337,74eca97c6ac0902fbe80300876d39efe3ab995f4c6218fc3ef9cf91b95a7ac7f,COVERED,SOURCE_ZIP_INVENTORY_EXTRACTED_EXACT,COVERED,markdown_blocks=156,equation_catalog_occurrences_verified=49,claim_candidates_classified=90,NOT_APPLICABLE,NOT_APPLICABLE,negative_catalog_occurrences=1,True,COVERED_WITH_NEGATIVE_OR_LIMITATION
COV-00757,physical_outer_member,90_FUENTES_INTEGRAS/GEOMETRY_OMEGA_TEORIA_COMPLETA_V1_0/GEOMETRY_OMEGA_TEORIA_COMPLETA_V1_0/10_FUENTES_ORIGINALES/MARKDOWN/Geometry_Omega_Metaestabilidad_y_Disolucion_v66_2026-08-02.md,.md,19297,774c5361c87f8e0bfcf42be15561a9b584d602595c4e9fb260ea35dc1a3d322a,COVERED,SOURCE_ZIP_INVENTORY_EXTRACTED_EXACT,COVERED,markdown_blocks=231,equation_catalog_occurrences_verified=69,claim_candidates_classified=129,NOT_APPLICABLE,NOT_APPLICABLE,,True,COVERED
COV-00758,physical_outer_member,90_FUENTES_INTEGRAS/GEOMETRY_OMEGA_TEORIA_COMPLETA_V1_0/GEOMETRY_OMEGA_TEORIA_COMPLETA_V1_0/10_FUENTES_ORIGINALES/MARKDOWN/Geometry_Omega_Modo_Cargado_Conservativo_v19_2026-07-31.md,.md,11089,7c082626ef436375312f20c840aea91227f8e65385e09786399ec040dbb3957f,COVERED,SOURCE_ZIP_INVENTORY_EXTRACTED_EXACT,COVERED,markdown_blocks=135,equation_catalog_occurrences_verified=39,claim_candidates_classified=74,NOT_APPLICABLE,NOT_APPLICABLE,negative_catalog_occurrences=1,True,COVERED_WITH_NEGATIVE_OR_LIMITATION
COV-00759,physical_outer_member,90_FUENTES_INTEGRAS/GEOMETRY_OMEGA_TEORIA_COMPLETA_V1_0/GEOMETRY_OMEGA_TEORIA_COMPLETA_V1_0/10_FUENTES_ORIGINALES/MARKDOWN/Geometry_Omega_Modos_Cero_Estaticos_Cargados_v23_2026-07-31.md,.md,12156,82302fde331928e6f33ffbda7840ce98a163c65550f89f783ec101066fc4e675,COVERED,SOURCE_ZIP_INVENTORY_EXTRACTED_EXACT,COVERED,markdown_blocks=114,equation_catalog_occurrences_verified=31,claim_candidates_classified=68,NOT_APPLICABLE,NOT_APPLICABLE,,True,COVERED
COV-00760,physical_outer_member,90_FUENTES_INTEGRAS/GEOMETRY_OMEGA_TEORIA_COMPLETA_V1_0/GEOMETRY_OMEGA_TEORIA_COMPLETA_V1_0/10_FUENTES_ORIGINALES/MARKDOWN/Geometry_Omega_Modos_Red_Relacional_v26_2026-07-31.md,.md,4747,1663967b887b75d5c5f6f13d3a58cf2f21847919bad3f6d7e244e3a6e73156e2,COVERED,SOURCE_ZIP_INVENTORY_EXTRACTED_EXACT,COVERED,markdown_blocks=78,equation_catalog_occurrences_verified=29,claim_candidates_classified=35,NOT_APPLICABLE,NOT_APPLICABLE,,True,COVERED
COV-00761,physical_outer_member,90_FUENTES_INTEGRAS/GEOMETRY_OMEGA_TEORIA_COMPLETA_V1_0/GEOMETRY_OMEGA_TEORIA_COMPLETA_V1_0/10_FUENTES_ORIGINALES/MARKDOWN/Geometry_Omega_Movilidad_y_Bloqueo_Unificado_v59_2026-08-01.md,.md,14375,a850b40a509fcffb903139e3686488aff740729d18499cf9bf8c25d92a001c23,COVERED,SOURCE_ZIP_INVENTORY_EXTRACTED_EXACT,COVERED,markdown_blocks=240,equation_catalog_occurrences_verified=64,claim_candidates_classified=143,NOT_APPLICABLE,NOT_APPLICABLE,,True,COVERED
COV-00762,physical_outer_member,90_FUENTES_INTEGRAS/GEOMETRY_OMEGA_TEORIA_COMPLETA_V1_0/GEOMETRY_OMEGA_TEORIA_COMPLETA_V1_0/10_FUENTES_ORIGINALES/MARKDOWN/Geometry_Omega_NoLinealidad_y_Degeneracion_v56_2026-08-01.md,.md,15038,10c208d2fd4c0fc0c101c8b1f20633d547c44bb9fbfe264d091b01b0cc528a22,COVERED,SOURCE_ZIP_INVENTORY_EXTRACTED_EXACT,COVERED,markdown_blocks=226,equation_catalog_occurrences_verified=59,claim_candidates_classified=138,NOT_APPLICABLE,NOT_APPLICABLE,,True,COVERED
COV-00763,physical_outer_member,90_FUENTES_INTEGRAS/GEOMETRY_OMEGA_TEORIA_COMPLETA_V1_0/GEOMETRY_OMEGA_TEORIA_COMPLETA_V1_0/10_FUENTES_ORIGINALES/MARKDOWN/Geometry_Omega_Operador_Canonico_Gravitatorio_v25_2026-07-31.md,.md,10021,4333707643043198374e4616fa7aa643b338acc6c7506c37c0f4c0e95848d794,COVERED,SOURCE_ZIP_INVENTORY_EXTRACTED_EXACT,COVERED,markdown_blocks=206,equation_catalog_occurrences_verified=78,claim_candidates_classified=105,NOT_APPLICABLE,NOT_APPLICABLE,,True,COVERED
COV-00764,physical_outer_member,90_FUENTES_INTEGRAS/GEOMETRY_OMEGA_TEORIA_COMPLETA_V1_0/GEOMETRY_OMEGA_TEORIA_COMPLETA_V1_0/10_FUENTES_ORIGINALES/MARKDOWN/Geometry_Omega_Operador_Cargado_Completo_v13_2026-07-31.md,.md,10900,fb06f5f79751c2487e4ff9d14355468c356c8a65860f7d549ba85b271dad024d,COVERED,SOURCE_ZIP_INVENTORY_EXTRACTED_EXACT,COVERED,markdown_blocks=193,equation_catalog_occurrences_verified=76,claim_candidates_classified=79,NOT_APPLICABLE,NOT_APPLICABLE,,True,COVERED
COV-00765,physical_outer_member,90_FUENTES_INTEGRAS/GEOMETRY_OMEGA_TEORIA_COMPLETA_V1_0/GEOMETRY_OMEGA_TEORIA_COMPLETA_V1_0/10_FUENTES_ORIGINALES/MARKDOWN/Geometry_Omega_Operador_Cargado_Gauge_Invariante_v12_2026-07-31.md,.md,10304,ceda84e715c15b990fb1d8795d62381285026d9c517d8ca585191af84be6f781,COVERED,SOURCE_ZIP_INVENTORY_EXTRACTED_EXACT,COVERED,markdown_blocks=195,equation_catalog_occurrences_verified=70,claim_candidates_classified=98,NOT_APPLICABLE,NOT_APPLICABLE,,True,COVERED
COV-00766,physical_outer_member,90_FUENTES_INTEGRAS/GEOMETRY_OMEGA_TEORIA_COMPLETA_V1_0/GEOMETRY_OMEGA_TEORIA_COMPLETA_V1_0/10_FUENTES_ORIGINALES/MARKDOWN/Geometry_Omega_Operador_Compatibilidad_y_Area_v55_2026-08-01.md,.md,14325,ecff42c67ac3f47fd7847301c9d5145c4e8f699017132959256e0fda969647c1,COVERED,SOURCE_ZIP_INVENTORY_EXTRACTED_EXACT,COVERED,markdown_blocks=265,equation_catalog_occurrences_verified=81,claim_candidates_classified=160,NOT_APPLICABLE,NOT_APPLICABLE,,True,COVERED
COV-00767,physical_outer_member,90_FUENTES_INTEGRAS/GEOMETRY_OMEGA_TEORIA_COMPLETA_V1_0/GEOMETRY_OMEGA_TEORIA_COMPLETA_V1_0/10_FUENTES_ORIGINALES/MARKDOWN/Geometry_Omega_Operador_Transiciones_v32_2026-07-31.md,.md,13084,8abb798be66b7d8cee488af3d226c591ac849094d51ad97525dbeea074c187af,COVERED,SOURCE_ZIP_INVENTORY_EXTRACTED_EXACT,COVERED,markdown_blocks=223,equation_catalog_occurrences_verified=59,claim_candidates_classified=138,NOT_APPLICABLE,NOT_APPLICABLE,negative_catalog_occurrences=3,True,COVERED_WITH_NEGATIVE_OR_LIMITATION
COV-00768,physical_outer_member,90_FUENTES_INTEGRAS/GEOMETRY_OMEGA_TEORIA_COMPLETA_V1_0/GEOMETRY_OMEGA_TEORIA_COMPLETA_V1_0/10_FUENTES_ORIGINALES/MARKDOWN/Geometry_Omega_Optimizacion_Relacional_v39_2026-08-01.md,.md,13688,d1c9f7aa005f9763c77e6677046cc76409aa733fd6ade375e20b8569789d1833,COVERED,SOURCE_ZIP_INVENTORY_EXTRACTED_EXACT,COVERED,markdown_blocks=218,equation_catalog_occurrences_verified=53,claim_candidates_classified=135,NOT_APPLICABLE,NOT_APPLICABLE,,True,COVERED
COV-00769,physical_outer_member,90_FUENTES_INTEGRAS/GEOMETRY_OMEGA_TEORIA_COMPLETA_V1_0/GEOMETRY_OMEGA_TEORIA_COMPLETA_V1_0/10_FUENTES_ORIGINALES/MARKDOWN/Geometry_Omega_Orden_1D_Radiacion_y_Masa_v62_2026-08-01.md,.md,15674,e70d554e024c364b3c7cd262a13d62955779d7667ec46d8bc76b39973244c03f,COVERED,SOURCE_ZIP_INVENTORY_EXTRACTED_EXACT,COVERED,markdown_blocks=208,equation_catalog_occurrences_verified=50,claim_candidates_classified=122,NOT_APPLICABLE,NOT_APPLICABLE,,True,COVERED
COV-00770,physical_outer_member,90_FUENTES_INTEGRAS/GEOMETRY_OMEGA_TEORIA_COMPLETA_V1_0/GEOMETRY_OMEGA_TEORIA_COMPLETA_V1_0/10_FUENTES_ORIGINALES/MARKDOWN/Geometry_Omega_Orientacion_Interna_Cierre_Intercambio_v78_2026-08-02.md,.md,12124,b66c6fb249b66dbf14e65e90f4a11527c705777a618ca68cc8bcc22f61f9e596,COVERED,SOURCE_ZIP_INVENTORY_EXTRACTED_EXACT,COVERED,markdown_blocks=193,equation_catalog_occurrences_verified=64,claim_candidates_classified=107,NOT_APPLICABLE,NOT_APPLICABLE,negative_catalog_occurrences=1; open_doubt_occurrences=1,True,COVERED_WITH_NEGATIVE_OR_LIMITATION
COV-00771,physical_outer_member,90_FUENTES_INTEGRAS/GEOMETRY_OMEGA_TEORIA_COMPLETA_V1_0/GEOMETRY_OMEGA_TEORIA_COMPLETA_V1_0/10_FUENTES_ORIGINALES/MARKDOWN/Geometry_Omega_Orientacion_Intrinseca_y_Emergente_v63_2026-08-01.md,.md,17331,168ef595ac2bae13542a29baed9f559e3ddc6631ce11a86e435a8728319412fe,COVERED,SOURCE_ZIP_INVENTORY_EXTRACTED_EXACT,COVERED,markdown_blocks=225,equation_catalog_occurrences_verified=64,claim_candidates_classified=133,NOT_APPLICABLE,NOT_APPLICABLE,negative_catalog_occurrences=3,True,COVERED_WITH_NEGATIVE_OR_LIMITATION
COV-00772,physical_outer_member,90_FUENTES_INTEGRAS/GEOMETRY_OMEGA_TEORIA_COMPLETA_V1_0/GEOMETRY_OMEGA_TEORIA_COMPLETA_V1_0/10_FUENTES_ORIGINALES/MARKDOWN/Geometry_Omega_Perfil_Microscopico_Separacion_Alfa_v69_2026-08-02.md,.md,12582,8f5f6f70e7d37ddc28a8811deeb2463411e5fe424603b03b15cd54bd3d0f369b,COVERED,SOURCE_ZIP_INVENTORY_EXTRACTED_EXACT,COVERED,markdown_blocks=119,equation_catalog_occurrences_verified=38,claim_candidates_classified=68,NOT_APPLICABLE,NOT_APPLICABLE,,True,COVERED
COV-00773,physical_outer_member,90_FUENTES_INTEGRAS/GEOMETRY_OMEGA_TEORIA_COMPLETA_V1_0/GEOMETRY_OMEGA_TEORIA_COMPLETA_V1_0/10_FUENTES_ORIGINALES/MARKDOWN/Geometry_Omega_Potencialidad_Estructural_e_Inercia_v61_2026-08-01.md,.md,18814,e244658449a50e832468cfc0d8b6137830a1a088f39ab424efe70655fd189e6e,COVERED,SOURCE_ZIP_INVENTORY_EXTRACTED_EXACT,COVERED,markdown_blocks=255,equation_catalog_occurrences_verified=76,claim_candidates_classified=144,NOT_APPLICABLE,NOT_APPLICABLE,,True,COVERED
COV-00774,physical_outer_member,90_FUENTES_INTEGRAS/GEOMETRY_OMEGA_TEORIA_COMPLETA_V1_0/GEOMETRY_OMEGA_TEORIA_COMPLETA_V1_0/10_FUENTES_ORIGINALES/MARKDOWN/Geometry_Omega_Potencialidad_Naturaleza_Identidad_v72_2026-08-02.md,.md,9822,4eef1162d9a66d8e41f8b2aa48d071e472b8188d7728552a7639cfd5b83dd558,COVERED,SOURCE_ZIP_INVENTORY_EXTRACTED_EXACT,COVERED,markdown_blocks=188,equation_catalog_occurrences_verified=58,claim_candidates_classified=107,NOT_APPLICABLE,NOT_APPLICABLE,,True,COVERED
COV-00775,physical_outer_member,90_FUENTES_INTEGRAS/GEOMETRY_OMEGA_TEORIA_COMPLETA_V1_0/GEOMETRY_OMEGA_TEORIA_COMPLETA_V1_0/10_FUENTES_ORIGINALES/MARKDOWN/Geometry_Omega_Preformacion_Alfa_Cierre_Identidad_v70_2026-08-02.md,.md,15799,13511092fd79b008ac450aafdd6f85052b748f6f36e485e6a10bc7a2f809caac,COVERED,SOURCE_ZIP_INVENTORY_EXTRACTED_EXACT,COVERED,markdown_blocks=163,equation_catalog_occurrences_verified=49,claim_candidates_classified=97,NOT_APPLICABLE,NOT_APPLICABLE,,True,COVERED
COV-00776,physical_outer_member,90_FUENTES_INTEGRAS/GEOMETRY_OMEGA_TEORIA_COMPLETA_V1_0/GEOMETRY_OMEGA_TEORIA_COMPLETA_V1_0/10_FUENTES_ORIGINALES/MARKDOWN/Geometry_Omega_Programa_Demostracion_Ley_Area_v54_2026-08-01.md,.md,12891,e24675e7d5395ed0dea78214d8f44a62902500ea9b3e4ad5bc4af8d17f341240,COVERED,SOURCE_ZIP_INVENTORY_EXTRACTED_EXACT,COVERED,markdown_blocks=247,equation_catalog_occurrences_verified=77,claim_candidates_classified=138,NOT_APPLICABLE,NOT_APPLICABLE,negative_catalog_occurrences=1,True,COVERED_WITH_NEGATIVE_OR_LIMITATION
COV-00777,physical_outer_member,90_FUENTES_INTEGRAS/GEOMETRY_OMEGA_TEORIA_COMPLETA_V1_0/GEOMETRY_OMEGA_TEORIA_COMPLETA_V1_0/10_FUENTES_ORIGINALES/MARKDOWN/Geometry_Omega_Propagacion_Multidireccional_v83_2026-08-02.md,.md,12336,da03a3410f701e018a47451c4324c2c28b32bbc15af2b8fcbef8084b76897dbc,COVERED,SOURCE_ZIP_INVENTORY_EXTRACTED_EXACT,COVERED,markdown_blocks=228,equation_catalog_occurrences_verified=73,claim_candidates_classified=127,NOT_APPLICABLE,NOT_APPLICABLE,negative_catalog_occurrences=1,True,COVERED_WITH_NEGATIVE_OR_LIMITATION
COV-00778,physical_outer_member,90_FUENTES_INTEGRAS/GEOMETRY_OMEGA_TEORIA_COMPLETA_V1_0/GEOMETRY_OMEGA_TEORIA_COMPLETA_V1_0/10_FUENTES_ORIGINALES/MARKDOWN/Geometry_Omega_Proteccion_Tamano_Densidad_Clase_v65_2026-08-01.md,.md,14858,ab910ed329a675e186c90411f382bc00fd3d3efe84947572de2a186f60a400c2,COVERED,SOURCE_ZIP_INVENTORY_EXTRACTED_EXACT,COVERED,markdown_blocks=228,equation_catalog_occurrences_verified=55,claim_candidates_classified=136,NOT_APPLICABLE,NOT_APPLICABLE,,True,COVERED
COV-00779,physical_outer_member,90_FUENTES_INTEGRAS/GEOMETRY_OMEGA_TEORIA_COMPLETA_V1_0/GEOMETRY_OMEGA_TEORIA_COMPLETA_V1_0/10_FUENTES_ORIGINALES/MARKDOWN/Geometry_Omega_Quiralidad_Bloqueo_v35_2026-07-31.md,.md,12039,e6edb7ce053abc15dcfec7fb952683538de826151047d6069e81c18b252b1733,COVERED,SOURCE_ZIP_INVENTORY_EXTRACTED_EXACT,COVERED,markdown_blocks=222,equation_catalog_occurrences_verified=58,claim_candidates_classified=139,NOT_APPLICABLE,NOT_APPLICABLE,,True,COVERED
COV-00780,physical_outer_member,90_FUENTES_INTEGRAS/GEOMETRY_OMEGA_TEORIA_COMPLETA_V1_0/GEOMETRY_OMEGA_TEORIA_COMPLETA_V1_0/10_FUENTES_ORIGINALES/MARKDOWN/Geometry_Omega_Ramas_Cargadas_v10_2026-07-31.md,.md,6571,6edb0dbbbc655d0776e4d3addb7dc71a10cfef86852e37c0b8abc435e4f69c6e,COVERED,SOURCE_ZIP_INVENTORY_EXTRACTED_EXACT,COVERED,markdown_blocks=105,equation_catalog_occurrences_verified=28,claim_candidates_classified=61,NOT_APPLICABLE,NOT_APPLICABLE,negative_catalog_occurrences=1,True,COVERED_WITH_NEGATIVE_OR_LIMITATION
COV-00781,physical_outer_member,90_FUENTES_INTEGRAS/GEOMETRY_OMEGA_TEORIA_COMPLETA_V1_0/GEOMETRY_OMEGA_TEORIA_COMPLETA_V1_0/10_FUENTES_ORIGINALES/MARKDOWN/Geometry_Omega_Reconstruccion_Fondo_v4_2026-07-31.md,.md,4026,4bdb3ea33f36f2104dc0d61279809f780b830e83a58117aa5d445f17790a0a25,COVERED,SOURCE_ZIP_INVENTORY_EXTRACTED_EXACT,COVERED,markdown_blocks=58,equation_catalog_occurrences_verified=18,claim_candidates_classified=29,NOT_APPLICABLE,NOT_APPLICABLE,,True,COVERED
COV-00782,physical_outer_member,90_FUENTES_INTEGRAS/GEOMETRY_OMEGA_TEORIA_COMPLETA_V1_0/GEOMETRY_OMEGA_TEORIA_COMPLETA_V1_0/10_FUENTES_ORIGINALES/MARKDOWN/Geometry_Omega_Red_Relacional_Preformacion_Alfa_v71_2026-08-02.md,.md,14153,338b79628ecd345ac722da18277bb8de2e6a5d66644f5ee6dc886c0f0a5636d3,COVERED,SOURCE_ZIP_INVENTORY_EXTRACTED_EXACT,COVERED,markdown_blocks=146,equation_catalog_occurrences_verified=41,claim_candidates_classified=85,NOT_APPLICABLE,NOT_APPLICABLE,,True,COVERED
COV-00783,physical_outer_member,90_FUENTES_INTEGRAS/GEOMETRY_OMEGA_TEORIA_COMPLETA_V1_0/GEOMETRY_OMEGA_TEORIA_COMPLETA_V1_0/10_FUENTES_ORIGINALES/MARKDOWN/Geometry_Omega_Regimenes_Ocupacion_Relacional_v76_2026-08-02.md,.md,16415,60913fbd04fb50c275a371df82e4e89175f789aa131a66098d20944b9d691fb7,COVERED,SOURCE_ZIP_INVENTORY_EXTRACTED_EXACT,COVERED,markdown_blocks=238,equation_catalog_occurrences_verified=68,claim_candidates_classified=140,NOT_APPLICABLE,NOT_APPLICABLE,,True,COVERED
COV-00784,physical_outer_member,90_FUENTES_INTEGRAS/GEOMETRY_OMEGA_TEORIA_COMPLETA_V1_0/GEOMETRY_OMEGA_TEORIA_COMPLETA_V1_0/10_FUENTES_ORIGINALES/MARKDOWN/Geometry_Omega_Relacion_Binaria_y_3D_v42_2026-08-01.md,.md,12843,59b346a6f158880cfecb06b874a4bd0984d01b74c6700fc5ad2ac16dd66d3924,COVERED,SOURCE_ZIP_INVENTORY_EXTRACTED_EXACT,COVERED,markdown_blocks=216,equation_catalog_occurrences_verified=56,claim_candidates_classified=131,NOT_APPLICABLE,NOT_APPLICABLE,,True,COVERED
COV-00785,physical_outer_member,90_FUENTES_INTEGRAS/GEOMETRY_OMEGA_TEORIA_COMPLETA_V1_0/GEOMETRY_OMEGA_TEORIA_COMPLETA_V1_0/10_FUENTES_ORIGINALES/MARKDOWN/Geometry_Omega_Renormalizacion_Vacio_Creacion_Pares_v87_2026-08-02.md,.md,12893,816fafd97748c78b9eb1fdb633bceee5971f8cd381b0c51f4a414ef444079eaa,COVERED,SOURCE_ZIP_INVENTORY_EXTRACTED_EXACT,COVERED,markdown_blocks=187,equation_catalog_occurrences_verified=61,claim_candidates_classified=102,NOT_APPLICABLE,NOT_APPLICABLE,,True,COVERED
COV-00786,physical_outer_member,90_FUENTES_INTEGRAS/GEOMETRY_OMEGA_TEORIA_COMPLETA_V1_0/GEOMETRY_OMEGA_TEORIA_COMPLETA_V1_0/10_FUENTES_ORIGINALES/MARKDOWN/Geometry_Omega_Sectores_Tau_Identidad_Inseparable_v84_2026-08-02.md,.md,12053,4ad3953d97bec75e43ad50ff2db25dee100e6859d45b83dfb3b04f8591dfd9d0,COVERED,SOURCE_ZIP_INVENTORY_EXTRACTED_EXACT,COVERED,markdown_blocks=196,equation_catalog_occurrences_verified=66,claim_candidates_classified=112,NOT_APPLICABLE,NOT_APPLICABLE,,True,COVERED
COV-00787,physical_outer_member,90_FUENTES_INTEGRAS/GEOMETRY_OMEGA_TEORIA_COMPLETA_V1_0/GEOMETRY_OMEGA_TEORIA_COMPLETA_V1_0/10_FUENTES_ORIGINALES/MARKDOWN/Geometry_Omega_Tensor_Restriccion_v30_2026-07-31.md,.md,12080,29ee6d09cd03c7e5dda6a7d8a1917669903609a61120786eb16d1ac7d9c63a93,COVERED,SOURCE_ZIP_INVENTORY_EXTRACTED_EXACT,COVERED,markdown_blocks=229,equation_catalog_occurrences_verified=70,claim_candidates_classified=135,NOT_APPLICABLE,NOT_APPLICABLE,,True,COVERED
COV-00788,physical_outer_member,90_FUENTES_INTEGRAS/GEOMETRY_OMEGA_TEORIA_COMPLETA_V1_0/GEOMETRY_OMEGA_TEORIA_COMPLETA_V1_0/10_FUENTES_ORIGINALES/MARKDOWN/Geometry_Omega_Tiempo_Emergente_y_Agujero_Blanco_v49_2026-08-01.md,.md,16691,81eb35213d920b70d98380a61b994aa585117fdf476a45e3990513ed2cf32868,COVERED,SOURCE_ZIP_INVENTORY_EXTRACTED_EXACT,COVERED,markdown_blocks=275,equation_catalog_occurrences_verified=83,claim_candidates_classified=165,NOT_APPLICABLE,NOT_APPLICABLE,,True,COVERED
COV-00789,physical_outer_member,90_FUENTES_INTEGRAS/GEOMETRY_OMEGA_TEORIA_COMPLETA_V1_0/GEOMETRY_OMEGA_TEORIA_COMPLETA_V1_0/10_FUENTES_ORIGINALES/MARKDOWN/Geometry_Omega_Tiempo_Reducido_Unitariedad_v50_2026-08-01.md,.md,13476,948a5717a643fcf79b5c7e4123d74698f08665a6a630a91aaedc2f8b8231cade,COVERED,SOURCE_ZIP_INVENTORY_EXTRACTED_EXACT,COVERED,markdown_blocks=226,equation_catalog_occurrences_verified=72,claim_candidates_classified=129,NOT_APPLICABLE,NOT_APPLICABLE,,True,COVERED
COV-00790,physical_outer_member,90_FUENTES_INTEGRAS/GEOMETRY_OMEGA_TEORIA_COMPLETA_V1_0/GEOMETRY_OMEGA_TEORIA_COMPLETA_V1_0/10_FUENTES_ORIGINALES/MARKDOWN/Geometry_Omega_Tres_Escenarios_Nucleo_Extremo_v58_2026-08-01.md,.md,20458,f6c22ffd162835d381d41520282fec64e6e3bfea8ec9be4ddb181c9ef6df8a86,COVERED,SOURCE_ZIP_INVENTORY_EXTRACTED_EXACT,COVERED,markdown_blocks=395,equation_catalog_occurrences_verified=104,claim_candidates_classified=215,NOT_APPLICABLE,NOT_APPLICABLE,negative_catalog_occurrences=1; open_doubt_occurrences=3,True,COVERED_WITH_NEGATIVE_OR_LIMITATION
COV-00791,physical_outer_member,90_FUENTES_INTEGRAS/GEOMETRY_OMEGA_TEORIA_COMPLETA_V1_0/GEOMETRY_OMEGA_TEORIA_COMPLETA_V1_0/10_FUENTES_ORIGINALES/MARKDOWN/Geometry_Omega_Vacio_Ausencias_Antimateria_v86_2026-08-02.md,.md,12408,27cdc8cc2662a4e9c6f16e0208c8a8fc74edf4188e47604cfe3d2cf6c585c194,COVERED,SOURCE_ZIP_INVENTORY_EXTRACTED_EXACT,COVERED,markdown_blocks=179,equation_catalog_occurrences_verified=55,claim_candidates_classified=98,NOT_APPLICABLE,NOT_APPLICABLE,negative_catalog_occurrences=1,True,COVERED_WITH_NEGATIVE_OR_LIMITATION
COV-00792,physical_outer_member,90_FUENTES_INTEGRAS/GEOMETRY_OMEGA_TEORIA_COMPLETA_V1_0/GEOMETRY_OMEGA_TEORIA_COMPLETA_V1_0/10_FUENTES_ORIGINALES/MARKDOWN/Geometry_Omega_Vacio_Basal_Escalar_Compuesto_v28_2026-07-31.md,.md,10285,de42781b15f27b8fbe463d79266bb2490d0d9e6d0538bb76d32370bebec0ad27,COVERED,SOURCE_ZIP_INVENTORY_EXTRACTED_EXACT,COVERED,markdown_blocks=197,equation_catalog_occurrences_verified=65,claim_candidates_classified=108,NOT_APPLICABLE,NOT_APPLICABLE,,True,COVERED
COV-00793,physical_outer_member,90_FUENTES_INTEGRAS/GEOMETRY_OMEGA_TEORIA_COMPLETA_V1_0/GEOMETRY_OMEGA_TEORIA_COMPLETA_V1_0/10_FUENTES_ORIGINALES/MARKDOWN/Geometry_Omega_Validacion_Conservativa_Cargada_v11_2026-07-31.md,.md,6635,3055999a54afb806374ae22d21c46b6f2a08ef7af2d8e3ea8355b054cd404ec2,COVERED,SOURCE_ZIP_INVENTORY_EXTRACTED_EXACT,COVERED,markdown_blocks=97,equation_catalog_occurrences_verified=36,claim_candidates_classified=48,NOT_APPLICABLE,NOT_APPLICABLE,,True,COVERED
COV-00794,physical_outer_member,90_FUENTES_INTEGRAS/GEOMETRY_OMEGA_TEORIA_COMPLETA_V1_0/GEOMETRY_OMEGA_TEORIA_COMPLETA_V1_0/10_FUENTES_ORIGINALES/MARKDOWN/Geometry_Omega_Validacion_Modal_v7_2026-07-31.md,.md,7056,7327148a3620ccea6f7dcc5221a01a52201e3fac838da4c7e09b94cca458d618,COVERED,SOURCE_ZIP_INVENTORY_EXTRACTED_EXACT,COVERED,markdown_blocks=141,equation_catalog_occurrences_verified=46,claim_candidates_classified=74,NOT_APPLICABLE,NOT_APPLICABLE,,True,COVERED
COV-00795,physical_outer_member,90_FUENTES_INTEGRAS/GEOMETRY_OMEGA_TEORIA_COMPLETA_V1_0/GEOMETRY_OMEGA_TEORIA_COMPLETA_V1_0/10_FUENTES_ORIGINALES/MARKDOWN/Geometry_Omega_Vecindad_Dinamica_y_Gravedad_v47_2026-08-01.md,.md,13744,888a56454a3f77dbc4548722846b25b5d68b1522b2350d4b95c7234ec64798c7,COVERED,SOURCE_ZIP_INVENTORY_EXTRACTED_EXACT,COVERED,markdown_blocks=227,equation_catalog_occurrences_verified=60,claim_candidates_classified=136,NOT_APPLICABLE,NOT_APPLICABLE,,True,COVERED
COV-00796,physical_outer_member,90_FUENTES_INTEGRAS/GEOMETRY_OMEGA_TEORIA_COMPLETA_V1_0/GEOMETRY_OMEGA_TEORIA_COMPLETA_V1_0/10_FUENTES_ORIGINALES/MARKDOWN/Informe_Geometry_Omega_2026-07-31.md,.md,5063,c16e912c75de18846dff696de2c6aed60fa6b7837280df96845e59e200af6eca,COVERED,SOURCE_ZIP_INVENTORY_EXTRACTED_EXACT,COVERED,markdown_blocks=92,equation_catalog_occurrences_verified=24,claim_candidates_classified=55,NOT_APPLICABLE,NOT_APPLICABLE,,True,COVERED
COV-00797,physical_outer_member,90_FUENTES_INTEGRAS/GEOMETRY_OMEGA_TEORIA_COMPLETA_V1_0/GEOMETRY_OMEGA_TEORIA_COMPLETA_V1_0/10_FUENTES_ORIGINALES/MARKDOWN/Revision_Geometria_Omega_para_Gemini.md,.md,8258,0272adeaaabaf98bfc9bc98bcb9c30b8912b1ae92064b25956f1e891c33e05a1,COVERED,SOURCE_ZIP_INVENTORY_EXTRACTED_EXACT,COVERED,markdown_blocks=120,equation_catalog_occurrences_verified=20,claim_candidates_classified=80,NOT_APPLICABLE,NOT_APPLICABLE,,True,COVERED
COV-00798,physical_outer_member,90_FUENTES_INTEGRAS/GEOMETRY_OMEGA_TEORIA_COMPLETA_V1_0/GEOMETRY_OMEGA_TEORIA_COMPLETA_V1_0/10_FUENTES_ORIGINALES/MARKDOWN/geometria_omega_analisis_para_gemini.md,.md,24915,2631ad000df049cd4a70410e494285f28f49e76e3bedd499ca3ecb62d6b9bcd9,COVERED,SOURCE_ZIP_INVENTORY_EXTRACTED_EXACT,COVERED,markdown_blocks=460,equation_catalog_occurrences_verified=143,claim_candidates_classified=265,NOT_APPLICABLE,NOT_APPLICABLE,negative_catalog_occurrences=1,True,COVERED_WITH_NEGATIVE_OR_LIMITATION
COV-00799,physical_outer_member,90_FUENTES_INTEGRAS/GEOMETRY_OMEGA_TEORIA_COMPLETA_V1_0/GEOMETRY_OMEGA_TEORIA_COMPLETA_V1_0/10_FUENTES_ORIGINALES/OTROS/Geometry_Omega_Charged_Pulsation_Spec_v12_2026-07-31.yaml,.yaml,716,4c1db3bd96c099ec2e4f2dfce8a18f2c7b1d34b178a75ede90f6a5ae4d8df924,COVERED,SOURCE_ZIP_INVENTORY_EXTRACTED_EXACT,COVERED,yaml_parsed,NOT_APPLICABLE,NOT_APPLICABLE,NOT_APPLICABLE,NOT_APPLICABLE,,True,COVERED
COV-00800,physical_outer_member,90_FUENTES_INTEGRAS/GEOMETRY_OMEGA_TEORIA_COMPLETA_V1_0/GEOMETRY_OMEGA_TEORIA_COMPLETA_V1_0/10_FUENTES_ORIGINALES/OTROS/Geometry_Omega_Documento_Maestro_Congelado_v8_2026-07-31.md,.md,83396,9ad0153e6367c177bbb87821b632c427f0be1b931e0f6ab1c049c340b3138f45,COVERED,SOURCE_ZIP_INVENTORY_EXTRACTED_EXACT,COVERED,markdown_blocks=1361,equation_catalog_occurrences_verified=467,claim_candidates_classified=678,NOT_APPLICABLE,NOT_APPLICABLE,negative_catalog_occurrences=2,True,COVERED_WITH_NEGATIVE_OR_LIMITATION
COV-00801,physical_outer_member,90_FUENTES_INTEGRAS/GEOMETRY_OMEGA_TEORIA_COMPLETA_V1_0/GEOMETRY_OMEGA_TEORIA_COMPLETA_V1_0/10_FUENTES_ORIGINALES/OTROS/Geometry_Omega_Operador_Canonico_v25.yaml,.yaml,837,934efc395203b3050a6fd6825cd9a2d02b8a4a6b8df5cbe227d024ed465563d2,COVERED,SOURCE_ZIP_INVENTORY_EXTRACTED_EXACT,COVERED,yaml_parsed,NOT_APPLICABLE,NOT_APPLICABLE,NOT_APPLICABLE,NOT_APPLICABLE,,True,COVERED
COV-00802,physical_outer_member,90_FUENTES_INTEGRAS/GEOMETRY_OMEGA_TEORIA_COMPLETA_V1_0/GEOMETRY_OMEGA_TEORIA_COMPLETA_V1_0/10_FUENTES_ORIGINALES/OTROS/Geometry_Omega_background_branch_corrected_2026-07-31.json,.json,13748,7fba07aec6a4dce5d8fcf4cc1ccfa7b229b116fae8cbf6c5380ab20779c559cf,COVERED,SOURCE_ZIP_INVENTORY_EXTRACTED_EXACT,COVERED,json_parsed,NOT_APPLICABLE,NOT_APPLICABLE,NOT_APPLICABLE,NOT_APPLICABLE,,True,COVERED
COV-00803,physical_outer_member,90_FUENTES_INTEGRAS/GEOMETRY_OMEGA_TEORIA_COMPLETA_V1_0/GEOMETRY_OMEGA_TEORIA_COMPLETA_V1_0/10_FUENTES_ORIGINALES/OTROS/OMEGA_CORPUS_COMPLETO_2026-08-01.md,.md,716631,a92572d747337012721f8585e6623b5df1848cf4a83c8420dd1fb3f337042f4e,COVERED,SOURCE_ZIP_INVENTORY_EXTRACTED_EXACT,COVERED,markdown_blocks=11908,equation_catalog_occurrences_verified=3694,claim_candidates_classified=6642,NOT_APPLICABLE,NOT_APPLICABLE,negative_catalog_occurrences=16; open_doubt_occurrences=3,True,COVERED_WITH_NEGATIVE_OR_LIMITATION
COV-00804,physical_outer_member,90_FUENTES_INTEGRAS/GEOMETRY_OMEGA_TEORIA_COMPLETA_V1_0/GEOMETRY_OMEGA_TEORIA_COMPLETA_V1_0/10_FUENTES_ORIGINALES/OTROS/Omega_Consolidacion_Preliminar_v1.md,.md,1211,26ebab064fae51d158a6af5d9bf1fb5fdf17cee7b756c33a9b9b28bfa85fe456,COVERED,SOURCE_ZIP_INVENTORY_EXTRACTED_EXACT,COVERED,markdown_blocks=12,equation_catalog_occurrences_verified=0,claim_candidates_classified=6,NOT_APPLICABLE,NOT_APPLICABLE,,True,COVERED
COV-00805,physical_outer_member,90_FUENTES_INTEGRAS/GEOMETRY_OMEGA_TEORIA_COMPLETA_V1_0/GEOMETRY_OMEGA_TEORIA_COMPLETA_V1_0/10_FUENTES_ORIGINALES/OTROS/Omega_Corpus_Completo_2026-08-01.zip,.zip,6889606,751fecf8ccacc541a7cf95b1bfde57b9deaf37cc4a3693bb8a1dee8b8ccb57b8,COVERED,NESTED_ZIP_TESTED_CLEAN,COVERED,zip_members_crc_and_safety_checked,NOT_APPLICABLE,NOT_APPLICABLE,NOT_APPLICABLE,NOT_APPLICABLE,,True,COVERED
COV-00806,physical_outer_member,90_FUENTES_INTEGRAS/GEOMETRY_OMEGA_TEORIA_COMPLETA_V1_0/GEOMETRY_OMEGA_TEORIA_COMPLETA_V1_0/10_FUENTES_ORIGINALES/OTROS/Omega_Master_Consolidacion.zip,.zip,1563,3bf62e9c4666cb6dd0e960ac92915961fd34492ad830ecc2987c33c7e25c3f2d,COVERED,NESTED_ZIP_TESTED_CLEAN,COVERED,zip_members_crc_and_safety_checked,NOT_APPLICABLE,NOT_APPLICABLE,NOT_APPLICABLE,NOT_APPLICABLE,,True,COVERED
COV-00807,physical_outer_member,90_FUENTES_INTEGRAS/GEOMETRY_OMEGA_TEORIA_COMPLETA_V1_0/GEOMETRY_OMEGA_TEORIA_COMPLETA_V1_0/10_FUENTES_ORIGINALES/OTROS/Omega_Master_Consolidacion_Completa.md,.md,3173,8defc3ecee8b0b0b3e61138e17469a258797efe8ed83a188762bca508f2df7a4,COVERED,SOURCE_ZIP_INVENTORY_EXTRACTED_EXACT,COVERED,markdown_blocks=32,equation_catalog_occurrences_verified=0,claim_candidates_classified=20,NOT_APPLICABLE,NOT_APPLICABLE,,True,COVERED
COV-00808,physical_outer_member,90_FUENTES_INTEGRAS/GEOMETRY_OMEGA_TEORIA_COMPLETA_V1_0/GEOMETRY_OMEGA_TEORIA_COMPLETA_V1_0/11_CODIGO_Y_REPRODUCIBILIDAD/00_LEEME_CODIGO.md,.md,716,5f2ba22a5ba3b2c6f740400415f7322ae400da2259c575643f5f73ef16961058,COVERED,SOURCE_ZIP_INVENTORY_EXTRACTED_EXACT,COVERED,markdown_blocks=7,equation_catalog_occurrences_verified=0,claim_candidates_classified=4,NOT_APPLICABLE,NOT_APPLICABLE,negative_catalog_occurrences=1,True,COVERED_WITH_NEGATIVE_OR_LIMITATION
COV-00809,physical_outer_member,90_FUENTES_INTEGRAS/GEOMETRY_OMEGA_TEORIA_COMPLETA_V1_0/GEOMETRY_OMEGA_TEORIA_COMPLETA_V1_0/11_CODIGO_Y_REPRODUCIBILIDAD/Geometry_Omega_Abelian_Charged_Solver_v9_2026-07-31.py,.py,343,4df244f8a8b933d385dac744c5df9707ad836a3dea88d2961741470cb1a72c30,COVERED,SOURCE_ZIP_INVENTORY_EXTRACTED_EXACT,COVERED,python_ast_and_compile_checked,NOT_APPLICABLE,NOT_APPLICABLE,NOT_APPLICABLE,no_executable_logic,code_status=no_executable_logic,True,COVERED_WITH_NEGATIVE_OR_LIMITATION
COV-00810,physical_outer_member,90_FUENTES_INTEGRAS/GEOMETRY_OMEGA_TEORIA_COMPLETA_V1_0/GEOMETRY_OMEGA_TEORIA_COMPLETA_V1_0/11_CODIGO_Y_REPRODUCIBILIDAD/Geometry_Omega_Charged_Pulsation_BVP_v14_2026-07-31.py,.py,5605,9e8fa983a8e74a9622d95e9dcaca2e92ad9f70914c012dd5d60034fc5e491184,COVERED,SOURCE_ZIP_INVENTORY_EXTRACTED_EXACT,COVERED,python_ast_and_compile_checked,NOT_APPLICABLE,NOT_APPLICABLE,NOT_APPLICABLE,expected_interface_guard,code_status=expected_interface_guard,True,COVERED_WITH_NEGATIVE_OR_LIMITATION
COV-00811,physical_outer_member,90_FUENTES_INTEGRAS/GEOMETRY_OMEGA_TEORIA_COMPLETA_V1_0/GEOMETRY_OMEGA_TEORIA_COMPLETA_V1_0/11_CODIGO_Y_REPRODUCIBILIDAD/Geometry_Omega_Symbolic_Verifier_v13_2026-07-31.py,.py,1649,1069695438e99023b8dce64a50a178f17c21160765c490d4654a8769fc4a665e,COVERED,SOURCE_ZIP_INVENTORY_EXTRACTED_EXACT,COVERED,python_ast_and_compile_checked,NOT_APPLICABLE,NOT_APPLICABLE,NOT_APPLICABLE,execution_failed,code_status=execution_failed,True,COVERED_WITH_NEGATIVE_OR_LIMITATION
COV-00812,physical_outer_member,90_FUENTES_INTEGRAS/GEOMETRY_OMEGA_TEORIA_COMPLETA_V1_0/GEOMETRY_OMEGA_TEORIA_COMPLETA_V1_0/11_CODIGO_Y_REPRODUCIBILIDAD/Geometry_Omega_background_continuation_solver_2026-07-31.py,.py,2508,c4573389d495102f4041d373a21b16eecfd8c11e1bd39abf8bf2641e591b317f,COVERED,SOURCE_ZIP_INVENTORY_EXTRACTED_EXACT,COVERED,python_ast_and_compile_checked,NOT_APPLICABLE,NOT_APPLICABLE,NOT_APPLICABLE,executed_successfully,,True,COVERED
COV-00813,physical_outer_member,90_FUENTES_INTEGRAS/GEOMETRY_OMEGA_TEORIA_COMPLETA_V1_0/GEOMETRY_OMEGA_TEORIA_COMPLETA_V1_0/11_CODIGO_Y_REPRODUCIBILIDAD/Geometry_Omega_pulsation_solver_preliminary_v6_2026-07-31.py,.py,2971,5785a026722f750dd20f9c9f0d083f6f4eea1c25ac6ebeeed229f6e133cdf535,COVERED,SOURCE_ZIP_INVENTORY_EXTRACTED_EXACT,COVERED,python_ast_and_compile_checked,NOT_APPLICABLE,NOT_APPLICABLE,NOT_APPLICABLE,executed_successfully,,True,COVERED
COV-00814,physical_outer_member,90_FUENTES_INTEGRAS/GEOMETRY_OMEGA_TEORIA_COMPLETA_V1_0/GEOMETRY_OMEGA_TEORIA_COMPLETA_V1_0/11_CODIGO_Y_REPRODUCIBILIDAD/einstein_omega_solver.py,.py,253,4f8b3d187364f5c1b5e1c36080063ee2e033b0fa95334d3900d002e119bd07a1,COVERED,SOURCE_ZIP_INVENTORY_EXTRACTED_EXACT,COVERED,python_ast_and_compile_checked,NOT_APPLICABLE,NOT_APPLICABLE,NOT_APPLICABLE,no_executable_logic,code_status=no_executable_logic,True,COVERED_WITH_NEGATIVE_OR_LIMITATION
COV-00815,physical_outer_member,90_FUENTES_INTEGRAS/GEOMETRY_OMEGA_TEORIA_COMPLETA_V1_0/GEOMETRY_OMEGA_TEORIA_COMPLETA_V1_0/11_CODIGO_Y_REPRODUCIBILIDAD/omega_qball_solver.py,.py,850,a08befeab58287ef1acfa4a60d36bfac0f561165182166a1fe5a6d540450aa4f,COVERED,SOURCE_ZIP_INVENTORY_EXTRACTED_EXACT,COVERED,python_ast_and_compile_checked,NOT_APPLICABLE,NOT_APPLICABLE,NOT_APPLICABLE,executed_successfully,,True,COVERED
COV-00816,physical_outer_member,90_FUENTES_INTEGRAS/GEOMETRY_OMEGA_TEORIA_COMPLETA_V1_0/GEOMETRY_OMEGA_TEORIA_COMPLETA_V1_0/12_MANIFIESTOS/00_METADATA.json,.json,459,b866a5f5aab5777f852857ef97b800a5c201bb95c20dc6270e7a3be137ff3b6c,COVERED,SOURCE_ZIP_INVENTORY_EXTRACTED_EXACT,COVERED,json_parsed,NOT_APPLICABLE,NOT_APPLICABLE,NOT_APPLICABLE,NOT_APPLICABLE,,True,COVERED
COV-00817,physical_outer_member,90_FUENTES_INTEGRAS/GEOMETRY_OMEGA_TEORIA_COMPLETA_V1_0/GEOMETRY_OMEGA_TEORIA_COMPLETA_V1_0/12_MANIFIESTOS/01_MANIFIESTO_FUENTES_DEDUPLICADAS.csv,.csv,102464,bfe07220cf441dedf8b1a7e4bf24d60ab9c724e97391671bbf65bbdcb3516258,COVERED,SOURCE_ZIP_INVENTORY_EXTRACTED_EXACT,COVERED,dataset_catalog_recomputed_exact,NOT_APPLICABLE,NOT_APPLICABLE,NOT_APPLICABLE,NOT_APPLICABLE,,True,COVERED
COV-00818,physical_outer_member,90_FUENTES_INTEGRAS/GEOMETRY_OMEGA_TEORIA_COMPLETA_V1_0/GEOMETRY_OMEGA_TEORIA_COMPLETA_V1_0/12_MANIFIESTOS/02_INVENTARIO_COMPLETO_PAQUETE.csv,.csv,127322,ec79ec6ba348d90e6c607018aead2e0c1fa5f786971008ea132f526712616fe2,COVERED,SOURCE_ZIP_INVENTORY_EXTRACTED_EXACT,COVERED,dataset_catalog_recomputed_exact,NOT_APPLICABLE,NOT_APPLICABLE,NOT_APPLICABLE,NOT_APPLICABLE,,True,COVERED
COV-00819,physical_outer_member,90_FUENTES_INTEGRAS/OMEGA_THEORY_V1_1_ENTREGA_01_GEOMETRIA_TRANSICIONES/OMEGA_THEORY_V1_1_ENTREGA_01_GEOMETRIA_TRANSICIONES/00_LEEME.md,.md,463,b48abd1f8789aeb13124d8cfa44d5b74354075ac2c45d94d0208010add869eb5,COVERED,SOURCE_ZIP_INVENTORY_EXTRACTED_EXACT,COVERED,markdown_blocks=4,equation_catalog_occurrences_verified=0,claim_candidates_classified=3,NOT_APPLICABLE,NOT_APPLICABLE,,True,COVERED
COV-00820,physical_outer_member,90_FUENTES_INTEGRAS/OMEGA_THEORY_V1_1_ENTREGA_01_GEOMETRIA_TRANSICIONES/OMEGA_THEORY_V1_1_ENTREGA_01_GEOMETRIA_TRANSICIONES/01_DOCUMENTOS/01_PREGUNTA_ONTOLOGICA.md,.md,382,994c7ac8bca4e9371685f8747d04ceea346913270496723e2bc6a16f635e4d1a,COVERED,SOURCE_ZIP_INVENTORY_EXTRACTED_EXACT,COVERED,markdown_blocks=3,equation_catalog_occurrences_verified=0,claim_candidates_classified=2,NOT_APPLICABLE,NOT_APPLICABLE,,True,COVERED
COV-00821,physical_outer_member,90_FUENTES_INTEGRAS/OMEGA_THEORY_V1_1_ENTREGA_01_GEOMETRIA_TRANSICIONES/OMEGA_THEORY_V1_1_ENTREGA_01_GEOMETRIA_TRANSICIONES/01_DOCUMENTOS/02_DERIVACION_MATEMATICA.md,.md,1189,44326d5ac5c80d9a1dedd051d1989e0fa10376fd7ef8a322b23cbfc66c375ade,COVERED,SOURCE_ZIP_INVENTORY_EXTRACTED_EXACT,COVERED,markdown_blocks=20,equation_catalog_occurrences_verified=8,claim_candidates_classified=11,NOT_APPLICABLE,NOT_APPLICABLE,,True,COVERED
COV-00822,physical_outer_member,90_FUENTES_INTEGRAS/OMEGA_THEORY_V1_1_ENTREGA_01_GEOMETRIA_TRANSICIONES/OMEGA_THEORY_V1_1_ENTREGA_01_GEOMETRIA_TRANSICIONES/01_DOCUMENTOS/03_RESULTADOS_NUMERICOS.md,.md,1000,d90674f498eb7c01f1a1d3a446caab3dc5fff10c38afba3c7f388dc17cce6ecc,COVERED,SOURCE_ZIP_INVENTORY_EXTRACTED_EXACT,COVERED,markdown_blocks=11,equation_catalog_occurrences_verified=1,claim_candidates_classified=5,NOT_APPLICABLE,NOT_APPLICABLE,,True,COVERED
COV-00823,physical_outer_member,90_FUENTES_INTEGRAS/OMEGA_THEORY_V1_1_ENTREGA_01_GEOMETRIA_TRANSICIONES/OMEGA_THEORY_V1_1_ENTREGA_01_GEOMETRIA_TRANSICIONES/01_DOCUMENTOS/04_RESULTADOS_NEGATIVOS.md,.md,300,f140631f5aff255cdabfaba79df0c83d9dc9bbd09c119fa64fb073a725d8c3ed,COVERED,SOURCE_ZIP_INVENTORY_EXTRACTED_EXACT,COVERED,markdown_blocks=2,equation_catalog_occurrences_verified=0,claim_candidates_classified=1,NOT_APPLICABLE,NOT_APPLICABLE,negative_catalog_occurrences=1,True,COVERED_WITH_NEGATIVE_OR_LIMITATION
COV-00824,physical_outer_member,90_FUENTES_INTEGRAS/OMEGA_THEORY_V1_1_ENTREGA_01_GEOMETRIA_TRANSICIONES/OMEGA_THEORY_V1_1_ENTREGA_01_GEOMETRIA_TRANSICIONES/01_DOCUMENTOS/05_DUDAS_ONTOLOGICAS.md,.md,368,4a51230c67629241a649084521706d59c32ddabe036be7d6c6fe522ad772f6e6,COVERED,SOURCE_ZIP_INVENTORY_EXTRACTED_EXACT,COVERED,markdown_blocks=5,equation_catalog_occurrences_verified=0,claim_candidates_classified=0,NOT_APPLICABLE,NOT_APPLICABLE,open_doubt_occurrences=4,True,COVERED_WITH_NEGATIVE_OR_LIMITATION
COV-00825,physical_outer_member,90_FUENTES_INTEGRAS/OMEGA_THEORY_V1_1_ENTREGA_01_GEOMETRIA_TRANSICIONES/OMEGA_THEORY_V1_1_ENTREGA_01_GEOMETRIA_TRANSICIONES/01_DOCUMENTOS/06_COMPARACION_OBSERVACIONAL.md,.md,299,3a49ecb54ca24879749943ab4060fa1974da246dfb7925e6bd9bf072ef93905c,COVERED,SOURCE_ZIP_INVENTORY_EXTRACTED_EXACT,COVERED,markdown_blocks=2,equation_catalog_occurrences_verified=0,claim_candidates_classified=1,NOT_APPLICABLE,NOT_APPLICABLE,,True,COVERED
COV-00826,physical_outer_member,90_FUENTES_INTEGRAS/OMEGA_THEORY_V1_1_ENTREGA_01_GEOMETRIA_TRANSICIONES/OMEGA_THEORY_V1_1_ENTREGA_01_GEOMETRIA_TRANSICIONES/01_DOCUMENTOS/07_SIGUIENTE_PASO.md,.md,246,126d094b6da0ecd1656f173732bf722d89a6b36940a38e715ddcca669ddefb49,COVERED,SOURCE_ZIP_INVENTORY_EXTRACTED_EXACT,COVERED,markdown_blocks=2,equation_catalog_occurrences_verified=0,claim_candidates_classified=1,NOT_APPLICABLE,NOT_APPLICABLE,,True,COVERED
COV-00827,physical_outer_member,90_FUENTES_INTEGRAS/OMEGA_THEORY_V1_1_ENTREGA_01_GEOMETRIA_TRANSICIONES/OMEGA_THEORY_V1_1_ENTREGA_01_GEOMETRIA_TRANSICIONES/02_PRUEBAS_NUMERICAS/TEST_01_MISMO_P_DISTINTA_GEOMETRIA.csv,.csv,1634,8c357dbb996d71b8ccee8327267abc5fa3b7ce405bdb561444be374c970d9352,COVERED,SOURCE_ZIP_INVENTORY_EXTRACTED_EXACT,COVERED,dataset_catalog_recomputed_exact,NOT_APPLICABLE,NOT_APPLICABLE,NOT_APPLICABLE,NOT_APPLICABLE,,True,COVERED
COV-00828,physical_outer_member,90_FUENTES_INTEGRAS/OMEGA_THEORY_V1_1_ENTREGA_01_GEOMETRIA_TRANSICIONES/OMEGA_THEORY_V1_1_ENTREGA_01_GEOMETRIA_TRANSICIONES/02_PRUEBAS_NUMERICAS/TEST_02_GRAFO_VS_HIPERGRAFO.csv,.csv,408,108894fe4666238010bd9433017d5b90f47103d24103c8e164e5f035f7c992dc,COVERED,SOURCE_ZIP_INVENTORY_EXTRACTED_EXACT,COVERED,dataset_catalog_recomputed_exact,NOT_APPLICABLE,NOT_APPLICABLE,NOT_APPLICABLE,NOT_APPLICABLE,,True,COVERED
COV-00829,physical_outer_member,90_FUENTES_INTEGRAS/OMEGA_THEORY_V1_1_ENTREGA_01_GEOMETRIA_TRANSICIONES/OMEGA_THEORY_V1_1_ENTREGA_01_GEOMETRIA_TRANSICIONES/02_PRUEBAS_NUMERICAS/TEST_03_AJUSTE_ESCALAMIENTO.csv,.csv,147,c96f1cd902e3b2a3dda4fdf8f261900d806e570050300c5badc3d4673b17d7ce,COVERED,SOURCE_ZIP_INVENTORY_EXTRACTED_EXACT,COVERED,dataset_catalog_recomputed_exact,NOT_APPLICABLE,NOT_APPLICABLE,NOT_APPLICABLE,NOT_APPLICABLE,,True,COVERED
COV-00830,physical_outer_member,90_FUENTES_INTEGRAS/OMEGA_THEORY_V1_1_ENTREGA_01_GEOMETRIA_TRANSICIONES/OMEGA_THEORY_V1_1_ENTREGA_01_GEOMETRIA_TRANSICIONES/02_PRUEBAS_NUMERICAS/TEST_03_RUPTURA_CONTINUIDAD.csv,.csv,735,7c6b8fbbd382d9dc138723e01ae83271a727de083058297c80aeca0d5a642976,COVERED,SOURCE_ZIP_INVENTORY_EXTRACTED_EXACT,COVERED,dataset_catalog_recomputed_exact,NOT_APPLICABLE,NOT_APPLICABLE,NOT_APPLICABLE,NOT_APPLICABLE,,True,COVERED
COV-00831,physical_outer_member,90_FUENTES_INTEGRAS/OMEGA_THEORY_V1_1_ENTREGA_01_GEOMETRIA_TRANSICIONES/OMEGA_THEORY_V1_1_ENTREGA_01_GEOMETRIA_TRANSICIONES/02_PRUEBAS_NUMERICAS/TEST_04_RED_HOMOGENEA.csv,.csv,89,d61e64a48ddb9d468ac580e3ae2bae909fbec7f0cc88327b9c56f0eeb3407b0a,COVERED,SOURCE_ZIP_INVENTORY_EXTRACTED_EXACT,COVERED,dataset_catalog_recomputed_exact,NOT_APPLICABLE,NOT_APPLICABLE,NOT_APPLICABLE,NOT_APPLICABLE,,True,COVERED
COV-00832,physical_outer_member,90_FUENTES_INTEGRAS/OMEGA_THEORY_V1_1_ENTREGA_01_GEOMETRIA_TRANSICIONES/OMEGA_THEORY_V1_1_ENTREGA_01_GEOMETRIA_TRANSICIONES/03_CODIGO/reproducir_entrega_01.py,.py,12730,fdaf432fa6c48cd3f93307208a36cee5674ac3d2c5b344f26332d74a5fd580e4,COVERED,SOURCE_ZIP_INVENTORY_EXTRACTED_EXACT,COVERED,python_ast_and_compile_checked,NOT_APPLICABLE,NOT_APPLICABLE,NOT_APPLICABLE,execution_failed,code_status=execution_failed,True,COVERED_WITH_NEGATIVE_OR_LIMITATION
COV-00833,physical_outer_member,90_FUENTES_INTEGRAS/OMEGA_THEORY_V1_1_ENTREGA_01_GEOMETRIA_TRANSICIONES/OMEGA_THEORY_V1_1_ENTREGA_01_GEOMETRIA_TRANSICIONES/04_FIGURAS/FIG_01_BRECHA_VS_EPSILON.png,.png,53348,5cb19d3fc9ca890de8ebd2c510817b0535c878a3dc7da86efb24f61f71ec9ad1,COVERED,SOURCE_ZIP_INVENTORY_EXTRACTED_EXACT,COVERED,image_structurally_validated,NOT_APPLICABLE,NOT_APPLICABLE,reviewed_pass,NOT_APPLICABLE,,True,COVERED
COV-00834,physical_outer_member,90_FUENTES_INTEGRAS/OMEGA_THEORY_V1_1_ENTREGA_01_GEOMETRIA_TRANSICIONES/OMEGA_THEORY_V1_1_ENTREGA_01_GEOMETRIA_TRANSICIONES/04_FIGURAS/FIG_02_MEZCLA_VS_EPSILON.png,.png,59243,59047ad0c50636b4fac50e9a49d3972033104263eb6aa04cd58e158b4813b60e,COVERED,SOURCE_ZIP_INVENTORY_EXTRACTED_EXACT,COVERED,image_structurally_validated,NOT_APPLICABLE,NOT_APPLICABLE,reviewed_pass,NOT_APPLICABLE,,True,COVERED
COV-00835,physical_outer_member,90_FUENTES_INTEGRAS/OMEGA_THEORY_V1_1_ENTREGA_01_GEOMETRIA_TRANSICIONES/OMEGA_THEORY_V1_1_ENTREGA_01_GEOMETRIA_TRANSICIONES/05_DATOS/RESUMEN_RESULTADOS.json,.json,842,2e119460d58ced6b688ae54faae9b8234023b2395ea5eb0d98e1d4fdf3ea8ec7,COVERED,SOURCE_ZIP_INVENTORY_EXTRACTED_EXACT,COVERED,json_parsed,NOT_APPLICABLE,NOT_APPLICABLE,NOT_APPLICABLE,NOT_APPLICABLE,,True,COVERED
COV-00836,physical_outer_member,90_FUENTES_INTEGRAS/OMEGA_THEORY_V1_1_ENTREGA_01_GEOMETRIA_TRANSICIONES/OMEGA_THEORY_V1_1_ENTREGA_01_GEOMETRIA_TRANSICIONES/06_MANIFIESTO/MANIFIESTO_ARCHIVOS.csv,.csv,1922,1f99e5301a5b43067a1fb052059fbb66f2245fc22f42277a039808313c6c4f04,COVERED,SOURCE_ZIP_INVENTORY_EXTRACTED_EXACT,COVERED,dataset_catalog_recomputed_exact,NOT_APPLICABLE,NOT_APPLICABLE,NOT_APPLICABLE,NOT_APPLICABLE,,True,COVERED
COV-00837,physical_outer_member,90_FUENTES_INTEGRAS/OMEGA_THEORY_V1_1_ENTREGA_01_GEOMETRIA_TRANSICIONES/OMEGA_THEORY_V1_1_ENTREGA_01_GEOMETRIA_TRANSICIONES/06_MANIFIESTO/METADATA.json,.json,281,450dcfe21c29d3672ab9805bd8748b7c109650c2dafa3d91f633e981c397299e,COVERED,SOURCE_ZIP_INVENTORY_EXTRACTED_EXACT,COVERED,json_parsed,NOT_APPLICABLE,NOT_APPLICABLE,NOT_APPLICABLE,NOT_APPLICABLE,,True,COVERED
COV-00838,physical_outer_member,90_FUENTES_INTEGRAS/OMEGA_THEORY_V1_1_ENTREGA_02_INERCIA_RELACIONAL/OMEGA_THEORY_V1_1_ENTREGA_02_INERCIA_RELACIONAL/00_LEEME.md,.md,1248,c6ae63fa8626bce73553a4d2f7312b990e8f52c552f4b84fb1c7e005f5459b64,COVERED,SOURCE_ZIP_INVENTORY_EXTRACTED_EXACT,COVERED,markdown_blocks=14,equation_catalog_occurrences_verified=1,claim_candidates_classified=9,NOT_APPLICABLE,NOT_APPLICABLE,control_characters=2,True,COVERED_WITH_NEGATIVE_OR_LIMITATION
COV-00839,physical_outer_member,90_FUENTES_INTEGRAS/OMEGA_THEORY_V1_1_ENTREGA_02_INERCIA_RELACIONAL/OMEGA_THEORY_V1_1_ENTREGA_02_INERCIA_RELACIONAL/01_DOCUMENTOS/01_DERIVACION_MATEMATICA.md,.md,1097,2079fb33734427a32903d34e43903c916e18b0d6ce564f74a79308df13dc6feb,COVERED,SOURCE_ZIP_INVENTORY_EXTRACTED_EXACT,COVERED,markdown_blocks=24,equation_catalog_occurrences_verified=7,claim_candidates_classified=11,NOT_APPLICABLE,NOT_APPLICABLE,,True,COVERED
COV-00840,physical_outer_member,90_FUENTES_INTEGRAS/OMEGA_THEORY_V1_1_ENTREGA_02_INERCIA_RELACIONAL/OMEGA_THEORY_V1_1_ENTREGA_02_INERCIA_RELACIONAL/01_DOCUMENTOS/02_RESULTADOS_NUMERICOS.md,.md,6157,9c4d514b8f3e66a1bd87eadcea277c0529108cb6759d0793b7e7fb2f6058e0b5,COVERED,SOURCE_ZIP_INVENTORY_EXTRACTED_EXACT,COVERED,markdown_blocks=22,equation_catalog_occurrences_verified=2,claim_candidates_classified=13,NOT_APPLICABLE,NOT_APPLICABLE,control_characters=2,True,COVERED_WITH_NEGATIVE_OR_LIMITATION
COV-00841,physical_outer_member,90_FUENTES_INTEGRAS/OMEGA_THEORY_V1_1_ENTREGA_02_INERCIA_RELACIONAL/OMEGA_THEORY_V1_1_ENTREGA_02_INERCIA_RELACIONAL/01_DOCUMENTOS/03_RESULTADOS_NEGATIVOS.md,.md,801,7e0abea41f710e7d305ca78ed19682ac964d55f536a82b8f90abe54f08d3bb36,COVERED,SOURCE_ZIP_INVENTORY_EXTRACTED_EXACT,COVERED,markdown_blocks=13,equation_catalog_occurrences_verified=0,claim_candidates_classified=6,NOT_APPLICABLE,NOT_APPLICABLE,negative_catalog_occurrences=1,True,COVERED_WITH_NEGATIVE_OR_LIMITATION
COV-00842,physical_outer_member,90_FUENTES_INTEGRAS/OMEGA_THEORY_V1_1_ENTREGA_02_INERCIA_RELACIONAL/OMEGA_THEORY_V1_1_ENTREGA_02_INERCIA_RELACIONAL/01_DOCUMENTOS/04_DUDAS_ONTOLOGICAS.md,.md,982,8c0adf94dd793466b7bd4dc01b6d0467dfda043ae78b87e83d7c24fc11510311,COVERED,SOURCE_ZIP_INVENTORY_EXTRACTED_EXACT,COVERED,markdown_blocks=14,equation_catalog_occurrences_verified=0,claim_candidates_classified=10,NOT_APPLICABLE,NOT_APPLICABLE,open_doubt_occurrences=3,True,COVERED_WITH_NEGATIVE_OR_LIMITATION
COV-00843,physical_outer_member,90_FUENTES_INTEGRAS/OMEGA_THEORY_V1_1_ENTREGA_02_INERCIA_RELACIONAL/OMEGA_THEORY_V1_1_ENTREGA_02_INERCIA_RELACIONAL/01_DOCUMENTOS/05_SIGUIENTE_PASO.md,.md,778,8a1d8a9f4ed682d9b55f83f7b4275d6e8211497e9a0431e4a70625b61056811b,COVERED,SOURCE_ZIP_INVENTORY_EXTRACTED_EXACT,COVERED,markdown_blocks=13,equation_catalog_occurrences_verified=4,claim_candidates_classified=6,NOT_APPLICABLE,NOT_APPLICABLE,,True,COVERED
COV-00844,physical_outer_member,90_FUENTES_INTEGRAS/OMEGA_THEORY_V1_1_ENTREGA_02_INERCIA_RELACIONAL/OMEGA_THEORY_V1_1_ENTREGA_02_INERCIA_RELACIONAL/02_PRUEBAS_NUMERICAS/TEST_01_CUATRO_DEFINICIONES.csv,.csv,510,f5333171ab288d6e99209b221e4c93572f2e0016219d4209cbc4cf4c5b826975,COVERED,SOURCE_ZIP_INVENTORY_EXTRACTED_EXACT,COVERED,dataset_catalog_recomputed_exact,NOT_APPLICABLE,NOT_APPLICABLE,NOT_APPLICABLE,NOT_APPLICABLE,,True,COVERED
COV-00845,physical_outer_member,90_FUENTES_INTEGRAS/OMEGA_THEORY_V1_1_ENTREGA_02_INERCIA_RELACIONAL/OMEGA_THEORY_V1_1_ENTREGA_02_INERCIA_RELACIONAL/02_PRUEBAS_NUMERICAS/TEST_02_COMPOSICION.csv,.csv,344,6c978af7bcf74cbb3b1aff71471265df58e1d98209fee86145c1774275beaca5,COVERED,SOURCE_ZIP_INVENTORY_EXTRACTED_EXACT,COVERED,dataset_catalog_recomputed_exact,NOT_APPLICABLE,NOT_APPLICABLE,NOT_APPLICABLE,NOT_APPLICABLE,,True,COVERED
COV-00846,physical_outer_member,90_FUENTES_INTEGRAS/OMEGA_THEORY_V1_1_ENTREGA_02_INERCIA_RELACIONAL/OMEGA_THEORY_V1_1_ENTREGA_02_INERCIA_RELACIONAL/02_PRUEBAS_NUMERICAS/TEST_03_COARSE_GRAINING.csv,.csv,381,e465df616546037dcedc8ba6df59e0a5613efd0963ce715b673d80bcd7e39fcd,COVERED,SOURCE_ZIP_INVENTORY_EXTRACTED_EXACT,COVERED,dataset_catalog_recomputed_exact,NOT_APPLICABLE,NOT_APPLICABLE,NOT_APPLICABLE,NOT_APPLICABLE,,True,COVERED
COV-00847,physical_outer_member,90_FUENTES_INTEGRAS/OMEGA_THEORY_V1_1_ENTREGA_02_INERCIA_RELACIONAL/OMEGA_THEORY_V1_1_ENTREGA_02_INERCIA_RELACIONAL/02_PRUEBAS_NUMERICAS/TEST_04_INVARIANCIA_REETIQUETADO.csv,.csv,208,aa9df0176d30d3cba1b3806e4902ecf126db2f43fecd7895036e2a9aee5ac991,COVERED,SOURCE_ZIP_INVENTORY_EXTRACTED_EXACT,COVERED,dataset_catalog_recomputed_exact,NOT_APPLICABLE,NOT_APPLICABLE,NOT_APPLICABLE,NOT_APPLICABLE,,True,COVERED
COV-00848,physical_outer_member,90_FUENTES_INTEGRAS/OMEGA_THEORY_V1_1_ENTREGA_02_INERCIA_RELACIONAL/OMEGA_THEORY_V1_1_ENTREGA_02_INERCIA_RELACIONAL/02_PRUEBAS_NUMERICAS/TEST_05_CORRELACIONES.csv,.csv,807,9bc3ccb055e7e60b29228b75d31b1d9bd99681a41c0905ce957e9ed6b4f1141b,COVERED,SOURCE_ZIP_INVENTORY_EXTRACTED_EXACT,COVERED,dataset_catalog_recomputed_exact,NOT_APPLICABLE,NOT_APPLICABLE,NOT_APPLICABLE,NOT_APPLICABLE,,True,COVERED
COV-00849,physical_outer_member,90_FUENTES_INTEGRAS/OMEGA_THEORY_V1_1_ENTREGA_02_INERCIA_RELACIONAL/OMEGA_THEORY_V1_1_ENTREGA_02_INERCIA_RELACIONAL/02_PRUEBAS_NUMERICAS/TEST_05_ENSEMBLE_POTENCIALIDAD_INERCIA.csv,.csv,43139,0ce45d139555c8cc97141df310ecdcc13bfd11d375df441f7956a61c026462ee,COVERED,SOURCE_ZIP_INVENTORY_EXTRACTED_EXACT,COVERED,dataset_catalog_recomputed_exact,NOT_APPLICABLE,NOT_APPLICABLE,NOT_APPLICABLE,NOT_APPLICABLE,,True,COVERED
COV-00850,physical_outer_member,90_FUENTES_INTEGRAS/OMEGA_THEORY_V1_1_ENTREGA_02_INERCIA_RELACIONAL/OMEGA_THEORY_V1_1_ENTREGA_02_INERCIA_RELACIONAL/03_CODIGO/reproducir_entrega_02.py,.py,519,762564a6f3580ac2e3d83089f0d05b1adf489a6d435cceea51998a3609cb4bc3,COVERED,SOURCE_ZIP_INVENTORY_EXTRACTED_EXACT,COVERED,python_ast_and_compile_checked,NOT_APPLICABLE,NOT_APPLICABLE,NOT_APPLICABLE,executed_successfully,,True,COVERED
COV-00851,physical_outer_member,90_FUENTES_INTEGRAS/OMEGA_THEORY_V1_1_ENTREGA_02_INERCIA_RELACIONAL/OMEGA_THEORY_V1_1_ENTREGA_02_INERCIA_RELACIONAL/04_FIGURAS/FIG_01_P_VS_INERCIA.png,.png,52067,357986a7b2443915153df457d6a8deff1616d6c786897d28c58c74d2238bd04c,COVERED,SOURCE_ZIP_INVENTORY_EXTRACTED_EXACT,COVERED,image_structurally_validated,NOT_APPLICABLE,NOT_APPLICABLE,reviewed_pass,NOT_APPLICABLE,,True,COVERED
COV-00852,physical_outer_member,90_FUENTES_INTEGRAS/OMEGA_THEORY_V1_1_ENTREGA_02_INERCIA_RELACIONAL/OMEGA_THEORY_V1_1_ENTREGA_02_INERCIA_RELACIONAL/04_FIGURAS/FIG_02_INERCIA_DIRECCIONAL.png,.png,52612,91ea5be0147922fcd01fcf9863d96530ed5057fe6570b0c83f0a1cc01214c0bc,COVERED,SOURCE_ZIP_INVENTORY_EXTRACTED_EXACT,COVERED,image_structurally_validated,NOT_APPLICABLE,NOT_APPLICABLE,reviewed_pass,NOT_APPLICABLE,,True,COVERED
COV-00853,physical_outer_member,90_FUENTES_INTEGRAS/OMEGA_THEORY_V1_1_ENTREGA_02_INERCIA_RELACIONAL/OMEGA_THEORY_V1_1_ENTREGA_02_INERCIA_RELACIONAL/04_FIGURAS/FIG_03_COARSE_GRAINING.png,.png,55860,89d45f2db3b1d08bb2639ac5111be30d07653a298dc4ec419a8dd51a46ee965e,COVERED,SOURCE_ZIP_INVENTORY_EXTRACTED_EXACT,COVERED,image_structurally_validated,NOT_APPLICABLE,NOT_APPLICABLE,reviewed_pass,NOT_APPLICABLE,,True,COVERED
COV-00854,physical_outer_member,90_FUENTES_INTEGRAS/OMEGA_THEORY_V1_1_ENTREGA_02_INERCIA_RELACIONAL/OMEGA_THEORY_V1_1_ENTREGA_02_INERCIA_RELACIONAL/05_DATOS/RESUMEN_RESULTADOS.json,.json,2165,99fe24928e920329f08fc4b00bfcd28ce0f709cb11d923a8659c04eec8ad117c,COVERED,SOURCE_ZIP_INVENTORY_EXTRACTED_EXACT,COVERED,json_parsed,NOT_APPLICABLE,NOT_APPLICABLE,NOT_APPLICABLE,NOT_APPLICABLE,,True,COVERED
COV-00855,physical_outer_member,90_FUENTES_INTEGRAS/OMEGA_THEORY_V1_1_ENTREGA_02_INERCIA_RELACIONAL/OMEGA_THEORY_V1_1_ENTREGA_02_INERCIA_RELACIONAL/06_MANIFIESTO/MANIFIESTO_ARCHIVOS.csv,.csv,1925,5f770e84a923a8de64fd6ccf0c798198d61928016ff633c0ccd20e5fe3cf3d04,COVERED,SOURCE_ZIP_INVENTORY_EXTRACTED_EXACT,COVERED,dataset_catalog_recomputed_exact,NOT_APPLICABLE,NOT_APPLICABLE,NOT_APPLICABLE,NOT_APPLICABLE,,True,COVERED
COV-00856,physical_outer_member,90_FUENTES_INTEGRAS/OMEGA_THEORY_V1_1_ENTREGA_02_INERCIA_RELACIONAL/OMEGA_THEORY_V1_1_ENTREGA_02_INERCIA_RELACIONAL/06_MANIFIESTO/METADATA.json,.json,211,8c612e6b97f08e0ef1a3e328ea0be3e7bb55754b1f3e1b8cf800f6334a76a2b3,COVERED,SOURCE_ZIP_INVENTORY_EXTRACTED_EXACT,COVERED,json_parsed,NOT_APPLICABLE,NOT_APPLICABLE,NOT_APPLICABLE,NOT_APPLICABLE,,True,COVERED
COV-00857,physical_outer_member,90_FUENTES_INTEGRAS/OMEGA_THEORY_V1_1_ENTREGA_03_RELOJ_EMERGENTE/OMEGA_THEORY_V1_1_ENTREGA_03_RELOJ_EMERGENTE/00_LEEME.md,.md,1410,13d901906895c323166ee9882bb4cc150511f9d42284b8eb702d36e6f469b71e,COVERED,SOURCE_ZIP_INVENTORY_EXTRACTED_EXACT,COVERED,markdown_blocks=23,equation_catalog_occurrences_verified=6,claim_candidates_classified=12,NOT_APPLICABLE,NOT_APPLICABLE,,True,COVERED
COV-00858,physical_outer_member,90_FUENTES_INTEGRAS/OMEGA_THEORY_V1_1_ENTREGA_03_RELOJ_EMERGENTE/OMEGA_THEORY_V1_1_ENTREGA_03_RELOJ_EMERGENTE/01_DOCUMENTOS/01_DERIVACION_MATEMATICA.md,.md,1366,f0c17a5eadfebc5a25a77bca13e795b26aaef56d4129ef0df28e7f02e5ce4e96,COVERED,SOURCE_ZIP_INVENTORY_EXTRACTED_EXACT,COVERED,markdown_blocks=34,equation_catalog_occurrences_verified=14,claim_candidates_classified=11,NOT_APPLICABLE,NOT_APPLICABLE,,True,COVERED
COV-00859,physical_outer_member,90_FUENTES_INTEGRAS/OMEGA_THEORY_V1_1_ENTREGA_03_RELOJ_EMERGENTE/OMEGA_THEORY_V1_1_ENTREGA_03_RELOJ_EMERGENTE/01_DOCUMENTOS/02_RESULTADOS_NUMERICOS.md,.md,3615,a33b8d7b3dd5ec61c0a6f09042d39d5b82e3865d76a4434bf8c83bc119ec9b74,COVERED,SOURCE_ZIP_INVENTORY_EXTRACTED_EXACT,COVERED,markdown_blocks=29,equation_catalog_occurrences_verified=7,claim_candidates_classified=15,NOT_APPLICABLE,NOT_APPLICABLE,,True,COVERED
COV-00860,physical_outer_member,90_FUENTES_INTEGRAS/OMEGA_THEORY_V1_1_ENTREGA_03_RELOJ_EMERGENTE/OMEGA_THEORY_V1_1_ENTREGA_03_RELOJ_EMERGENTE/01_DOCUMENTOS/03_RESULTADOS_NEGATIVOS.md,.md,870,8d6fe68bcf13bf03f4c295b982cf4af90d49e97777dca11deb43615661301247,COVERED,SOURCE_ZIP_INVENTORY_EXTRACTED_EXACT,COVERED,markdown_blocks=13,equation_catalog_occurrences_verified=0,claim_candidates_classified=6,NOT_APPLICABLE,NOT_APPLICABLE,negative_catalog_occurrences=3,True,COVERED_WITH_NEGATIVE_OR_LIMITATION
COV-00861,physical_outer_member,90_FUENTES_INTEGRAS/OMEGA_THEORY_V1_1_ENTREGA_03_RELOJ_EMERGENTE/OMEGA_THEORY_V1_1_ENTREGA_03_RELOJ_EMERGENTE/01_DOCUMENTOS/04_DUDA_ONTOLOGICA_TICK.md,.md,1350,2d151619d586e1de2d2ec9e4101269dbd212caa8815ec53a7b6badf4af9f2983,COVERED,SOURCE_ZIP_INVENTORY_EXTRACTED_EXACT,COVERED,markdown_blocks=20,equation_catalog_occurrences_verified=1,claim_candidates_classified=12,NOT_APPLICABLE,NOT_APPLICABLE,open_doubt_occurrences=1,True,COVERED_WITH_NEGATIVE_OR_LIMITATION
COV-00862,physical_outer_member,90_FUENTES_INTEGRAS/OMEGA_THEORY_V1_1_ENTREGA_03_RELOJ_EMERGENTE/OMEGA_THEORY_V1_1_ENTREGA_03_RELOJ_EMERGENTE/01_DOCUMENTOS/05_IMPLICACIONES_GRAVEDAD.md,.md,834,ea9a201a0742a8393e76492b6ff88761a746d1fcc2ceee6df6c0cf25a272eef1,COVERED,SOURCE_ZIP_INVENTORY_EXTRACTED_EXACT,COVERED,markdown_blocks=10,equation_catalog_occurrences_verified=2,claim_candidates_classified=7,NOT_APPLICABLE,NOT_APPLICABLE,,True,COVERED
COV-00863,physical_outer_member,90_FUENTES_INTEGRAS/OMEGA_THEORY_V1_1_ENTREGA_03_RELOJ_EMERGENTE/OMEGA_THEORY_V1_1_ENTREGA_03_RELOJ_EMERGENTE/01_DOCUMENTOS/06_SIGUIENTE_PASO.md,.md,625,74004739dfd83643a7f99a4ebe96f3f9bbd8f8238986fd8652a0c9a1f477f78f,COVERED,SOURCE_ZIP_INVENTORY_EXTRACTED_EXACT,COVERED,markdown_blocks=9,equation_catalog_occurrences_verified=0,claim_candidates_classified=5,NOT_APPLICABLE,NOT_APPLICABLE,,True,COVERED
COV-00864,physical_outer_member,90_FUENTES_INTEGRAS/OMEGA_THEORY_V1_1_ENTREGA_03_RELOJ_EMERGENTE/OMEGA_THEORY_V1_1_ENTREGA_03_RELOJ_EMERGENTE/02_PRUEBAS_NUMERICAS/TEST_01_CASOS_CONTROLADOS.csv,.csv,658,1deae282d6a24d9207d9cce564dd9cbaf54acaea25e8cc3b244c2c39370c4d00,COVERED,SOURCE_ZIP_INVENTORY_EXTRACTED_EXACT,COVERED,dataset_catalog_recomputed_exact,NOT_APPLICABLE,NOT_APPLICABLE,NOT_APPLICABLE,NOT_APPLICABLE,,True,COVERED
COV-00865,physical_outer_member,90_FUENTES_INTEGRAS/OMEGA_THEORY_V1_1_ENTREGA_03_RELOJ_EMERGENTE/OMEGA_THEORY_V1_1_ENTREGA_03_RELOJ_EMERGENTE/02_PRUEBAS_NUMERICAS/TEST_02_CORRELACIONES_SPEARMAN.csv,.csv,907,93bef77b87db449bd158e19e09073cea5f139800a48408b1e480f06519a5c7ed,COVERED,SOURCE_ZIP_INVENTORY_EXTRACTED_EXACT,COVERED,dataset_catalog_recomputed_exact,NOT_APPLICABLE,NOT_APPLICABLE,NOT_APPLICABLE,NOT_APPLICABLE,,True,COVERED
COV-00866,physical_outer_member,90_FUENTES_INTEGRAS/OMEGA_THEORY_V1_1_ENTREGA_03_RELOJ_EMERGENTE/OMEGA_THEORY_V1_1_ENTREGA_03_RELOJ_EMERGENTE/02_PRUEBAS_NUMERICAS/TEST_02_MALLA_ACTIVIDAD_ESCAPE.csv,.csv,84288,0211af89f9e9daa6f25a4c8b6d39ddba777267ae34174753cbeeae9fc252cfe8,COVERED,SOURCE_ZIP_INVENTORY_EXTRACTED_EXACT,COVERED,dataset_catalog_recomputed_exact,NOT_APPLICABLE,NOT_APPLICABLE,NOT_APPLICABLE,NOT_APPLICABLE,,True,COVERED
COV-00867,physical_outer_member,90_FUENTES_INTEGRAS/OMEGA_THEORY_V1_1_ENTREGA_03_RELOJ_EMERGENTE/OMEGA_THEORY_V1_1_ENTREGA_03_RELOJ_EMERGENTE/02_PRUEBAS_NUMERICAS/TEST_03_RELOJ_OCULTO_COARSE_GRAINING.csv,.csv,439,acbc5ac2bcd738b8932677461d07ca8a2c924dc1cecd596a1b4f5e130b0cc4a1,COVERED,SOURCE_ZIP_INVENTORY_EXTRACTED_EXACT,COVERED,dataset_catalog_recomputed_exact,NOT_APPLICABLE,NOT_APPLICABLE,NOT_APPLICABLE,NOT_APPLICABLE,,True,COVERED
COV-00868,physical_outer_member,90_FUENTES_INTEGRAS/OMEGA_THEORY_V1_1_ENTREGA_03_RELOJ_EMERGENTE/OMEGA_THEORY_V1_1_ENTREGA_03_RELOJ_EMERGENTE/02_PRUEBAS_NUMERICAS/TEST_04_CRITERIOS_RELOJ.csv,.csv,720,f546614944718bb739bdb78591a5aa643ac7152852567144da34d808e2822cda,COVERED,SOURCE_ZIP_INVENTORY_EXTRACTED_EXACT,COVERED,dataset_catalog_recomputed_exact,NOT_APPLICABLE,NOT_APPLICABLE,NOT_APPLICABLE,NOT_APPLICABLE,,True,COVERED
COV-00869,physical_outer_member,90_FUENTES_INTEGRAS/OMEGA_THEORY_V1_1_ENTREGA_03_RELOJ_EMERGENTE/OMEGA_THEORY_V1_1_ENTREGA_03_RELOJ_EMERGENTE/02_PRUEBAS_NUMERICAS/TEST_05_MISMO_P_DISTINTOS_RELOJES.csv,.csv,691,d2ff98e108a1dea6f95766f0ca00807ca6ca613ac0cf90822c0e2bec13701f4a,COVERED,SOURCE_ZIP_INVENTORY_EXTRACTED_EXACT,COVERED,dataset_catalog_recomputed_exact,NOT_APPLICABLE,NOT_APPLICABLE,NOT_APPLICABLE,NOT_APPLICABLE,,True,COVERED
COV-00870,physical_outer_member,90_FUENTES_INTEGRAS/OMEGA_THEORY_V1_1_ENTREGA_03_RELOJ_EMERGENTE/OMEGA_THEORY_V1_1_ENTREGA_03_RELOJ_EMERGENTE/02_PRUEBAS_NUMERICAS/TEST_06_LEY_SUPERVIVENCIA.csv,.csv,323,9af179f40597f75677cc74ae978b4218feb2f9f9f0e596a47d6a2498db62d3e6,COVERED,SOURCE_ZIP_INVENTORY_EXTRACTED_EXACT,COVERED,dataset_catalog_recomputed_exact,NOT_APPLICABLE,NOT_APPLICABLE,NOT_APPLICABLE,NOT_APPLICABLE,,True,COVERED
COV-00871,physical_outer_member,90_FUENTES_INTEGRAS/OMEGA_THEORY_V1_1_ENTREGA_03_RELOJ_EMERGENTE/OMEGA_THEORY_V1_1_ENTREGA_03_RELOJ_EMERGENTE/03_CODIGO/reproducir_entrega_03.py,.py,577,046bcea951a0e3d1fa71d8626f39aa20f1fca7b158b8687cd0731d83762d9e76,COVERED,SOURCE_ZIP_INVENTORY_EXTRACTED_EXACT,COVERED,python_ast_and_compile_checked,NOT_APPLICABLE,NOT_APPLICABLE,NOT_APPLICABLE,executed_successfully,,True,COVERED
COV-00872,physical_outer_member,90_FUENTES_INTEGRAS/OMEGA_THEORY_V1_1_ENTREGA_03_RELOJ_EMERGENTE/OMEGA_THEORY_V1_1_ENTREGA_03_RELOJ_EMERGENTE/04_FIGURAS/FIG_01_ACTIVIDAD_INTERNA.png,.png,67801,8c2d6ad981d74fa6532423edac7de645598a552695f70865249c32bd488d37e3,COVERED,SOURCE_ZIP_INVENTORY_EXTRACTED_EXACT,COVERED,image_structurally_validated,NOT_APPLICABLE,NOT_APPLICABLE,reviewed_pass,NOT_APPLICABLE,,True,COVERED
COV-00873,physical_outer_member,90_FUENTES_INTEGRAS/OMEGA_THEORY_V1_1_ENTREGA_03_RELOJ_EMERGENTE/OMEGA_THEORY_V1_1_ENTREGA_03_RELOJ_EMERGENTE/04_FIGURAS/FIG_02_VIDA_IDENTIDAD.png,.png,70086,f1edd16585d5816a7e820a2abf9ebcb64e6ca76d1c53eb62ebb4133dee764ec3,COVERED,SOURCE_ZIP_INVENTORY_EXTRACTED_EXACT,COVERED,image_structurally_validated,NOT_APPLICABLE,NOT_APPLICABLE,reviewed_pass,NOT_APPLICABLE,,True,COVERED
COV-00874,physical_outer_member,90_FUENTES_INTEGRAS/OMEGA_THEORY_V1_1_ENTREGA_03_RELOJ_EMERGENTE/OMEGA_THEORY_V1_1_ENTREGA_03_RELOJ_EMERGENTE/04_FIGURAS/FIG_03_RELOJ_OCULTO.png,.png,59998,02fa76945312ace77db6ff54faa99b1d9a42263eb358e6798d0c7355272d1d45,COVERED,SOURCE_ZIP_INVENTORY_EXTRACTED_EXACT,COVERED,image_structurally_validated,NOT_APPLICABLE,NOT_APPLICABLE,reviewed_pass,NOT_APPLICABLE,,True,COVERED
COV-00875,physical_outer_member,90_FUENTES_INTEGRAS/OMEGA_THEORY_V1_1_ENTREGA_03_RELOJ_EMERGENTE/OMEGA_THEORY_V1_1_ENTREGA_03_RELOJ_EMERGENTE/04_FIGURAS/FIG_04_SUPERVIVENCIA.png,.png,68710,c2223efdf481260c21aaecee575a96fee6e3f437653df95a45489e48c51a56b1,COVERED,SOURCE_ZIP_INVENTORY_EXTRACTED_EXACT,COVERED,image_structurally_validated,NOT_APPLICABLE,NOT_APPLICABLE,reviewed_pass,NOT_APPLICABLE,,True,COVERED
COV-00876,physical_outer_member,90_FUENTES_INTEGRAS/OMEGA_THEORY_V1_1_ENTREGA_03_RELOJ_EMERGENTE/OMEGA_THEORY_V1_1_ENTREGA_03_RELOJ_EMERGENTE/05_DATOS/RESUMEN_RESULTADOS.json,.json,610,f86270c020e29041fff7cb2a882d7c7430cbbb692e8d7bea7ae90df5bf7efdb6,COVERED,SOURCE_ZIP_INVENTORY_EXTRACTED_EXACT,COVERED,json_parsed,NOT_APPLICABLE,NOT_APPLICABLE,NOT_APPLICABLE,NOT_APPLICABLE,,True,COVERED
COV-00877,physical_outer_member,90_FUENTES_INTEGRAS/OMEGA_THEORY_V1_1_ENTREGA_03_RELOJ_EMERGENTE/OMEGA_THEORY_V1_1_ENTREGA_03_RELOJ_EMERGENTE/06_MANIFIESTO/MANIFIESTO_ARCHIVOS.csv,.csv,2281,22fae9fe1fd5e55c91adaee1112318c0c666036f5b48b15bcc7f6a208d01275f,COVERED,SOURCE_ZIP_INVENTORY_EXTRACTED_EXACT,COVERED,dataset_catalog_recomputed_exact,NOT_APPLICABLE,NOT_APPLICABLE,NOT_APPLICABLE,NOT_APPLICABLE,,True,COVERED
COV-00878,physical_outer_member,90_FUENTES_INTEGRAS/OMEGA_THEORY_V1_1_ENTREGA_03_RELOJ_EMERGENTE/OMEGA_THEORY_V1_1_ENTREGA_03_RELOJ_EMERGENTE/06_MANIFIESTO/METADATA.json,.json,208,5c3b4740aa10d16d3a5810d6d08f6ff910096fad57dbcd4b0339733c17b85678,COVERED,SOURCE_ZIP_INVENTORY_EXTRACTED_EXACT,COVERED,json_parsed,NOT_APPLICABLE,NOT_APPLICABLE,NOT_APPLICABLE,NOT_APPLICABLE,,True,COVERED
COV-00879,physical_outer_member,90_FUENTES_INTEGRAS/OMEGA_THEORY_V1_1_ENTREGA_04_RELOJES_OPERACIONALES/OMEGA_THEORY_V1_1_ENTREGA_04_RELOJES_OPERACIONALES/00_LEEME.md,.md,1097,6dcd5367162fe50d4e95071bb2634d6cc65019b0a1e17b7faab12a039229bf4a,COVERED,SOURCE_ZIP_INVENTORY_EXTRACTED_EXACT,COVERED,markdown_blocks=16,equation_catalog_occurrences_verified=2,claim_candidates_classified=10,NOT_APPLICABLE,NOT_APPLICABLE,,True,COVERED
COV-00880,physical_outer_member,90_FUENTES_INTEGRAS/OMEGA_THEORY_V1_1_ENTREGA_04_RELOJES_OPERACIONALES/OMEGA_THEORY_V1_1_ENTREGA_04_RELOJES_OPERACIONALES/01_DOCUMENTOS/01_DERIVACION_MATEMATICA.md,.md,1263,8162678781c1884e89813978d3449ba56c023a87d11ae58862ce461893890eef,COVERED,SOURCE_ZIP_INVENTORY_EXTRACTED_EXACT,COVERED,markdown_blocks=35,equation_catalog_occurrences_verified=15,claim_candidates_classified=14,NOT_APPLICABLE,NOT_APPLICABLE,,True,COVERED
COV-00881,physical_outer_member,90_FUENTES_INTEGRAS/OMEGA_THEORY_V1_1_ENTREGA_04_RELOJES_OPERACIONALES/OMEGA_THEORY_V1_1_ENTREGA_04_RELOJES_OPERACIONALES/01_DOCUMENTOS/02_RESULTADOS_NUMERICOS.md,.md,10424,ca6335bcadab983bb870be0a2888be3a74277a5a602d793f2490bea82796cd05,COVERED,SOURCE_ZIP_INVENTORY_EXTRACTED_EXACT,COVERED,markdown_blocks=24,equation_catalog_occurrences_verified=2,claim_candidates_classified=15,NOT_APPLICABLE,NOT_APPLICABLE,,True,COVERED
COV-00882,physical_outer_member,90_FUENTES_INTEGRAS/OMEGA_THEORY_V1_1_ENTREGA_04_RELOJES_OPERACIONALES/OMEGA_THEORY_V1_1_ENTREGA_04_RELOJES_OPERACIONALES/01_DOCUMENTOS/03_RESULTADOS_NEGATIVOS.md,.md,766,4bc191b5d854bdcf06b4fd53c081b5b7edcd9c3321984ce552d5d6114ac252f1,COVERED,SOURCE_ZIP_INVENTORY_EXTRACTED_EXACT,COVERED,markdown_blocks=13,equation_catalog_occurrences_verified=0,claim_candidates_classified=6,NOT_APPLICABLE,NOT_APPLICABLE,negative_catalog_occurrences=2,True,COVERED_WITH_NEGATIVE_OR_LIMITATION
COV-00883,physical_outer_member,90_FUENTES_INTEGRAS/OMEGA_THEORY_V1_1_ENTREGA_04_RELOJES_OPERACIONALES/OMEGA_THEORY_V1_1_ENTREGA_04_RELOJES_OPERACIONALES/01_DOCUMENTOS/04_DUDA_ONTOLOGICA.md,.md,1148,cfe5e326e61e5b9137d839fdeb646a2cf54cf640437c8fc967257cb0ea175b33,COVERED,SOURCE_ZIP_INVENTORY_EXTRACTED_EXACT,COVERED,markdown_blocks=17,equation_catalog_occurrences_verified=0,claim_candidates_classified=10,NOT_APPLICABLE,NOT_APPLICABLE,open_doubt_occurrences=1,True,COVERED_WITH_NEGATIVE_OR_LIMITATION
COV-00884,physical_outer_member,90_FUENTES_INTEGRAS/OMEGA_THEORY_V1_1_ENTREGA_04_RELOJES_OPERACIONALES/OMEGA_THEORY_V1_1_ENTREGA_04_RELOJES_OPERACIONALES/01_DOCUMENTOS/05_IMPLICACION_DILATACION.md,.md,712,d25a0d3e471dfed27bb9bf1412d9d9b6b5f770aa92e3ec97d17875ae20d7d419,COVERED,SOURCE_ZIP_INVENTORY_EXTRACTED_EXACT,COVERED,markdown_blocks=10,equation_catalog_occurrences_verified=2,claim_candidates_classified=7,NOT_APPLICABLE,NOT_APPLICABLE,,True,COVERED
COV-00885,physical_outer_member,90_FUENTES_INTEGRAS/OMEGA_THEORY_V1_1_ENTREGA_04_RELOJES_OPERACIONALES/OMEGA_THEORY_V1_1_ENTREGA_04_RELOJES_OPERACIONALES/01_DOCUMENTOS/06_SIGUIENTE_PASO.md,.md,764,9af9bd9b83488aa97a7cd9fd2c9c8d12e95f96c4d3d4ff031f3e8d5b8f490651,COVERED,SOURCE_ZIP_INVENTORY_EXTRACTED_EXACT,COVERED,markdown_blocks=13,equation_catalog_occurrences_verified=3,claim_candidates_classified=3,NOT_APPLICABLE,NOT_APPLICABLE,,True,COVERED
COV-00886,physical_outer_member,90_FUENTES_INTEGRAS/OMEGA_THEORY_V1_1_ENTREGA_04_RELOJES_OPERACIONALES/OMEGA_THEORY_V1_1_ENTREGA_04_RELOJES_OPERACIONALES/02_PRUEBAS_NUMERICAS/TEST_01_ACTIVIDAD_VS_MEMORIA.csv,.csv,218,d97fd77f5ad13d227ae324e3a0901d552ac01c07f811219486a7157510ad0c35,COVERED,SOURCE_ZIP_INVENTORY_EXTRACTED_EXACT,COVERED,dataset_catalog_recomputed_exact,NOT_APPLICABLE,NOT_APPLICABLE,NOT_APPLICABLE,NOT_APPLICABLE,,True,COVERED
COV-00887,physical_outer_member,90_FUENTES_INTEGRAS/OMEGA_THEORY_V1_1_ENTREGA_04_RELOJES_OPERACIONALES/OMEGA_THEORY_V1_1_ENTREGA_04_RELOJES_OPERACIONALES/02_PRUEBAS_NUMERICAS/TEST_02_OBSERVADOR_RESOLUCION_FINITA.csv,.csv,11534,d48a468c8fc5e22633cd034557feb35b34ab95d4770367c4293a25c103bcf6a8,COVERED,SOURCE_ZIP_INVENTORY_EXTRACTED_EXACT,COVERED,dataset_catalog_recomputed_exact,NOT_APPLICABLE,NOT_APPLICABLE,NOT_APPLICABLE,NOT_APPLICABLE,,True,COVERED
COV-00888,physical_outer_member,90_FUENTES_INTEGRAS/OMEGA_THEORY_V1_1_ENTREGA_04_RELOJES_OPERACIONALES/OMEGA_THEORY_V1_1_ENTREGA_04_RELOJES_OPERACIONALES/02_PRUEBAS_NUMERICAS/TEST_03_MEMORIA_IRREVERSIBLE.csv,.csv,500,8d3b22d1f9b9172a16cfcbf6e6537b906a31cbcd35116c697218690a4594865b,COVERED,SOURCE_ZIP_INVENTORY_EXTRACTED_EXACT,COVERED,dataset_catalog_recomputed_exact,NOT_APPLICABLE,NOT_APPLICABLE,NOT_APPLICABLE,NOT_APPLICABLE,,True,COVERED
COV-00889,physical_outer_member,90_FUENTES_INTEGRAS/OMEGA_THEORY_V1_1_ENTREGA_04_RELOJES_OPERACIONALES/OMEGA_THEORY_V1_1_ENTREGA_04_RELOJES_OPERACIONALES/02_PRUEBAS_NUMERICAS/TEST_04_RELOJ_JERARQUICO.csv,.csv,479,79a4ab20b3e74c83b310d63081867ee60a846ed0a5ee8eb239c5895e6d12c790,COVERED,SOURCE_ZIP_INVENTORY_EXTRACTED_EXACT,COVERED,dataset_catalog_recomputed_exact,NOT_APPLICABLE,NOT_APPLICABLE,NOT_APPLICABLE,NOT_APPLICABLE,,True,COVERED
COV-00890,physical_outer_member,90_FUENTES_INTEGRAS/OMEGA_THEORY_V1_1_ENTREGA_04_RELOJES_OPERACIONALES/OMEGA_THEORY_V1_1_ENTREGA_04_RELOJES_OPERACIONALES/02_PRUEBAS_NUMERICAS/TEST_05_GRADIENTE_TASA_LOCAL.csv,.csv,1678,8256d9cce23bf4b4ad4565871b3fa6094eff80e39a5cd666eae821f45c083c74,COVERED,SOURCE_ZIP_INVENTORY_EXTRACTED_EXACT,COVERED,dataset_catalog_recomputed_exact,NOT_APPLICABLE,NOT_APPLICABLE,NOT_APPLICABLE,NOT_APPLICABLE,,True,COVERED
COV-00891,physical_outer_member,90_FUENTES_INTEGRAS/OMEGA_THEORY_V1_1_ENTREGA_04_RELOJES_OPERACIONALES/OMEGA_THEORY_V1_1_ENTREGA_04_RELOJES_OPERACIONALES/02_PRUEBAS_NUMERICAS/TEST_06_FUNCIONALES_TIEMPO_PROPIO.csv,.csv,1045,dd21e7c108b7928e16bfb8b237fe6df363fe9186c2dafcb856069a8a1e8773f0,COVERED,SOURCE_ZIP_INVENTORY_EXTRACTED_EXACT,COVERED,dataset_catalog_recomputed_exact,NOT_APPLICABLE,NOT_APPLICABLE,NOT_APPLICABLE,NOT_APPLICABLE,,True,COVERED
COV-00892,physical_outer_member,90_FUENTES_INTEGRAS/OMEGA_THEORY_V1_1_ENTREGA_04_RELOJES_OPERACIONALES/OMEGA_THEORY_V1_1_ENTREGA_04_RELOJES_OPERACIONALES/02_PRUEBAS_NUMERICAS/TEST_07_MATRIZ_CRITERIOS.csv,.csv,502,f7c903e8cd262cfe2c7f62ba06403b5b32db6db319fa604ec407b16161a780d3,COVERED,SOURCE_ZIP_INVENTORY_EXTRACTED_EXACT,COVERED,dataset_catalog_recomputed_exact,NOT_APPLICABLE,NOT_APPLICABLE,NOT_APPLICABLE,NOT_APPLICABLE,,True,COVERED
COV-00893,physical_outer_member,90_FUENTES_INTEGRAS/OMEGA_THEORY_V1_1_ENTREGA_04_RELOJES_OPERACIONALES/OMEGA_THEORY_V1_1_ENTREGA_04_RELOJES_OPERACIONALES/03_CODIGO/reproducir_entrega_04.py,.py,289,1e36cbd6051c5d04bbd129b8e848b551c07790b297874e0cec185dcd0e0629bc,COVERED,SOURCE_ZIP_INVENTORY_EXTRACTED_EXACT,COVERED,python_ast_and_compile_checked,NOT_APPLICABLE,NOT_APPLICABLE,NOT_APPLICABLE,executed_successfully,,True,COVERED
COV-00894,physical_outer_member,90_FUENTES_INTEGRAS/OMEGA_THEORY_V1_1_ENTREGA_04_RELOJES_OPERACIONALES/OMEGA_THEORY_V1_1_ENTREGA_04_RELOJES_OPERACIONALES/04_FIGURAS/FIG_01_VISIBILIDAD_OBSERVADOR.png,.png,103889,e51724c420b283e0f9e91d0b9900069c50fd1de45d9704c6e40fd6ce9d043b52,COVERED,SOURCE_ZIP_INVENTORY_EXTRACTED_EXACT,COVERED,image_structurally_validated,NOT_APPLICABLE,NOT_APPLICABLE,reviewed_pass,NOT_APPLICABLE,,True,COVERED
COV-00895,physical_outer_member,90_FUENTES_INTEGRAS/OMEGA_THEORY_V1_1_ENTREGA_04_RELOJES_OPERACIONALES/OMEGA_THEORY_V1_1_ENTREGA_04_RELOJES_OPERACIONALES/04_FIGURAS/FIG_02_MEMORIA_Y_BORRADO.png,.png,77018,06a9acdc5e0b2480268a2a005603af1ee1aa40e5504e7c64a77e166ac76d23c1,COVERED,SOURCE_ZIP_INVENTORY_EXTRACTED_EXACT,COVERED,image_structurally_validated,NOT_APPLICABLE,NOT_APPLICABLE,reviewed_pass,NOT_APPLICABLE,,True,COVERED
COV-00896,physical_outer_member,90_FUENTES_INTEGRAS/OMEGA_THEORY_V1_1_ENTREGA_04_RELOJES_OPERACIONALES/OMEGA_THEORY_V1_1_ENTREGA_04_RELOJES_OPERACIONALES/04_FIGURAS/FIG_03_GRADIENTE_RELOJ.png,.png,53798,d47f0cb31690f5db3da25b68bd6148f7ebc747df4c80b4c585020b577b37b89a,COVERED,SOURCE_ZIP_INVENTORY_EXTRACTED_EXACT,COVERED,image_structurally_validated,NOT_APPLICABLE,NOT_APPLICABLE,reviewed_pass,NOT_APPLICABLE,,True,COVERED
COV-00897,physical_outer_member,90_FUENTES_INTEGRAS/OMEGA_THEORY_V1_1_ENTREGA_04_RELOJES_OPERACIONALES/OMEGA_THEORY_V1_1_ENTREGA_04_RELOJES_OPERACIONALES/04_FIGURAS/FIG_04_FUNCIONALES_RELOJ.png,.png,59921,1f212874d85bad85d4830fbb7cdd8fbb2259d33608b46aa0687541dbc3af34fb,COVERED,SOURCE_ZIP_INVENTORY_EXTRACTED_EXACT,COVERED,image_structurally_validated,NOT_APPLICABLE,NOT_APPLICABLE,reviewed_pass,NOT_APPLICABLE,,True,COVERED
COV-00898,physical_outer_member,90_FUENTES_INTEGRAS/OMEGA_THEORY_V1_1_ENTREGA_04_RELOJES_OPERACIONALES/OMEGA_THEORY_V1_1_ENTREGA_04_RELOJES_OPERACIONALES/05_DATOS/RESUMEN_RESULTADOS.json,.json,399,2ecf6d12bd3fc03d2ff29b94b76121a5cf9d814ede8d071118e989356a102310,COVERED,SOURCE_ZIP_INVENTORY_EXTRACTED_EXACT,COVERED,json_parsed,NOT_APPLICABLE,NOT_APPLICABLE,NOT_APPLICABLE,NOT_APPLICABLE,,True,COVERED
COV-00899,physical_outer_member,90_FUENTES_INTEGRAS/OMEGA_THEORY_V1_1_ENTREGA_04_RELOJES_OPERACIONALES/OMEGA_THEORY_V1_1_ENTREGA_04_RELOJES_OPERACIONALES/06_MANIFIESTO/MANIFIESTO_ARCHIVOS.csv,.csv,2294,02e48acf8c82b2f3783278eb3d5b3e7c59830f515d6f4529ad5e385cdd9eae36,COVERED,SOURCE_ZIP_INVENTORY_EXTRACTED_EXACT,COVERED,dataset_catalog_recomputed_exact,NOT_APPLICABLE,NOT_APPLICABLE,NOT_APPLICABLE,NOT_APPLICABLE,,True,COVERED
COV-00900,physical_outer_member,90_FUENTES_INTEGRAS/OMEGA_THEORY_V1_1_ENTREGA_04_RELOJES_OPERACIONALES/OMEGA_THEORY_V1_1_ENTREGA_04_RELOJES_OPERACIONALES/06_MANIFIESTO/METADATA.json,.json,214,351f0040140b99a9ae4e23ce11594d8e0962900d35f7acc220a44c76695816f0,COVERED,SOURCE_ZIP_INVENTORY_EXTRACTED_EXACT,COVERED,json_parsed,NOT_APPLICABLE,NOT_APPLICABLE,NOT_APPLICABLE,NOT_APPLICABLE,,True,COVERED
COV-00901,physical_outer_member,90_FUENTES_INTEGRAS/OMEGA_THEORY_V1_1_ENTREGA_05_TRAYECTORIAS_GRADIENTES/OMEGA_THEORY_V1_1_ENTREGA_05_TRAYECTORIAS_GRADIENTES/00_LEEME.md,.md,1398,9611c262b1cb832156014f326bcc4857dae1448c77c01afb2ff0765ab144fb79,COVERED,SOURCE_ZIP_INVENTORY_EXTRACTED_EXACT,COVERED,markdown_blocks=21,equation_catalog_occurrences_verified=4,claim_candidates_classified=9,NOT_APPLICABLE,NOT_APPLICABLE,negative_catalog_occurrences=1,True,COVERED_WITH_NEGATIVE_OR_LIMITATION
COV-00902,physical_outer_member,90_FUENTES_INTEGRAS/OMEGA_THEORY_V1_1_ENTREGA_05_TRAYECTORIAS_GRADIENTES/OMEGA_THEORY_V1_1_ENTREGA_05_TRAYECTORIAS_GRADIENTES/01_DOCUMENTOS/01_DERIVACION_MATEMATICA.md,.md,1367,3129139ce38fe69e7af68146231e0e09bdf92e02b69d27dd6716881ba2ce999e,COVERED,SOURCE_ZIP_INVENTORY_EXTRACTED_EXACT,COVERED,markdown_blocks=32,equation_catalog_occurrences_verified=12,claim_candidates_classified=14,NOT_APPLICABLE,NOT_APPLICABLE,,True,COVERED
COV-00903,physical_outer_member,90_FUENTES_INTEGRAS/OMEGA_THEORY_V1_1_ENTREGA_05_TRAYECTORIAS_GRADIENTES/OMEGA_THEORY_V1_1_ENTREGA_05_TRAYECTORIAS_GRADIENTES/01_DOCUMENTOS/02_RESULTADOS_NUMERICOS.md,.md,5998,9d0e2270d291f4b257e84515d4a96d623e5b78093b234e3d743cfc8afd1508c8,COVERED,SOURCE_ZIP_INVENTORY_EXTRACTED_EXACT,COVERED,markdown_blocks=31,equation_catalog_occurrences_verified=5,claim_candidates_classified=17,NOT_APPLICABLE,NOT_APPLICABLE,,True,COVERED
COV-00904,physical_outer_member,90_FUENTES_INTEGRAS/OMEGA_THEORY_V1_1_ENTREGA_05_TRAYECTORIAS_GRADIENTES/OMEGA_THEORY_V1_1_ENTREGA_05_TRAYECTORIAS_GRADIENTES/01_DOCUMENTOS/03_RESULTADOS_NEGATIVOS.md,.md,1049,06ed349372b310a884394cd006559999c5cbfd569fa662fb44d6103f7cf571b7,COVERED,SOURCE_ZIP_INVENTORY_EXTRACTED_EXACT,COVERED,markdown_blocks=15,equation_catalog_occurrences_verified=1,claim_candidates_classified=7,NOT_APPLICABLE,NOT_APPLICABLE,negative_catalog_occurrences=1,True,COVERED_WITH_NEGATIVE_OR_LIMITATION
COV-00905,physical_outer_member,90_FUENTES_INTEGRAS/OMEGA_THEORY_V1_1_ENTREGA_05_TRAYECTORIAS_GRADIENTES/OMEGA_THEORY_V1_1_ENTREGA_05_TRAYECTORIAS_GRADIENTES/01_DOCUMENTOS/04_DUDAS_ONTOLOGICAS.md,.md,1175,b6ac2d37fd21731f8434e9c7627a1c2044c521d96c84b726502290e88bcb4285,COVERED,SOURCE_ZIP_INVENTORY_EXTRACTED_EXACT,COVERED,markdown_blocks=16,equation_catalog_occurrences_verified=2,claim_candidates_classified=9,NOT_APPLICABLE,NOT_APPLICABLE,open_doubt_occurrences=4,True,COVERED_WITH_NEGATIVE_OR_LIMITATION
COV-00906,physical_outer_member,90_FUENTES_INTEGRAS/OMEGA_THEORY_V1_1_ENTREGA_05_TRAYECTORIAS_GRADIENTES/OMEGA_THEORY_V1_1_ENTREGA_05_TRAYECTORIAS_GRADIENTES/01_DOCUMENTOS/05_IMPLICACION_UNIFICACION.md,.md,925,641cdc8f8b4810c952e8ae2c57757a18cda5bb74caa86c1e6b691a1caa39c53d,COVERED,SOURCE_ZIP_INVENTORY_EXTRACTED_EXACT,COVERED,markdown_blocks=14,equation_catalog_occurrences_verified=4,claim_candidates_classified=9,NOT_APPLICABLE,NOT_APPLICABLE,,True,COVERED
COV-00907,physical_outer_member,90_FUENTES_INTEGRAS/OMEGA_THEORY_V1_1_ENTREGA_05_TRAYECTORIAS_GRADIENTES/OMEGA_THEORY_V1_1_ENTREGA_05_TRAYECTORIAS_GRADIENTES/01_DOCUMENTOS/06_SIGUIENTE_PASO.md,.md,764,baeeb8ffec29922cc96e173175e159ee3c1d98a950206ac1991d994384ce6986,COVERED,SOURCE_ZIP_INVENTORY_EXTRACTED_EXACT,COVERED,markdown_blocks=14,equation_catalog_occurrences_verified=2,claim_candidates_classified=6,NOT_APPLICABLE,NOT_APPLICABLE,,True,COVERED
COV-00908,physical_outer_member,90_FUENTES_INTEGRAS/OMEGA_THEORY_V1_1_ENTREGA_05_TRAYECTORIAS_GRADIENTES/OMEGA_THEORY_V1_1_ENTREGA_05_TRAYECTORIAS_GRADIENTES/02_PRUEBAS_NUMERICAS/TEST_01_MEDIO_HOMOGENEO.csv,.csv,501,2fdeb19271fdd618faad470df2057711ed93fedb6f2e42b1c4eb0a78f650bfc2,COVERED,SOURCE_ZIP_INVENTORY_EXTRACTED_EXACT,COVERED,dataset_catalog_recomputed_exact,NOT_APPLICABLE,NOT_APPLICABLE,NOT_APPLICABLE,NOT_APPLICABLE,,True,COVERED
COV-00909,physical_outer_member,90_FUENTES_INTEGRAS/OMEGA_THEORY_V1_1_ENTREGA_05_TRAYECTORIAS_GRADIENTES/OMEGA_THEORY_V1_1_ENTREGA_05_TRAYECTORIAS_GRADIENTES/02_PRUEBAS_NUMERICAS/TEST_02_COMPARACION_PRINCIPIOS.csv,.csv,437,ec7105223e6b2b5d5bf741ee1a68b9ced208e5be343b4c3c87d7bb9ba81585c5,COVERED,SOURCE_ZIP_INVENTORY_EXTRACTED_EXACT,COVERED,dataset_catalog_recomputed_exact,NOT_APPLICABLE,NOT_APPLICABLE,NOT_APPLICABLE,NOT_APPLICABLE,,True,COVERED
COV-00910,physical_outer_member,90_FUENTES_INTEGRAS/OMEGA_THEORY_V1_1_ENTREGA_05_TRAYECTORIAS_GRADIENTES/OMEGA_THEORY_V1_1_ENTREGA_05_TRAYECTORIAS_GRADIENTES/02_PRUEBAS_NUMERICAS/TEST_03_AJUSTE_LEY_RADIAL.csv,.csv,156,ae261706e54e1d0c6d663fd3b7d399b04a0fbba5186b654d5a4a942a80a4162a,COVERED,SOURCE_ZIP_INVENTORY_EXTRACTED_EXACT,COVERED,dataset_catalog_recomputed_exact,NOT_APPLICABLE,NOT_APPLICABLE,NOT_APPLICABLE,NOT_APPLICABLE,,True,COVERED
COV-00911,physical_outer_member,90_FUENTES_INTEGRAS/OMEGA_THEORY_V1_1_ENTREGA_05_TRAYECTORIAS_GRADIENTES/OMEGA_THEORY_V1_1_ENTREGA_05_TRAYECTORIAS_GRADIENTES/02_PRUEBAS_NUMERICAS/TEST_03_LIMITE_DEBIL.csv,.csv,13358,0dbb853ebce937214ac5c1c83351f3fcba24ef8bf925f6f6480ab3725a65d2f6,COVERED,SOURCE_ZIP_INVENTORY_EXTRACTED_EXACT,COVERED,dataset_catalog_recomputed_exact,NOT_APPLICABLE,NOT_APPLICABLE,NOT_APPLICABLE,NOT_APPLICABLE,,True,COVERED
COV-00912,physical_outer_member,90_FUENTES_INTEGRAS/OMEGA_THEORY_V1_1_ENTREGA_05_TRAYECTORIAS_GRADIENTES/OMEGA_THEORY_V1_1_ENTREGA_05_TRAYECTORIAS_GRADIENTES/02_PRUEBAS_NUMERICAS/TEST_04_INVARIANTE_Y_VELOCIDAD.csv,.csv,419,e254f66d3815a806594828b23fc3dcfd36b49dd273fd4fc144c21a19e5ac2835,COVERED,SOURCE_ZIP_INVENTORY_EXTRACTED_EXACT,COVERED,dataset_catalog_recomputed_exact,NOT_APPLICABLE,NOT_APPLICABLE,NOT_APPLICABLE,NOT_APPLICABLE,,True,COVERED
COV-00913,physical_outer_member,90_FUENTES_INTEGRAS/OMEGA_THEORY_V1_1_ENTREGA_05_TRAYECTORIAS_GRADIENTES/OMEGA_THEORY_V1_1_ENTREGA_05_TRAYECTORIAS_GRADIENTES/02_PRUEBAS_NUMERICAS/TEST_05_UNIVERSALIDAD_MASA_PRUEBA.csv,.csv,315,c510ae14451fd1509f82bd43e29e41fa8ebbe53e141f730cf0227f525aef6425,COVERED,SOURCE_ZIP_INVENTORY_EXTRACTED_EXACT,COVERED,dataset_catalog_recomputed_exact,NOT_APPLICABLE,NOT_APPLICABLE,NOT_APPLICABLE,NOT_APPLICABLE,,True,COVERED
COV-00914,physical_outer_member,90_FUENTES_INTEGRAS/OMEGA_THEORY_V1_1_ENTREGA_05_TRAYECTORIAS_GRADIENTES/OMEGA_THEORY_V1_1_ENTREGA_05_TRAYECTORIAS_GRADIENTES/02_PRUEBAS_NUMERICAS/TEST_06_UNIVERSALIDAD_RELOJES.csv,.csv,322,7e51f976748e2ec493644199074b0c44309c42cbeb4b4f618c22b02d2b9b36a5,COVERED,SOURCE_ZIP_INVENTORY_EXTRACTED_EXACT,COVERED,dataset_catalog_recomputed_exact,NOT_APPLICABLE,NOT_APPLICABLE,NOT_APPLICABLE,NOT_APPLICABLE,,True,COVERED
COV-00915,physical_outer_member,90_FUENTES_INTEGRAS/OMEGA_THEORY_V1_1_ENTREGA_05_TRAYECTORIAS_GRADIENTES/OMEGA_THEORY_V1_1_ENTREGA_05_TRAYECTORIAS_GRADIENTES/02_PRUEBAS_NUMERICAS/TEST_07_INVERSION_GRADIENTE.csv,.csv,182,b491b218e312a676bc6ee8e3de671b4b348c4526daece5dd9d2d6c9505ba7df7,COVERED,SOURCE_ZIP_INVENTORY_EXTRACTED_EXACT,COVERED,dataset_catalog_recomputed_exact,NOT_APPLICABLE,NOT_APPLICABLE,NOT_APPLICABLE,NOT_APPLICABLE,,True,COVERED
COV-00916,physical_outer_member,90_FUENTES_INTEGRAS/OMEGA_THEORY_V1_1_ENTREGA_05_TRAYECTORIAS_GRADIENTES/OMEGA_THEORY_V1_1_ENTREGA_05_TRAYECTORIAS_GRADIENTES/02_PRUEBAS_NUMERICAS/TEST_08_SUPRESION_ALTA_VELOCIDAD.csv,.csv,337,61f40ef0fc9d5e21c523eedf5f400f0c95b982c6bce534f999724f4d3f758a49,COVERED,SOURCE_ZIP_INVENTORY_EXTRACTED_EXACT,COVERED,dataset_catalog_recomputed_exact,NOT_APPLICABLE,NOT_APPLICABLE,NOT_APPLICABLE,NOT_APPLICABLE,,True,COVERED
COV-00917,physical_outer_member,90_FUENTES_INTEGRAS/OMEGA_THEORY_V1_1_ENTREGA_05_TRAYECTORIAS_GRADIENTES/OMEGA_THEORY_V1_1_ENTREGA_05_TRAYECTORIAS_GRADIENTES/03_CODIGO/reproducir_entrega_05.py,.py,382,671bd4435e1ce0f1f7ceb88f2b60389e7c0fd36355b9aaa18f3b82a3ff39ea3b,COVERED,SOURCE_ZIP_INVENTORY_EXTRACTED_EXACT,COVERED,python_ast_and_compile_checked,NOT_APPLICABLE,NOT_APPLICABLE,NOT_APPLICABLE,executed_successfully,,True,COVERED
COV-00918,physical_outer_member,90_FUENTES_INTEGRAS/OMEGA_THEORY_V1_1_ENTREGA_05_TRAYECTORIAS_GRADIENTES/OMEGA_THEORY_V1_1_ENTREGA_05_TRAYECTORIAS_GRADIENTES/04_FIGURAS/FIG_01_ACELERACION_RADIAL.png,.png,54967,3b5213da44ae969ebe17bf5bdc196e2eaa947e35f8dd78bdf1962c0da5c36bb8,COVERED,SOURCE_ZIP_INVENTORY_EXTRACTED_EXACT,COVERED,image_structurally_validated,NOT_APPLICABLE,NOT_APPLICABLE,reviewed_pass,NOT_APPLICABLE,,True,COVERED
COV-00919,physical_outer_member,90_FUENTES_INTEGRAS/OMEGA_THEORY_V1_1_ENTREGA_05_TRAYECTORIAS_GRADIENTES/OMEGA_THEORY_V1_1_ENTREGA_05_TRAYECTORIAS_GRADIENTES/04_FIGURAS/FIG_02_TRAYECTORIA_DESDE_REPOSO.png,.png,39496,c2e9e5f4e074a979db6fa9265a862413c8d56c47d84a3011bb00bb3ee5e6dd33,COVERED,SOURCE_ZIP_INVENTORY_EXTRACTED_EXACT,COVERED,image_structurally_validated,NOT_APPLICABLE,NOT_APPLICABLE,reviewed_pass,NOT_APPLICABLE,,True,COVERED
COV-00920,physical_outer_member,90_FUENTES_INTEGRAS/OMEGA_THEORY_V1_1_ENTREGA_05_TRAYECTORIAS_GRADIENTES/OMEGA_THEORY_V1_1_ENTREGA_05_TRAYECTORIAS_GRADIENTES/04_FIGURAS/FIG_03_UNIVERSALIDAD_RELOJ.png,.png,69654,a335ab3cf2cdea987ba4f4e68608d28382bfadd2bad51883e863424ecbcf04bb,COVERED,SOURCE_ZIP_INVENTORY_EXTRACTED_EXACT,COVERED,image_structurally_validated,NOT_APPLICABLE,NOT_APPLICABLE,reviewed_pass,NOT_APPLICABLE,,True,COVERED
COV-00921,physical_outer_member,90_FUENTES_INTEGRAS/OMEGA_THEORY_V1_1_ENTREGA_05_TRAYECTORIAS_GRADIENTES/OMEGA_THEORY_V1_1_ENTREGA_05_TRAYECTORIAS_GRADIENTES/04_FIGURAS/FIG_04_SUPRESION_VELOCIDAD.png,.png,52084,2e38427a08b8df01f217af488bd7b967d782e541d9b0eacf752f9b99ecd4ea13,COVERED,SOURCE_ZIP_INVENTORY_EXTRACTED_EXACT,COVERED,image_structurally_validated,NOT_APPLICABLE,NOT_APPLICABLE,reviewed_pass,NOT_APPLICABLE,,True,COVERED
COV-00922,physical_outer_member,90_FUENTES_INTEGRAS/OMEGA_THEORY_V1_1_ENTREGA_05_TRAYECTORIAS_GRADIENTES/OMEGA_THEORY_V1_1_ENTREGA_05_TRAYECTORIAS_GRADIENTES/05_DATOS/RESUMEN_RESULTADOS.json,.json,568,6f2d6a52776d6fcc9a0a90d528f9e811672d7735903eb07f80c309b02ebd4177,COVERED,SOURCE_ZIP_INVENTORY_EXTRACTED_EXACT,COVERED,json_parsed,NOT_APPLICABLE,NOT_APPLICABLE,NOT_APPLICABLE,NOT_APPLICABLE,,True,COVERED
COV-00923,physical_outer_member,90_FUENTES_INTEGRAS/OMEGA_THEORY_V1_1_ENTREGA_05_TRAYECTORIAS_GRADIENTES/OMEGA_THEORY_V1_1_ENTREGA_05_TRAYECTORIAS_GRADIENTES/06_MANIFIESTO/MANIFIESTO_ARCHIVOS.csv,.csv,2541,d9935b89ca0d920e9f4f5751063f710f1704c0de3e549e56424be9c0dba55446,COVERED,SOURCE_ZIP_INVENTORY_EXTRACTED_EXACT,COVERED,dataset_catalog_recomputed_exact,NOT_APPLICABLE,NOT_APPLICABLE,NOT_APPLICABLE,NOT_APPLICABLE,,True,COVERED
COV-00924,physical_outer_member,90_FUENTES_INTEGRAS/OMEGA_THEORY_V1_1_ENTREGA_05_TRAYECTORIAS_GRADIENTES/OMEGA_THEORY_V1_1_ENTREGA_05_TRAYECTORIAS_GRADIENTES/06_MANIFIESTO/METADATA.json,.json,216,421a17a59c024ff6c4eb70388dadd0b144fe9323d4fbbcf888e1e27287b3c38a,COVERED,SOURCE_ZIP_INVENTORY_EXTRACTED_EXACT,COVERED,json_parsed,NOT_APPLICABLE,NOT_APPLICABLE,NOT_APPLICABLE,NOT_APPLICABLE,,True,COVERED
COV-00925,physical_outer_member,90_FUENTES_INTEGRAS/OMEGA_THEORY_V1_1_ENTREGA_06_ECUACION_FUENTE_RELOJ/OMEGA_THEORY_V1_1_ENTREGA_06_ECUACION_FUENTE_RELOJ/00_LEEME.md,.md,696,7781b890fc5902dc40b21f174751432898ce925518da9a518d1d5f5ccc13cacc,COVERED,SOURCE_ZIP_INVENTORY_EXTRACTED_EXACT,COVERED,markdown_blocks=11,equation_catalog_occurrences_verified=4,claim_candidates_classified=6,NOT_APPLICABLE,NOT_APPLICABLE,,True,COVERED
COV-00926,physical_outer_member,90_FUENTES_INTEGRAS/OMEGA_THEORY_V1_1_ENTREGA_06_ECUACION_FUENTE_RELOJ/OMEGA_THEORY_V1_1_ENTREGA_06_ECUACION_FUENTE_RELOJ/01_DOCUMENTOS/01_DERIVACION_MATEMATICA.md,.md,551,a2f00dcdfed1e2facabedc4238b3f6689354fe19ef0471a08d284fc3330705c4,COVERED,SOURCE_ZIP_INVENTORY_EXTRACTED_EXACT,COVERED,markdown_blocks=15,equation_catalog_occurrences_verified=6,claim_candidates_classified=8,NOT_APPLICABLE,NOT_APPLICABLE,,True,COVERED
COV-00927,physical_outer_member,90_FUENTES_INTEGRAS/OMEGA_THEORY_V1_1_ENTREGA_06_ECUACION_FUENTE_RELOJ/OMEGA_THEORY_V1_1_ENTREGA_06_ECUACION_FUENTE_RELOJ/01_DOCUMENTOS/02_RESULTADOS_NUMERICOS.md,.md,4046,f8ef498594c0a72e1a6cbfebaae2f573a8ba69583e9d512d803d9b2c4c3d8448,COVERED,SOURCE_ZIP_INVENTORY_EXTRACTED_EXACT,COVERED,markdown_blocks=13,equation_catalog_occurrences_verified=0,claim_candidates_classified=6,NOT_APPLICABLE,NOT_APPLICABLE,,True,COVERED
COV-00928,physical_outer_member,90_FUENTES_INTEGRAS/OMEGA_THEORY_V1_1_ENTREGA_06_ECUACION_FUENTE_RELOJ/OMEGA_THEORY_V1_1_ENTREGA_06_ECUACION_FUENTE_RELOJ/01_DOCUMENTOS/03_RESULTADOS_NEGATIVOS.md,.md,492,d1bfdb903773581babc79f29f2574db2f0eab7473bbacf4313a1b0cf68aa75bf,COVERED,SOURCE_ZIP_INVENTORY_EXTRACTED_EXACT,COVERED,markdown_blocks=2,equation_catalog_occurrences_verified=0,claim_candidates_classified=1,NOT_APPLICABLE,NOT_APPLICABLE,negative_catalog_occurrences=2,True,COVERED_WITH_NEGATIVE_OR_LIMITATION
COV-00929,physical_outer_member,90_FUENTES_INTEGRAS/OMEGA_THEORY_V1_1_ENTREGA_06_ECUACION_FUENTE_RELOJ/OMEGA_THEORY_V1_1_ENTREGA_06_ECUACION_FUENTE_RELOJ/01_DOCUMENTOS/04_DUDAS_ONTOLOGICAS.md,.md,574,1fd64ac89d42bb0df28d49d4c8927c29f1e81743c7d2cc90a599791ba853cecc,COVERED,SOURCE_ZIP_INVENTORY_EXTRACTED_EXACT,COVERED,markdown_blocks=7,equation_catalog_occurrences_verified=0,claim_candidates_classified=3,NOT_APPLICABLE,NOT_APPLICABLE,open_doubt_occurrences=3,True,COVERED_WITH_NEGATIVE_OR_LIMITATION
COV-00930,physical_outer_member,90_FUENTES_INTEGRAS/OMEGA_THEORY_V1_1_ENTREGA_06_ECUACION_FUENTE_RELOJ/OMEGA_THEORY_V1_1_ENTREGA_06_ECUACION_FUENTE_RELOJ/01_DOCUMENTOS/05_IMPLICACION_UNIFICACION.md,.md,321,f67b5ac7b1953b0ebd619a5fa1f0dd44632485bf4918039e4b60b82cc66e9f4e,COVERED,SOURCE_ZIP_INVENTORY_EXTRACTED_EXACT,COVERED,markdown_blocks=6,equation_catalog_occurrences_verified=2,claim_candidates_classified=3,NOT_APPLICABLE,NOT_APPLICABLE,,True,COVERED
COV-00931,physical_outer_member,90_FUENTES_INTEGRAS/OMEGA_THEORY_V1_1_ENTREGA_06_ECUACION_FUENTE_RELOJ/OMEGA_THEORY_V1_1_ENTREGA_06_ECUACION_FUENTE_RELOJ/01_DOCUMENTOS/06_SIGUIENTE_PASO.md,.md,407,fd9fd1f9221393d2aa38d4104511f6c17798d842a71e9bca8026447a822b48a3,COVERED,SOURCE_ZIP_INVENTORY_EXTRACTED_EXACT,COVERED,markdown_blocks=8,equation_catalog_occurrences_verified=3,claim_candidates_classified=4,NOT_APPLICABLE,NOT_APPLICABLE,,True,COVERED
COV-00932,physical_outer_member,90_FUENTES_INTEGRAS/OMEGA_THEORY_V1_1_ENTREGA_06_ECUACION_FUENTE_RELOJ/OMEGA_THEORY_V1_1_ENTREGA_06_ECUACION_FUENTE_RELOJ/02_PRUEBAS_NUMERICAS/TEST_01_LEY_RADIAL_POR_DIMENSION.csv,.csv,248,1340ab0a40b5dc62f9d754f18215d1341d4da969fc8c4b822d1fa83773ce03ea,COVERED,SOURCE_ZIP_INVENTORY_EXTRACTED_EXACT,COVERED,dataset_catalog_recomputed_exact,NOT_APPLICABLE,NOT_APPLICABLE,NOT_APPLICABLE,NOT_APPLICABLE,,True,COVERED
COV-00933,physical_outer_member,90_FUENTES_INTEGRAS/OMEGA_THEORY_V1_1_ENTREGA_06_ECUACION_FUENTE_RELOJ/OMEGA_THEORY_V1_1_ENTREGA_06_ECUACION_FUENTE_RELOJ/02_PRUEBAS_NUMERICAS/TEST_02_INDEPENDENCIA_PERFIL.csv,.csv,489,6d70c4ec2f0113868870164dc914b11fb18e6b92b9fffebc18f6207ffbd0a833,COVERED,SOURCE_ZIP_INVENTORY_EXTRACTED_EXACT,COVERED,dataset_catalog_recomputed_exact,NOT_APPLICABLE,NOT_APPLICABLE,NOT_APPLICABLE,NOT_APPLICABLE,,True,COVERED
COV-00934,physical_outer_member,90_FUENTES_INTEGRAS/OMEGA_THEORY_V1_1_ENTREGA_06_ECUACION_FUENTE_RELOJ/OMEGA_THEORY_V1_1_ENTREGA_06_ECUACION_FUENTE_RELOJ/02_PRUEBAS_NUMERICAS/TEST_03_LINEALIDAD.csv,.csv,283,e354b0324433f7aa82849c112db6aa31cb67558f847e49a2ce2d6c93a0aa0f51,COVERED,SOURCE_ZIP_INVENTORY_EXTRACTED_EXACT,COVERED,dataset_catalog_recomputed_exact,NOT_APPLICABLE,NOT_APPLICABLE,NOT_APPLICABLE,NOT_APPLICABLE,,True,COVERED
COV-00935,physical_outer_member,90_FUENTES_INTEGRAS/OMEGA_THEORY_V1_1_ENTREGA_06_ECUACION_FUENTE_RELOJ/OMEGA_THEORY_V1_1_ENTREGA_06_ECUACION_FUENTE_RELOJ/02_PRUEBAS_NUMERICAS/TEST_04_DOS_FUENTES.csv,.csv,207,f8b985459c5ac39b4fb3f4d2e681801641ad4d691005c5f080289d1effa8ef1a,COVERED,SOURCE_ZIP_INVENTORY_EXTRACTED_EXACT,COVERED,dataset_catalog_recomputed_exact,NOT_APPLICABLE,NOT_APPLICABLE,NOT_APPLICABLE,NOT_APPLICABLE,,True,COVERED
COV-00936,physical_outer_member,90_FUENTES_INTEGRAS/OMEGA_THEORY_V1_1_ENTREGA_06_ECUACION_FUENTE_RELOJ/OMEGA_THEORY_V1_1_ENTREGA_06_ECUACION_FUENTE_RELOJ/02_PRUEBAS_NUMERICAS/TEST_05_CANDIDATOS_FUENTE.csv,.csv,413,863a7498b5e9bc6edd06c54ea6a7b5f3684a370bc4faf2fce379a0d5e811377e,COVERED,SOURCE_ZIP_INVENTORY_EXTRACTED_EXACT,COVERED,dataset_catalog_recomputed_exact,NOT_APPLICABLE,NOT_APPLICABLE,NOT_APPLICABLE,NOT_APPLICABLE,,True,COVERED
COV-00937,physical_outer_member,90_FUENTES_INTEGRAS/OMEGA_THEORY_V1_1_ENTREGA_06_ECUACION_FUENTE_RELOJ/OMEGA_THEORY_V1_1_ENTREGA_06_ECUACION_FUENTE_RELOJ/02_PRUEBAS_NUMERICAS/TEST_06_CONSERVACION_FLUJO.csv,.csv,226,90c0d05f183f41dd19410748e1092c19746abacc1d8756b66281353413d09da7,COVERED,SOURCE_ZIP_INVENTORY_EXTRACTED_EXACT,COVERED,dataset_catalog_recomputed_exact,NOT_APPLICABLE,NOT_APPLICABLE,NOT_APPLICABLE,NOT_APPLICABLE,,True,COVERED
COV-00938,physical_outer_member,90_FUENTES_INTEGRAS/OMEGA_THEORY_V1_1_ENTREGA_06_ECUACION_FUENTE_RELOJ/OMEGA_THEORY_V1_1_ENTREGA_06_ECUACION_FUENTE_RELOJ/03_CODIGO/reproducir_entrega_06.py,.py,580,b28afe6f011480ada301af5c074c3f5d211f67c9422564596ed38c56675269cf,COVERED,SOURCE_ZIP_INVENTORY_EXTRACTED_EXACT,COVERED,python_ast_and_compile_checked,NOT_APPLICABLE,NOT_APPLICABLE,NOT_APPLICABLE,executed_successfully,,True,COVERED
COV-00939,physical_outer_member,90_FUENTES_INTEGRAS/OMEGA_THEORY_V1_1_ENTREGA_06_ECUACION_FUENTE_RELOJ/OMEGA_THEORY_V1_1_ENTREGA_06_ECUACION_FUENTE_RELOJ/04_FIGURAS/FIG_01_CAMPO_POR_DIMENSION.png,.png,70211,01df83ea1d091afd94879d72ef3b079a7cdfa1183135d64001348fc936d86561,COVERED,SOURCE_ZIP_INVENTORY_EXTRACTED_EXACT,COVERED,image_structurally_validated,NOT_APPLICABLE,NOT_APPLICABLE,reviewed_pass,NOT_APPLICABLE,,True,COVERED
COV-00940,physical_outer_member,90_FUENTES_INTEGRAS/OMEGA_THEORY_V1_1_ENTREGA_06_ECUACION_FUENTE_RELOJ/OMEGA_THEORY_V1_1_ENTREGA_06_ECUACION_FUENTE_RELOJ/04_FIGURAS/FIG_02_PERFILES_FUENTE.png,.png,74192,19cdf8e2d25faca1f05eacfedfe682b28052d4b85a1cde35074d5725965b5a6e,COVERED,SOURCE_ZIP_INVENTORY_EXTRACTED_EXACT,COVERED,image_structurally_validated,NOT_APPLICABLE,NOT_APPLICABLE,reviewed_pass,NOT_APPLICABLE,,True,COVERED
COV-00941,physical_outer_member,90_FUENTES_INTEGRAS/OMEGA_THEORY_V1_1_ENTREGA_06_ECUACION_FUENTE_RELOJ/OMEGA_THEORY_V1_1_ENTREGA_06_ECUACION_FUENTE_RELOJ/04_FIGURAS/FIG_03_DOS_FUENTES.png,.png,67279,a76076d0be41910529b98be437f7cf8c36192cc8e2325c92cc0c8bef9db31558,COVERED,SOURCE_ZIP_INVENTORY_EXTRACTED_EXACT,COVERED,image_structurally_validated,NOT_APPLICABLE,NOT_APPLICABLE,reviewed_pass,NOT_APPLICABLE,,True,COVERED
COV-00942,physical_outer_member,90_FUENTES_INTEGRAS/OMEGA_THEORY_V1_1_ENTREGA_06_ECUACION_FUENTE_RELOJ/OMEGA_THEORY_V1_1_ENTREGA_06_ECUACION_FUENTE_RELOJ/05_DATOS/RESUMEN_RESULTADOS.json,.json,369,4d5ad85d78a7962357dfb34a4af1fa075eeab332c83b2ebbe72a0e9277f8f969,COVERED,SOURCE_ZIP_INVENTORY_EXTRACTED_EXACT,COVERED,json_parsed,NOT_APPLICABLE,NOT_APPLICABLE,NOT_APPLICABLE,NOT_APPLICABLE,,True,COVERED
COV-00943,physical_outer_member,90_FUENTES_INTEGRAS/OMEGA_THEORY_V1_1_ENTREGA_06_ECUACION_FUENTE_RELOJ/OMEGA_THEORY_V1_1_ENTREGA_06_ECUACION_FUENTE_RELOJ/06_MANIFIESTO/MANIFIESTO_ARCHIVOS.csv,.csv,2020,143ea1f6e1c6257c85ef2afda940afd2a9a32e01feb82d50895223801e0cc8bf,COVERED,SOURCE_ZIP_INVENTORY_EXTRACTED_EXACT,COVERED,dataset_catalog_recomputed_exact,NOT_APPLICABLE,NOT_APPLICABLE,NOT_APPLICABLE,NOT_APPLICABLE,,True,COVERED
COV-00944,physical_outer_member,90_FUENTES_INTEGRAS/OMEGA_THEORY_V1_1_ENTREGA_06_ECUACION_FUENTE_RELOJ/OMEGA_THEORY_V1_1_ENTREGA_06_ECUACION_FUENTE_RELOJ/06_MANIFIESTO/METADATA.json,.json,126,1d7a14b673c8f1d03c3e369e886460e5d0cc6bf58a9e7f4a6b377de4dae7dead,COVERED,SOURCE_ZIP_INVENTORY_EXTRACTED_EXACT,COVERED,json_parsed,NOT_APPLICABLE,NOT_APPLICABLE,NOT_APPLICABLE,NOT_APPLICABLE,,True,COVERED
COV-00945,physical_outer_member,90_FUENTES_INTEGRAS/OMEGA_THEORY_V1_1_ENTREGA_07_FUENTE_MICROSCOPICA/OMEGA_THEORY_V1_1_ENTREGA_07_FUENTE_MICROSCOPICA/00_LEEME.md,.md,667,e44802fd0b231e1f8069e5ba852cbf94a7556fd2bac8cc757782bd3a89def303,COVERED,SOURCE_ZIP_INVENTORY_EXTRACTED_EXACT,COVERED,markdown_blocks=9,equation_catalog_occurrences_verified=3,claim_candidates_classified=5,NOT_APPLICABLE,NOT_APPLICABLE,,True,COVERED
COV-00946,physical_outer_member,90_FUENTES_INTEGRAS/OMEGA_THEORY_V1_1_ENTREGA_07_FUENTE_MICROSCOPICA/OMEGA_THEORY_V1_1_ENTREGA_07_FUENTE_MICROSCOPICA/01_DOCUMENTOS/01_DERIVACION_MATEMATICA.md,.md,557,bcb767b39153870143ffc50c5cac758f30e8c3ba56adcfbcf35cddc44660ffb9,COVERED,SOURCE_ZIP_INVENTORY_EXTRACTED_EXACT,COVERED,markdown_blocks=16,equation_catalog_occurrences_verified=7,claim_candidates_classified=8,NOT_APPLICABLE,NOT_APPLICABLE,,True,COVERED
COV-00947,physical_outer_member,90_FUENTES_INTEGRAS/OMEGA_THEORY_V1_1_ENTREGA_07_FUENTE_MICROSCOPICA/OMEGA_THEORY_V1_1_ENTREGA_07_FUENTE_MICROSCOPICA/01_DOCUMENTOS/02_RESULTADOS_NUMERICOS.md,.md,13306,c86264a485f5852a4a05f4cf7ee568eca33d1f76958d9f3c46db8139981e7654,COVERED,SOURCE_ZIP_INVENTORY_EXTRACTED_EXACT,COVERED,markdown_blocks=19,equation_catalog_occurrences_verified=0,claim_candidates_classified=9,NOT_APPLICABLE,NOT_APPLICABLE,,True,COVERED
COV-00948,physical_outer_member,90_FUENTES_INTEGRAS/OMEGA_THEORY_V1_1_ENTREGA_07_FUENTE_MICROSCOPICA/OMEGA_THEORY_V1_1_ENTREGA_07_FUENTE_MICROSCOPICA/01_DOCUMENTOS/03_RESULTADOS_NEGATIVOS.md,.md,460,dfd2a6a19b16ad26eb99e5811aeca984627720d6d01f34689f358f5dfb80d937,COVERED,SOURCE_ZIP_INVENTORY_EXTRACTED_EXACT,COVERED,markdown_blocks=2,equation_catalog_occurrences_verified=0,claim_candidates_classified=1,NOT_APPLICABLE,NOT_APPLICABLE,negative_catalog_occurrences=1,True,COVERED_WITH_NEGATIVE_OR_LIMITATION
COV-00949,physical_outer_member,90_FUENTES_INTEGRAS/OMEGA_THEORY_V1_1_ENTREGA_07_FUENTE_MICROSCOPICA/OMEGA_THEORY_V1_1_ENTREGA_07_FUENTE_MICROSCOPICA/01_DOCUMENTOS/04_DUDAS_ONTOLOGICAS.md,.md,546,a5703d37bde1b98ce6ddc2cf3b9b88e2a8a29a9675bb972aad756cdb458b1c48,COVERED,SOURCE_ZIP_INVENTORY_EXTRACTED_EXACT,COVERED,markdown_blocks=8,equation_catalog_occurrences_verified=0,claim_candidates_classified=3,NOT_APPLICABLE,NOT_APPLICABLE,open_doubt_occurrences=4,True,COVERED_WITH_NEGATIVE_OR_LIMITATION
COV-00950,physical_outer_member,90_FUENTES_INTEGRAS/OMEGA_THEORY_V1_1_ENTREGA_07_FUENTE_MICROSCOPICA/OMEGA_THEORY_V1_1_ENTREGA_07_FUENTE_MICROSCOPICA/01_DOCUMENTOS/05_IMPLICACION_UNIFICACION.md,.md,310,27392346f412d202c99c20eb67844648aab01c523b73976b870aad5b07f2488e,COVERED,SOURCE_ZIP_INVENTORY_EXTRACTED_EXACT,COVERED,markdown_blocks=5,equation_catalog_occurrences_verified=2,claim_candidates_classified=2,NOT_APPLICABLE,NOT_APPLICABLE,,True,COVERED
COV-00951,physical_outer_member,90_FUENTES_INTEGRAS/OMEGA_THEORY_V1_1_ENTREGA_07_FUENTE_MICROSCOPICA/OMEGA_THEORY_V1_1_ENTREGA_07_FUENTE_MICROSCOPICA/01_DOCUMENTOS/06_SIGUIENTE_PASO.md,.md,301,483619701e953e14bb1180a41769876e80c77f37b240a7149f787bf914395b27,COVERED,SOURCE_ZIP_INVENTORY_EXTRACTED_EXACT,COVERED,markdown_blocks=6,equation_catalog_occurrences_verified=1,claim_candidates_classified=4,NOT_APPLICABLE,NOT_APPLICABLE,,True,COVERED
COV-00952,physical_outer_member,90_FUENTES_INTEGRAS/OMEGA_THEORY_V1_1_ENTREGA_07_FUENTE_MICROSCOPICA/OMEGA_THEORY_V1_1_ENTREGA_07_FUENTE_MICROSCOPICA/02_PRUEBAS_NUMERICAS/TEST_01_IDENTIDADES_CONTROLADAS.csv,.csv,1002,5417cc7ae329b3bf8c8416616fb29ffc39552e6b671147c05fc85616fd5ad8d2,COVERED,SOURCE_ZIP_INVENTORY_EXTRACTED_EXACT,COVERED,dataset_catalog_recomputed_exact,NOT_APPLICABLE,NOT_APPLICABLE,NOT_APPLICABLE,NOT_APPLICABLE,,True,COVERED
COV-00953,physical_outer_member,90_FUENTES_INTEGRAS/OMEGA_THEORY_V1_1_ENTREGA_07_FUENTE_MICROSCOPICA/OMEGA_THEORY_V1_1_ENTREGA_07_FUENTE_MICROSCOPICA/02_PRUEBAS_NUMERICAS/TEST_02_COMPOSICION_ADITIVIDAD.csv,.csv,1088,11cdcd2e60e788764178a1d681a825212e2fc2c83aea79d3c73dd148b75217c0,COVERED,SOURCE_ZIP_INVENTORY_EXTRACTED_EXACT,COVERED,dataset_catalog_recomputed_exact,NOT_APPLICABLE,NOT_APPLICABLE,NOT_APPLICABLE,NOT_APPLICABLE,,True,COVERED
COV-00954,physical_outer_member,90_FUENTES_INTEGRAS/OMEGA_THEORY_V1_1_ENTREGA_07_FUENTE_MICROSCOPICA/OMEGA_THEORY_V1_1_ENTREGA_07_FUENTE_MICROSCOPICA/02_PRUEBAS_NUMERICAS/TEST_03_MONOTONICIDAD_COSTO.csv,.csv,5916,67da54be73a69bac3df67a566d53d10c0e01f57c2d2f32c0813b1447fe48c9b4,COVERED,SOURCE_ZIP_INVENTORY_EXTRACTED_EXACT,COVERED,dataset_catalog_recomputed_exact,NOT_APPLICABLE,NOT_APPLICABLE,NOT_APPLICABLE,NOT_APPLICABLE,,True,COVERED
COV-00955,physical_outer_member,90_FUENTES_INTEGRAS/OMEGA_THEORY_V1_1_ENTREGA_07_FUENTE_MICROSCOPICA/OMEGA_THEORY_V1_1_ENTREGA_07_FUENTE_MICROSCOPICA/02_PRUEBAS_NUMERICAS/TEST_03_RESUMEN_MONOTONICIDAD.csv,.csv,156,47a1ed06ed09e41e4fbb85dbf1044caf8a2b50ee6f5f268dab66f328a9851ff9,COVERED,SOURCE_ZIP_INVENTORY_EXTRACTED_EXACT,COVERED,dataset_catalog_recomputed_exact,NOT_APPLICABLE,NOT_APPLICABLE,NOT_APPLICABLE,NOT_APPLICABLE,,True,COVERED
COV-00956,physical_outer_member,90_FUENTES_INTEGRAS/OMEGA_THEORY_V1_1_ENTREGA_07_FUENTE_MICROSCOPICA/OMEGA_THEORY_V1_1_ENTREGA_07_FUENTE_MICROSCOPICA/02_PRUEBAS_NUMERICAS/TEST_04B_COARSE_GRAINING_ESTRUCTURAL.csv,.csv,167,051bcc4ca6ada9b8e779e8ee7732255b00c7ca6854115d3bd02627527c098d7d,COVERED,SOURCE_ZIP_INVENTORY_EXTRACTED_EXACT,COVERED,dataset_catalog_recomputed_exact,NOT_APPLICABLE,NOT_APPLICABLE,NOT_APPLICABLE,NOT_APPLICABLE,,True,COVERED
COV-00957,physical_outer_member,90_FUENTES_INTEGRAS/OMEGA_THEORY_V1_1_ENTREGA_07_FUENTE_MICROSCOPICA/OMEGA_THEORY_V1_1_ENTREGA_07_FUENTE_MICROSCOPICA/02_PRUEBAS_NUMERICAS/TEST_04_COARSE_GRAINING.csv,.csv,276,5e89844b47522f13133db227df743c0a1426d371545e5b58648dc9bc133c1060,COVERED,SOURCE_ZIP_INVENTORY_EXTRACTED_EXACT,COVERED,dataset_catalog_recomputed_exact,NOT_APPLICABLE,NOT_APPLICABLE,NOT_APPLICABLE,NOT_APPLICABLE,,True,COVERED
COV-00958,physical_outer_member,90_FUENTES_INTEGRAS/OMEGA_THEORY_V1_1_ENTREGA_07_FUENTE_MICROSCOPICA/OMEGA_THEORY_V1_1_ENTREGA_07_FUENTE_MICROSCOPICA/02_PRUEBAS_NUMERICAS/TEST_05_CORRELACIONES_FUENTE_INERCIA.csv,.csv,1804,a56dd1de09e1de543a93a9620c15b9e6247cb61123898c3c0c76e75b4dcefe20,COVERED,SOURCE_ZIP_INVENTORY_EXTRACTED_EXACT,COVERED,dataset_catalog_recomputed_exact,NOT_APPLICABLE,NOT_APPLICABLE,NOT_APPLICABLE,NOT_APPLICABLE,,True,COVERED
COV-00959,physical_outer_member,90_FUENTES_INTEGRAS/OMEGA_THEORY_V1_1_ENTREGA_07_FUENTE_MICROSCOPICA/OMEGA_THEORY_V1_1_ENTREGA_07_FUENTE_MICROSCOPICA/02_PRUEBAS_NUMERICAS/TEST_05_ENSEMBLE_ALEATORIO.csv,.csv,393046,f6f014d7358f25e766ccc3c2cb97b941ed2b9f2269da6e7235623f140de5838a,COVERED,SOURCE_ZIP_INVENTORY_EXTRACTED_EXACT,COVERED,dataset_catalog_recomputed_exact,NOT_APPLICABLE,NOT_APPLICABLE,NOT_APPLICABLE,NOT_APPLICABLE,,True,COVERED
COV-00960,physical_outer_member,90_FUENTES_INTEGRAS/OMEGA_THEORY_V1_1_ENTREGA_07_FUENTE_MICROSCOPICA/OMEGA_THEORY_V1_1_ENTREGA_07_FUENTE_MICROSCOPICA/02_PRUEBAS_NUMERICAS/TEST_06_EQUIVALENCIA_DEBIL.csv,.csv,1214,f220f4488641ab13750b7a8d9feacc58d06b9de5ecca3ef470d26998f324a4a1,COVERED,SOURCE_ZIP_INVENTORY_EXTRACTED_EXACT,COVERED,dataset_catalog_recomputed_exact,NOT_APPLICABLE,NOT_APPLICABLE,NOT_APPLICABLE,NOT_APPLICABLE,,True,COVERED
COV-00961,physical_outer_member,90_FUENTES_INTEGRAS/OMEGA_THEORY_V1_1_ENTREGA_07_FUENTE_MICROSCOPICA/OMEGA_THEORY_V1_1_ENTREGA_07_FUENTE_MICROSCOPICA/02_PRUEBAS_NUMERICAS/TEST_07_DUPLICACION_REPRESENTACION.csv,.csv,217,940d2bee2fe80fcb2eb4d8c6af2726b96ae7b8df90ea620a79f4932c09207729,COVERED,SOURCE_ZIP_INVENTORY_EXTRACTED_EXACT,COVERED,dataset_catalog_recomputed_exact,NOT_APPLICABLE,NOT_APPLICABLE,NOT_APPLICABLE,NOT_APPLICABLE,,True,COVERED
COV-00962,physical_outer_member,90_FUENTES_INTEGRAS/OMEGA_THEORY_V1_1_ENTREGA_07_FUENTE_MICROSCOPICA/OMEGA_THEORY_V1_1_ENTREGA_07_FUENTE_MICROSCOPICA/02_PRUEBAS_NUMERICAS/TEST_08_MATRIZ_VEREDICTO.csv,.csv,665,934060c9fc39166ecc4ab3ec9c1bee8a2eb05450b9692c82c9d516ff796be79c,COVERED,SOURCE_ZIP_INVENTORY_EXTRACTED_EXACT,COVERED,dataset_catalog_recomputed_exact,NOT_APPLICABLE,NOT_APPLICABLE,NOT_APPLICABLE,NOT_APPLICABLE,,True,COVERED
COV-00963,physical_outer_member,90_FUENTES_INTEGRAS/OMEGA_THEORY_V1_1_ENTREGA_07_FUENTE_MICROSCOPICA/OMEGA_THEORY_V1_1_ENTREGA_07_FUENTE_MICROSCOPICA/03_CODIGO/reproducir_entrega_07.py,.py,361,b35daa4854d643f82f0cb72a013b683ffa31c282365da82835f04221cd4be98d,COVERED,SOURCE_ZIP_INVENTORY_EXTRACTED_EXACT,COVERED,python_ast_and_compile_checked,NOT_APPLICABLE,NOT_APPLICABLE,NOT_APPLICABLE,executed_successfully,,True,COVERED
COV-00964,physical_outer_member,90_FUENTES_INTEGRAS/OMEGA_THEORY_V1_1_ENTREGA_07_FUENTE_MICROSCOPICA/OMEGA_THEORY_V1_1_ENTREGA_07_FUENTE_MICROSCOPICA/04_FIGURAS/FIG_01_MONOTONICIDAD.png,.png,71711,28eafd88296036fe130b430097b09019cc758192e5432aea4b3eb04c3c644442,COVERED,SOURCE_ZIP_INVENTORY_EXTRACTED_EXACT,COVERED,image_structurally_validated,NOT_APPLICABLE,NOT_APPLICABLE,reviewed_pass,NOT_APPLICABLE,,True,COVERED
COV-00965,physical_outer_member,90_FUENTES_INTEGRAS/OMEGA_THEORY_V1_1_ENTREGA_07_FUENTE_MICROSCOPICA/OMEGA_THEORY_V1_1_ENTREGA_07_FUENTE_MICROSCOPICA/04_FIGURAS/FIG_02_OBSTRUCCION_VS_ESCAPE.png,.png,46891,36c72120e25c8b0c42fdb19d6f6401cc4065cd5f6eb458d7775d040abc1ef23e,COVERED,SOURCE_ZIP_INVENTORY_EXTRACTED_EXACT,COVERED,image_structurally_validated,NOT_APPLICABLE,NOT_APPLICABLE,reviewed_pass,NOT_APPLICABLE,,True,COVERED
COV-00966,physical_outer_member,90_FUENTES_INTEGRAS/OMEGA_THEORY_V1_1_ENTREGA_07_FUENTE_MICROSCOPICA/OMEGA_THEORY_V1_1_ENTREGA_07_FUENTE_MICROSCOPICA/04_FIGURAS/FIG_03_CORRELACIONES.png,.png,100428,0713ca8a70638522702f8703c97c3310b8ec6de39021803d01b0f30c96f0b050,COVERED,SOURCE_ZIP_INVENTORY_EXTRACTED_EXACT,COVERED,image_structurally_validated,NOT_APPLICABLE,NOT_APPLICABLE,reviewed_pass,NOT_APPLICABLE,,True,COVERED
COV-00967,physical_outer_member,90_FUENTES_INTEGRAS/OMEGA_THEORY_V1_1_ENTREGA_07_FUENTE_MICROSCOPICA/OMEGA_THEORY_V1_1_ENTREGA_07_FUENTE_MICROSCOPICA/04_FIGURAS/FIG_04_VEREDICTO_CANDIDATOS.png,.png,64517,eca94a734005916297922ca20287aaef001c0d4e07bf5b7cd5018053a81c6e81,COVERED,SOURCE_ZIP_INVENTORY_EXTRACTED_EXACT,COVERED,image_structurally_validated,NOT_APPLICABLE,NOT_APPLICABLE,reviewed_pass,NOT_APPLICABLE,,True,COVERED
COV-00968,physical_outer_member,90_FUENTES_INTEGRAS/OMEGA_THEORY_V1_1_ENTREGA_07_FUENTE_MICROSCOPICA/OMEGA_THEORY_V1_1_ENTREGA_07_FUENTE_MICROSCOPICA/05_DATOS/RESUMEN_RESULTADOS.json,.json,353,c952d0ecaf0dda8365c60b9c861b74da5fcfcd750a04137a0319286365b9e944,COVERED,SOURCE_ZIP_INVENTORY_EXTRACTED_EXACT,COVERED,json_parsed,NOT_APPLICABLE,NOT_APPLICABLE,NOT_APPLICABLE,NOT_APPLICABLE,,True,COVERED
COV-00969,physical_outer_member,90_FUENTES_INTEGRAS/OMEGA_THEORY_V1_1_ENTREGA_07_FUENTE_MICROSCOPICA/OMEGA_THEORY_V1_1_ENTREGA_07_FUENTE_MICROSCOPICA/06_MANIFIESTO/MANIFIESTO_ARCHIVOS.csv,.csv,2795,dcabde204aecd3d72d4b6b6ab953c05b1e855b7a3eebf81e1f34cc409e5b9beb,COVERED,SOURCE_ZIP_INVENTORY_EXTRACTED_EXACT,COVERED,dataset_catalog_recomputed_exact,NOT_APPLICABLE,NOT_APPLICABLE,NOT_APPLICABLE,NOT_APPLICABLE,,True,COVERED
COV-00970,physical_outer_member,90_FUENTES_INTEGRAS/OMEGA_THEORY_V1_1_ENTREGA_07_FUENTE_MICROSCOPICA/OMEGA_THEORY_V1_1_ENTREGA_07_FUENTE_MICROSCOPICA/06_MANIFIESTO/METADATA.json,.json,124,8c944e8beacc6fed576740d3adbcbf4751a64445c824b63718deeb962bab33db,COVERED,SOURCE_ZIP_INVENTORY_EXTRACTED_EXACT,COVERED,json_parsed,NOT_APPLICABLE,NOT_APPLICABLE,NOT_APPLICABLE,NOT_APPLICABLE,,True,COVERED
COV-00971,physical_outer_member,90_FUENTES_INTEGRAS/OMEGA_THEORY_V1_1_ENTREGA_08_MASA_INERCIAL/OMEGA_THEORY_V1_1_ENTREGA_08_MASA_INERCIAL/00_LEEME.md,.md,1123,2d644a45f1648fd9c6e9fe2f5321d1cbaa2467fb968500a0bed507ddbad7386c,COVERED,SOURCE_ZIP_INVENTORY_EXTRACTED_EXACT,COVERED,markdown_blocks=18,equation_catalog_occurrences_verified=3,claim_candidates_classified=10,NOT_APPLICABLE,NOT_APPLICABLE,,True,COVERED
COV-00972,physical_outer_member,90_FUENTES_INTEGRAS/OMEGA_THEORY_V1_1_ENTREGA_08_MASA_INERCIAL/OMEGA_THEORY_V1_1_ENTREGA_08_MASA_INERCIAL/01_DOCUMENTOS/01_DERIVACION_MATEMATICA.md,.md,782,2102db92522476c7e13dea3dd1847b68c65f5ce598cb002a4c5ecb9c74321a5a,COVERED,SOURCE_ZIP_INVENTORY_EXTRACTED_EXACT,COVERED,markdown_blocks=20,equation_catalog_occurrences_verified=8,claim_candidates_classified=6,NOT_APPLICABLE,NOT_APPLICABLE,,True,COVERED
COV-00973,physical_outer_member,90_FUENTES_INTEGRAS/OMEGA_THEORY_V1_1_ENTREGA_08_MASA_INERCIAL/OMEGA_THEORY_V1_1_ENTREGA_08_MASA_INERCIAL/01_DOCUMENTOS/02_RESULTADOS_NUMERICOS.md,.md,11204,f5fe3c51d2b76395c5a2d24a5409303a4ef00a96f42211150052a9d0030fb927,COVERED,SOURCE_ZIP_INVENTORY_EXTRACTED_EXACT,COVERED,markdown_blocks=17,equation_catalog_occurrences_verified=0,claim_candidates_classified=8,NOT_APPLICABLE,NOT_APPLICABLE,,True,COVERED
COV-00974,physical_outer_member,90_FUENTES_INTEGRAS/OMEGA_THEORY_V1_1_ENTREGA_08_MASA_INERCIAL/OMEGA_THEORY_V1_1_ENTREGA_08_MASA_INERCIAL/01_DOCUMENTOS/03_RESULTADOS_NEGATIVOS.md,.md,513,ec3819702cdbb8c0c69611e7528b13cd99139c0902b8c629b18a81c1e0011d67,COVERED,SOURCE_ZIP_INVENTORY_EXTRACTED_EXACT,COVERED,markdown_blocks=2,equation_catalog_occurrences_verified=0,claim_candidates_classified=1,NOT_APPLICABLE,NOT_APPLICABLE,negative_catalog_occurrences=1,True,COVERED_WITH_NEGATIVE_OR_LIMITATION
COV-00975,physical_outer_member,90_FUENTES_INTEGRAS/OMEGA_THEORY_V1_1_ENTREGA_08_MASA_INERCIAL/OMEGA_THEORY_V1_1_ENTREGA_08_MASA_INERCIAL/01_DOCUMENTOS/04_DUDAS_ONTOLOGICAS.md,.md,896,197dbaaee6fdceacfe8a191c4e347559aa0b98bff73c9fd7be0446b1cec49a59,COVERED,SOURCE_ZIP_INVENTORY_EXTRACTED_EXACT,COVERED,markdown_blocks=11,equation_catalog_occurrences_verified=0,claim_candidates_classified=6,NOT_APPLICABLE,NOT_APPLICABLE,open_doubt_occurrences=4,True,COVERED_WITH_NEGATIVE_OR_LIMITATION
COV-00976,physical_outer_member,90_FUENTES_INTEGRAS/OMEGA_THEORY_V1_1_ENTREGA_08_MASA_INERCIAL/OMEGA_THEORY_V1_1_ENTREGA_08_MASA_INERCIAL/01_DOCUMENTOS/05_IMPLICACION_UNIFICACION.md,.md,586,cb543d46808bcca1f5230d9d13e7faebfbf66f14d0491554966b2ae31c5764e9,COVERED,SOURCE_ZIP_INVENTORY_EXTRACTED_EXACT,COVERED,markdown_blocks=12,equation_catalog_occurrences_verified=6,claim_candidates_classified=5,NOT_APPLICABLE,NOT_APPLICABLE,,True,COVERED
COV-00977,physical_outer_member,90_FUENTES_INTEGRAS/OMEGA_THEORY_V1_1_ENTREGA_08_MASA_INERCIAL/OMEGA_THEORY_V1_1_ENTREGA_08_MASA_INERCIAL/01_DOCUMENTOS/06_SIGUIENTE_PASO.md,.md,591,5e6d3de848e25d0df13a28d2c6d47faddfd9de4040275416808febcb144734e4,COVERED,SOURCE_ZIP_INVENTORY_EXTRACTED_EXACT,COVERED,markdown_blocks=7,equation_catalog_occurrences_verified=0,claim_candidates_classified=3,NOT_APPLICABLE,NOT_APPLICABLE,,True,COVERED
COV-00978,physical_outer_member,90_FUENTES_INTEGRAS/OMEGA_THEORY_V1_1_ENTREGA_08_MASA_INERCIAL/OMEGA_THEORY_V1_1_ENTREGA_08_MASA_INERCIAL/02_PRUEBAS_NUMERICAS/TEST_01_IDENTIDADES_CONTROLADAS.csv,.csv,1217,c064af0c242d10e16001a359d19d7b8213137dffd345af2a53e67da4810550e0,COVERED,SOURCE_ZIP_INVENTORY_EXTRACTED_EXACT,COVERED,dataset_catalog_recomputed_exact,NOT_APPLICABLE,NOT_APPLICABLE,NOT_APPLICABLE,NOT_APPLICABLE,,True,COVERED
COV-00979,physical_outer_member,90_FUENTES_INTEGRAS/OMEGA_THEORY_V1_1_ENTREGA_08_MASA_INERCIAL/OMEGA_THEORY_V1_1_ENTREGA_08_MASA_INERCIAL/02_PRUEBAS_NUMERICAS/TEST_02_RESPUESTA_IMPULSO.csv,.csv,1386,930bbb9a24a6ebc63084a2cfe3d71b9bb07c932b7debe6383b9683fa0118c0de,COVERED,SOURCE_ZIP_INVENTORY_EXTRACTED_EXACT,COVERED,dataset_catalog_recomputed_exact,NOT_APPLICABLE,NOT_APPLICABLE,NOT_APPLICABLE,NOT_APPLICABLE,,True,COVERED
COV-00980,physical_outer_member,90_FUENTES_INTEGRAS/OMEGA_THEORY_V1_1_ENTREGA_08_MASA_INERCIAL/OMEGA_THEORY_V1_1_ENTREGA_08_MASA_INERCIAL/02_PRUEBAS_NUMERICAS/TEST_03_CORRELACIONES.csv,.csv,574,d2a29c42aea7ecb0668c42a4cae13776b43eaf89c590c19214cefad90c187ff2,COVERED,SOURCE_ZIP_INVENTORY_EXTRACTED_EXACT,COVERED,dataset_catalog_recomputed_exact,NOT_APPLICABLE,NOT_APPLICABLE,NOT_APPLICABLE,NOT_APPLICABLE,,True,COVERED
COV-00981,physical_outer_member,90_FUENTES_INTEGRAS/OMEGA_THEORY_V1_1_ENTREGA_08_MASA_INERCIAL/OMEGA_THEORY_V1_1_ENTREGA_08_MASA_INERCIAL/02_PRUEBAS_NUMERICAS/TEST_03_ENSEMBLE.csv,.csv,687172,c3366ef3a2883eaf507bca59bb4c8a8d7f685d7c6e9d0e590fe14869241d3617,COVERED,SOURCE_ZIP_INVENTORY_EXTRACTED_EXACT,COVERED,dataset_catalog_recomputed_exact,NOT_APPLICABLE,NOT_APPLICABLE,NOT_APPLICABLE,NOT_APPLICABLE,,True,COVERED
COV-00982,physical_outer_member,90_FUENTES_INTEGRAS/OMEGA_THEORY_V1_1_ENTREGA_08_MASA_INERCIAL/OMEGA_THEORY_V1_1_ENTREGA_08_MASA_INERCIAL/02_PRUEBAS_NUMERICAS/TEST_04_COMPOSICION.csv,.csv,615,27897e97899730123dfdf96aa1185a08c1cc7080429772b5d63b83726387bb00,COVERED,SOURCE_ZIP_INVENTORY_EXTRACTED_EXACT,COVERED,dataset_catalog_recomputed_exact,NOT_APPLICABLE,NOT_APPLICABLE,NOT_APPLICABLE,NOT_APPLICABLE,,True,COVERED
COV-00983,physical_outer_member,90_FUENTES_INTEGRAS/OMEGA_THEORY_V1_1_ENTREGA_08_MASA_INERCIAL/OMEGA_THEORY_V1_1_ENTREGA_08_MASA_INERCIAL/02_PRUEBAS_NUMERICAS/TEST_05_ANISOTROPIA_IMPULSO.csv,.csv,1532,36511da8e8b310a1f2598fe3d46257a154f8ea2ba077867bfbd30ea418d09259,COVERED,SOURCE_ZIP_INVENTORY_EXTRACTED_EXACT,COVERED,dataset_catalog_recomputed_exact,NOT_APPLICABLE,NOT_APPLICABLE,NOT_APPLICABLE,NOT_APPLICABLE,,True,COVERED
COV-00984,physical_outer_member,90_FUENTES_INTEGRAS/OMEGA_THEORY_V1_1_ENTREGA_08_MASA_INERCIAL/OMEGA_THEORY_V1_1_ENTREGA_08_MASA_INERCIAL/02_PRUEBAS_NUMERICAS/TEST_06_COARSE_GRAINING.csv,.csv,249,6a1b1c9480de9a1561167d6978d341020fc711a51275c77404249f974682675b,COVERED,SOURCE_ZIP_INVENTORY_EXTRACTED_EXACT,COVERED,dataset_catalog_recomputed_exact,NOT_APPLICABLE,NOT_APPLICABLE,NOT_APPLICABLE,NOT_APPLICABLE,,True,COVERED
COV-00985,physical_outer_member,90_FUENTES_INTEGRAS/OMEGA_THEORY_V1_1_ENTREGA_08_MASA_INERCIAL/OMEGA_THEORY_V1_1_ENTREGA_08_MASA_INERCIAL/02_PRUEBAS_NUMERICAS/TEST_07_EQUIVALENCIA.csv,.csv,756,26d7f8ca0468428c38902d571c15cf7b3b57bce09ac24f04682cca32c810a32e,COVERED,SOURCE_ZIP_INVENTORY_EXTRACTED_EXACT,COVERED,dataset_catalog_recomputed_exact,NOT_APPLICABLE,NOT_APPLICABLE,NOT_APPLICABLE,NOT_APPLICABLE,,True,COVERED
COV-00986,physical_outer_member,90_FUENTES_INTEGRAS/OMEGA_THEORY_V1_1_ENTREGA_08_MASA_INERCIAL/OMEGA_THEORY_V1_1_ENTREGA_08_MASA_INERCIAL/02_PRUEBAS_NUMERICAS/TEST_08_VEREDICTO.csv,.csv,473,a509e5afd7d7b5f4cf14d6d73a1c61231e1e1723fc4272c6c70a2f0effc57c67,COVERED,SOURCE_ZIP_INVENTORY_EXTRACTED_EXACT,COVERED,dataset_catalog_recomputed_exact,NOT_APPLICABLE,NOT_APPLICABLE,NOT_APPLICABLE,NOT_APPLICABLE,,True,COVERED
COV-00987,physical_outer_member,90_FUENTES_INTEGRAS/OMEGA_THEORY_V1_1_ENTREGA_08_MASA_INERCIAL/OMEGA_THEORY_V1_1_ENTREGA_08_MASA_INERCIAL/03_CODIGO/reproducir_entrega_08.py,.py,406,f37a24ba99c949df0264674404017e2b79c83e453f0bb49de3a8b4fcf0a108b0,COVERED,SOURCE_ZIP_INVENTORY_EXTRACTED_EXACT,COVERED,python_ast_and_compile_checked,NOT_APPLICABLE,NOT_APPLICABLE,NOT_APPLICABLE,executed_successfully,,True,COVERED
COV-00988,physical_outer_member,90_FUENTES_INTEGRAS/OMEGA_THEORY_V1_1_ENTREGA_08_MASA_INERCIAL/OMEGA_THEORY_V1_1_ENTREGA_08_MASA_INERCIAL/04_FIGURAS/FIG_01_Q_VS_INERCIA.png,.png,55513,a3b3bf4d6f689bdd375df3e6f3c2024f7fceaf58d0263c626c3af2471fdbcd1c,COVERED,SOURCE_ZIP_INVENTORY_EXTRACTED_EXACT,COVERED,image_structurally_validated,NOT_APPLICABLE,NOT_APPLICABLE,reviewed_pass,NOT_APPLICABLE,,True,COVERED
COV-00989,physical_outer_member,90_FUENTES_INTEGRAS/OMEGA_THEORY_V1_1_ENTREGA_08_MASA_INERCIAL/OMEGA_THEORY_V1_1_ENTREGA_08_MASA_INERCIAL/04_FIGURAS/FIG_02_Q_VS_G.png,.png,53495,cafbb970602882de410ebf140341a39b0032a586c27d1e30e8bd9280a4456aa5,COVERED,SOURCE_ZIP_INVENTORY_EXTRACTED_EXACT,COVERED,image_structurally_validated,NOT_APPLICABLE,NOT_APPLICABLE,reviewed_pass,NOT_APPLICABLE,,True,COVERED
COV-00990,physical_outer_member,90_FUENTES_INTEGRAS/OMEGA_THEORY_V1_1_ENTREGA_08_MASA_INERCIAL/OMEGA_THEORY_V1_1_ENTREGA_08_MASA_INERCIAL/04_FIGURAS/FIG_03_ANISOTROPIA.png,.png,192364,b5c1bc6e1c38dafd2797ecb78d019d39f2d872040b5398c68932c7f8ac842f2c,COVERED,SOURCE_ZIP_INVENTORY_EXTRACTED_EXACT,COVERED,image_structurally_validated,NOT_APPLICABLE,NOT_APPLICABLE,reviewed_pass,NOT_APPLICABLE,,True,COVERED
COV-00991,physical_outer_member,90_FUENTES_INTEGRAS/OMEGA_THEORY_V1_1_ENTREGA_08_MASA_INERCIAL/OMEGA_THEORY_V1_1_ENTREGA_08_MASA_INERCIAL/04_FIGURAS/FIG_04_COARSE_GRAINING.png,.png,56243,593c4e0d919d503bf1516200dedba21cc87db8993566d827e29266897a26e8f8,COVERED,SOURCE_ZIP_INVENTORY_EXTRACTED_EXACT,COVERED,image_structurally_validated,NOT_APPLICABLE,NOT_APPLICABLE,reviewed_pass,NOT_APPLICABLE,,True,COVERED
COV-00992,physical_outer_member,90_FUENTES_INTEGRAS/OMEGA_THEORY_V1_1_ENTREGA_08_MASA_INERCIAL/OMEGA_THEORY_V1_1_ENTREGA_08_MASA_INERCIAL/05_DATOS/RESUMEN_RESULTADOS.json,.json,387,7568759494e17b3ae1811753ee2251dba745b48ee70977e3df50858faa57d109,COVERED,SOURCE_ZIP_INVENTORY_EXTRACTED_EXACT,COVERED,json_parsed,NOT_APPLICABLE,NOT_APPLICABLE,NOT_APPLICABLE,NOT_APPLICABLE,,True,COVERED
COV-00993,physical_outer_member,90_FUENTES_INTEGRAS/OMEGA_THEORY_V1_1_ENTREGA_08_MASA_INERCIAL/OMEGA_THEORY_V1_1_ENTREGA_08_MASA_INERCIAL/06_MANIFIESTO/MANIFIESTO_ARCHIVOS.csv,.csv,2458,8f0fc904d412a46cd5bf7234bd9c96551b244048ac7eda145ea3c3aa1a61ea21,COVERED,SOURCE_ZIP_INVENTORY_EXTRACTED_EXACT,COVERED,dataset_catalog_recomputed_exact,NOT_APPLICABLE,NOT_APPLICABLE,NOT_APPLICABLE,NOT_APPLICABLE,,True,COVERED
COV-00994,physical_outer_member,90_FUENTES_INTEGRAS/OMEGA_THEORY_V1_1_ENTREGA_08_MASA_INERCIAL/OMEGA_THEORY_V1_1_ENTREGA_08_MASA_INERCIAL/06_MANIFIESTO/METADATA.json,.json,118,086afbce31c3c0b14ea336e2e8496362a7a1cb0ff824fbfe931ee60f0bc34188,COVERED,SOURCE_ZIP_INVENTORY_EXTRACTED_EXACT,COVERED,json_parsed,NOT_APPLICABLE,NOT_APPLICABLE,NOT_APPLICABLE,NOT_APPLICABLE,,True,COVERED
COV-00995,physical_outer_member,90_FUENTES_INTEGRAS/OMEGA_THEORY_V1_1_ENTREGA_09_RESPUESTA_UNIVERSAL_Y_ALPHA/OMEGA_THEORY_V1_1_ENTREGA_09_RESPUESTA_UNIVERSAL_Y_ALPHA/00_LEEME.md,.md,838,507c1f071f5542a1e2317a8b3e107cf8c3be01be094f29b61a212523331da828,COVERED,SOURCE_ZIP_INVENTORY_EXTRACTED_EXACT,COVERED,markdown_blocks=10,equation_catalog_occurrences_verified=3,claim_candidates_classified=6,NOT_APPLICABLE,NOT_APPLICABLE,,True,COVERED
COV-00996,physical_outer_member,90_FUENTES_INTEGRAS/OMEGA_THEORY_V1_1_ENTREGA_09_RESPUESTA_UNIVERSAL_Y_ALPHA/OMEGA_THEORY_V1_1_ENTREGA_09_RESPUESTA_UNIVERSAL_Y_ALPHA/01_DOCUMENTOS/01_DERIVACION_MATEMATICA.md,.md,560,c34fd47fdc621f644e01903f634b33e303a483f517e692a29460d02bad86c5ec,COVERED,SOURCE_ZIP_INVENTORY_EXTRACTED_EXACT,COVERED,markdown_blocks=15,equation_catalog_occurrences_verified=7,claim_candidates_classified=7,NOT_APPLICABLE,NOT_APPLICABLE,,True,COVERED
COV-00997,physical_outer_member,90_FUENTES_INTEGRAS/OMEGA_THEORY_V1_1_ENTREGA_09_RESPUESTA_UNIVERSAL_Y_ALPHA/OMEGA_THEORY_V1_1_ENTREGA_09_RESPUESTA_UNIVERSAL_Y_ALPHA/01_DOCUMENTOS/02_RESULTADOS_NUMERICOS.md,.md,7608,5c44136647cfa0c8ac6a0266e9726e14a28fa6f3defdaae4bd491f90dbdcaa5a,COVERED,SOURCE_ZIP_INVENTORY_EXTRACTED_EXACT,COVERED,markdown_blocks=15,equation_catalog_occurrences_verified=0,claim_candidates_classified=7,NOT_APPLICABLE,NOT_APPLICABLE,,True,COVERED
COV-00998,physical_outer_member,90_FUENTES_INTEGRAS/OMEGA_THEORY_V1_1_ENTREGA_09_RESPUESTA_UNIVERSAL_Y_ALPHA/OMEGA_THEORY_V1_1_ENTREGA_09_RESPUESTA_UNIVERSAL_Y_ALPHA/01_DOCUMENTOS/03_RESULTADOS_NEGATIVOS.md,.md,370,07d3e134e36e49f5b7ee028a5495dffc9870a4092b71c00d1f5ad4d8ed8d335c,COVERED,SOURCE_ZIP_INVENTORY_EXTRACTED_EXACT,COVERED,markdown_blocks=2,equation_catalog_occurrences_verified=0,claim_candidates_classified=1,NOT_APPLICABLE,NOT_APPLICABLE,negative_catalog_occurrences=1,True,COVERED_WITH_NEGATIVE_OR_LIMITATION
COV-00999,physical_outer_member,90_FUENTES_INTEGRAS/OMEGA_THEORY_V1_1_ENTREGA_09_RESPUESTA_UNIVERSAL_Y_ALPHA/OMEGA_THEORY_V1_1_ENTREGA_09_RESPUESTA_UNIVERSAL_Y_ALPHA/01_DOCUMENTOS/04_DUDAS_ONTOLOGICAS.md,.md,436,78218944665d7bd9e332c3fb753804860d0f473dbb00587c681f15f493b7d2e2,COVERED,SOURCE_ZIP_INVENTORY_EXTRACTED_EXACT,COVERED,markdown_blocks=5,equation_catalog_occurrences_verified=0,claim_candidates_classified=0,NOT_APPLICABLE,NOT_APPLICABLE,open_doubt_occurrences=4,True,COVERED_WITH_NEGATIVE_OR_LIMITATION
COV-01000,physical_outer_member,90_FUENTES_INTEGRAS/OMEGA_THEORY_V1_1_ENTREGA_09_RESPUESTA_UNIVERSAL_Y_ALPHA/OMEGA_THEORY_V1_1_ENTREGA_09_RESPUESTA_UNIVERSAL_Y_ALPHA/01_DOCUMENTOS/05_IMPLICACION_ALPHA.md,.md,331,75e3ee3d8b01bdd0c9e37729e372d4c16e0bc3e1f17be2d9d48da87936c6f738,COVERED,SOURCE_ZIP_INVENTORY_EXTRACTED_EXACT,COVERED,markdown_blocks=5,equation_catalog_occurrences_verified=1,claim_candidates_classified=3,NOT_APPLICABLE,NOT_APPLICABLE,,True,COVERED
COV-01001,physical_outer_member,90_FUENTES_INTEGRAS/OMEGA_THEORY_V1_1_ENTREGA_09_RESPUESTA_UNIVERSAL_Y_ALPHA/OMEGA_THEORY_V1_1_ENTREGA_09_RESPUESTA_UNIVERSAL_Y_ALPHA/01_DOCUMENTOS/06_SIGUIENTE_PASO.md,.md,351,bbae889855a82057cd8ef13b8d39d436eed6bfd555c50cbd1c4a5aa0801c4553,COVERED,SOURCE_ZIP_INVENTORY_EXTRACTED_EXACT,COVERED,markdown_blocks=4,equation_catalog_occurrences_verified=0,claim_candidates_classified=3,NOT_APPLICABLE,NOT_APPLICABLE,,True,COVERED
COV-01002,physical_outer_member,90_FUENTES_INTEGRAS/OMEGA_THEORY_V1_1_ENTREGA_09_RESPUESTA_UNIVERSAL_Y_ALPHA/OMEGA_THEORY_V1_1_ENTREGA_09_RESPUESTA_UNIVERSAL_Y_ALPHA/02_PRUEBAS_NUMERICAS/TEST_01_RESPUESTA_UNIVERSAL.csv,.csv,41872,b71bc699ddfc5296585759788dd0a5c59fac673ab34fc12b80c82386d5b06485,COVERED,SOURCE_ZIP_INVENTORY_EXTRACTED_EXACT,COVERED,dataset_catalog_recomputed_exact,NOT_APPLICABLE,NOT_APPLICABLE,NOT_APPLICABLE,NOT_APPLICABLE,,True,COVERED
COV-01003,physical_outer_member,90_FUENTES_INTEGRAS/OMEGA_THEORY_V1_1_ENTREGA_09_RESPUESTA_UNIVERSAL_Y_ALPHA/OMEGA_THEORY_V1_1_ENTREGA_09_RESPUESTA_UNIVERSAL_Y_ALPHA/02_PRUEBAS_NUMERICAS/TEST_02_IDENTIDADES_REESCALADO.csv,.csv,844,aa0c00fe05016ba08f5f44a9c5632f69dff0814362eb4d1490d3e51b4e9cc30e,COVERED,SOURCE_ZIP_INVENTORY_EXTRACTED_EXACT,COVERED,dataset_catalog_recomputed_exact,NOT_APPLICABLE,NOT_APPLICABLE,NOT_APPLICABLE,NOT_APPLICABLE,,True,COVERED
COV-01004,physical_outer_member,90_FUENTES_INTEGRAS/OMEGA_THEORY_V1_1_ENTREGA_09_RESPUESTA_UNIVERSAL_Y_ALPHA/OMEGA_THEORY_V1_1_ENTREGA_09_RESPUESTA_UNIVERSAL_Y_ALPHA/02_PRUEBAS_NUMERICAS/TEST_03_SUSCEPTIBILIDADES.csv,.csv,22548,b9c338abddaafb998e8bd8e412d8baf1093b251ec1c8587efd571ef0b1ac6a5d,COVERED,SOURCE_ZIP_INVENTORY_EXTRACTED_EXACT,COVERED,dataset_catalog_recomputed_exact,NOT_APPLICABLE,NOT_APPLICABLE,NOT_APPLICABLE,NOT_APPLICABLE,,True,COVERED
COV-01005,physical_outer_member,90_FUENTES_INTEGRAS/OMEGA_THEORY_V1_1_ENTREGA_09_RESPUESTA_UNIVERSAL_Y_ALPHA/OMEGA_THEORY_V1_1_ENTREGA_09_RESPUESTA_UNIVERSAL_Y_ALPHA/02_PRUEBAS_NUMERICAS/TEST_04_EQUIVALENCIA_PROXY.csv,.csv,6547,43a72517d7244b81f2c3e51566ffc465cfd1d686a66c487b7fb7ae0ffc28e6b6,COVERED,SOURCE_ZIP_INVENTORY_EXTRACTED_EXACT,COVERED,dataset_catalog_recomputed_exact,NOT_APPLICABLE,NOT_APPLICABLE,NOT_APPLICABLE,NOT_APPLICABLE,,True,COVERED
COV-01006,physical_outer_member,90_FUENTES_INTEGRAS/OMEGA_THEORY_V1_1_ENTREGA_09_RESPUESTA_UNIVERSAL_Y_ALPHA/OMEGA_THEORY_V1_1_ENTREGA_09_RESPUESTA_UNIVERSAL_Y_ALPHA/02_PRUEBAS_NUMERICAS/TEST_05B_COINCIDENCIAS_ALPHA.csv,.csv,3798,262ab4e672dc7cf0b1412a87becee5aa61d4e73edce0a23cf30e28309e270852,COVERED,SOURCE_ZIP_INVENTORY_EXTRACTED_EXACT,COVERED,dataset_catalog_recomputed_exact,NOT_APPLICABLE,NOT_APPLICABLE,NOT_APPLICABLE,NOT_APPLICABLE,,True,COVERED
COV-01007,physical_outer_member,90_FUENTES_INTEGRAS/OMEGA_THEORY_V1_1_ENTREGA_09_RESPUESTA_UNIVERSAL_Y_ALPHA/OMEGA_THEORY_V1_1_ENTREGA_09_RESPUESTA_UNIVERSAL_Y_ALPHA/02_PRUEBAS_NUMERICAS/TEST_05_INVARIANTES_ESPECTRALES.csv,.csv,110763,ce958fb0cfda714cdb83fc55a35026624d7f6a2644a6cf32d17135babcd2b7c9,COVERED,SOURCE_ZIP_INVENTORY_EXTRACTED_EXACT,COVERED,dataset_catalog_recomputed_exact,NOT_APPLICABLE,NOT_APPLICABLE,NOT_APPLICABLE,NOT_APPLICABLE,,True,COVERED
COV-01008,physical_outer_member,90_FUENTES_INTEGRAS/OMEGA_THEORY_V1_1_ENTREGA_09_RESPUESTA_UNIVERSAL_Y_ALPHA/OMEGA_THEORY_V1_1_ENTREGA_09_RESPUESTA_UNIVERSAL_Y_ALPHA/02_PRUEBAS_NUMERICAS/TEST_06_NO_UNICIDAD.csv,.csv,124,b0bdbfac390812cb293bf1c38c7d304ac63f03c8680e1b0e7775718461a3948e,COVERED,SOURCE_ZIP_INVENTORY_EXTRACTED_EXACT,COVERED,dataset_catalog_recomputed_exact,NOT_APPLICABLE,NOT_APPLICABLE,NOT_APPLICABLE,NOT_APPLICABLE,,True,COVERED
COV-01009,physical_outer_member,90_FUENTES_INTEGRAS/OMEGA_THEORY_V1_1_ENTREGA_09_RESPUESTA_UNIVERSAL_Y_ALPHA/OMEGA_THEORY_V1_1_ENTREGA_09_RESPUESTA_UNIVERSAL_Y_ALPHA/02_PRUEBAS_NUMERICAS/TEST_07_CHI_SOBRE_RIGIDEZ.csv,.csv,1909,39539f22bebabe0e04dc384d7b9aeb410d48c55d6004c1eca480ee424106aa04,COVERED,SOURCE_ZIP_INVENTORY_EXTRACTED_EXACT,COVERED,dataset_catalog_recomputed_exact,NOT_APPLICABLE,NOT_APPLICABLE,NOT_APPLICABLE,NOT_APPLICABLE,,True,COVERED
COV-01010,physical_outer_member,90_FUENTES_INTEGRAS/OMEGA_THEORY_V1_1_ENTREGA_09_RESPUESTA_UNIVERSAL_Y_ALPHA/OMEGA_THEORY_V1_1_ENTREGA_09_RESPUESTA_UNIVERSAL_Y_ALPHA/02_PRUEBAS_NUMERICAS/TEST_08_VEREDICTO.csv,.csv,549,b255b4e601b149eb1c59cde9e23ec962998476aadc114439d7ee06c959183cbd,COVERED,SOURCE_ZIP_INVENTORY_EXTRACTED_EXACT,COVERED,dataset_catalog_recomputed_exact,NOT_APPLICABLE,NOT_APPLICABLE,NOT_APPLICABLE,NOT_APPLICABLE,,True,COVERED
COV-01011,physical_outer_member,90_FUENTES_INTEGRAS/OMEGA_THEORY_V1_1_ENTREGA_09_RESPUESTA_UNIVERSAL_Y_ALPHA/OMEGA_THEORY_V1_1_ENTREGA_09_RESPUESTA_UNIVERSAL_Y_ALPHA/03_CODIGO/reproducir_entrega_09.py,.py,101,2cbc0dcc4df6e31f31003c622247167c670fe2f0156ab9d5cd505a9f9d6546e0,COVERED,SOURCE_ZIP_INVENTORY_EXTRACTED_EXACT,COVERED,python_ast_and_compile_checked,NOT_APPLICABLE,NOT_APPLICABLE,NOT_APPLICABLE,executed_successfully,,True,COVERED
COV-01012,physical_outer_member,90_FUENTES_INTEGRAS/OMEGA_THEORY_V1_1_ENTREGA_09_RESPUESTA_UNIVERSAL_Y_ALPHA/OMEGA_THEORY_V1_1_ENTREGA_09_RESPUESTA_UNIVERSAL_Y_ALPHA/04_FIGURAS/FIG_01_RESPUESTA_UNIVERSAL.png,.png,76677,1854363fb0ad59163fbe93a8af8e47e9225ef575038fcd12e7171224d3f000bb,COVERED,SOURCE_ZIP_INVENTORY_EXTRACTED_EXACT,COVERED,image_structurally_validated,NOT_APPLICABLE,NOT_APPLICABLE,reviewed_pass,NOT_APPLICABLE,,True,COVERED
COV-01013,physical_outer_member,90_FUENTES_INTEGRAS/OMEGA_THEORY_V1_1_ENTREGA_09_RESPUESTA_UNIVERSAL_Y_ALPHA/OMEGA_THEORY_V1_1_ENTREGA_09_RESPUESTA_UNIVERSAL_Y_ALPHA/04_FIGURAS/FIG_02_SUSCEPTIBILIDADES.png,.png,82733,bc0e8e3b35c250c9e7bdccc8e9568f2bae9ec3549ea3949997d3e8bf937214ca,COVERED,SOURCE_ZIP_INVENTORY_EXTRACTED_EXACT,COVERED,image_structurally_validated,NOT_APPLICABLE,NOT_APPLICABLE,reviewed_pass,NOT_APPLICABLE,,True,COVERED
COV-01014,physical_outer_member,90_FUENTES_INTEGRAS/OMEGA_THEORY_V1_1_ENTREGA_09_RESPUESTA_UNIVERSAL_Y_ALPHA/OMEGA_THEORY_V1_1_ENTREGA_09_RESPUESTA_UNIVERSAL_Y_ALPHA/04_FIGURAS/FIG_03_INVARIANTES_ALPHA.png,.png,86586,379369b64a3c1dc80e1efe5120f019b5e0728506e3a6221a703d819433dfbaa7,COVERED,SOURCE_ZIP_INVENTORY_EXTRACTED_EXACT,COVERED,image_structurally_validated,NOT_APPLICABLE,NOT_APPLICABLE,reviewed_pass,NOT_APPLICABLE,,True,COVERED
COV-01015,physical_outer_member,90_FUENTES_INTEGRAS/OMEGA_THEORY_V1_1_ENTREGA_09_RESPUESTA_UNIVERSAL_Y_ALPHA/OMEGA_THEORY_V1_1_ENTREGA_09_RESPUESTA_UNIVERSAL_Y_ALPHA/04_FIGURAS/FIG_04_ALPHA_CHI_K.png,.png,91152,332188a7a63b6e33aa121296bec82e62963006eb07f451a01f52b02e5a3621aa,COVERED,SOURCE_ZIP_INVENTORY_EXTRACTED_EXACT,COVERED,image_structurally_validated,NOT_APPLICABLE,NOT_APPLICABLE,reviewed_pass,NOT_APPLICABLE,,True,COVERED
COV-01016,physical_outer_member,90_FUENTES_INTEGRAS/OMEGA_THEORY_V1_1_ENTREGA_09_RESPUESTA_UNIVERSAL_Y_ALPHA/OMEGA_THEORY_V1_1_ENTREGA_09_RESPUESTA_UNIVERSAL_Y_ALPHA/05_DATOS/RESUMEN_RESULTADOS.json,.json,284,6d9446218aea311d4a10dc417fb30a3560f97f67581930682bb23ae8e238192c,COVERED,SOURCE_ZIP_INVENTORY_EXTRACTED_EXACT,COVERED,json_parsed,NOT_APPLICABLE,NOT_APPLICABLE,NOT_APPLICABLE,NOT_APPLICABLE,,True,COVERED
COV-01017,physical_outer_member,90_FUENTES_INTEGRAS/OMEGA_THEORY_V1_1_ENTREGA_09_RESPUESTA_UNIVERSAL_Y_ALPHA/OMEGA_THEORY_V1_1_ENTREGA_09_RESPUESTA_UNIVERSAL_Y_ALPHA/06_MANIFIESTO/MANIFIESTO_ARCHIVOS.csv,.csv,2502,63b0cf2046ecea6e92fc0f967aba75e2e96fb785b908b5c7aa5a6343af125663,COVERED,SOURCE_ZIP_INVENTORY_EXTRACTED_EXACT,COVERED,dataset_catalog_recomputed_exact,NOT_APPLICABLE,NOT_APPLICABLE,NOT_APPLICABLE,NOT_APPLICABLE,,True,COVERED
COV-01018,physical_outer_member,90_FUENTES_INTEGRAS/OMEGA_THEORY_V1_1_ENTREGA_10_CONEXION_ABElIANA_Y_ACOPLAMIENTO/OMEGA_THEORY_V1_1_ENTREGA_10_CONEXION_ABElIANA_Y_ACOPLAMIENTO/00_LEEME.md,.md,1141,cad37dcf863630fa5af741196eb91f0db02e706575e01bfc9c8b31d9c1311c59,COVERED,SOURCE_ZIP_INVENTORY_EXTRACTED_EXACT,COVERED,markdown_blocks=16,equation_catalog_occurrences_verified=6,claim_candidates_classified=9,NOT_APPLICABLE,NOT_APPLICABLE,,True,COVERED
COV-01019,physical_outer_member,90_FUENTES_INTEGRAS/OMEGA_THEORY_V1_1_ENTREGA_10_CONEXION_ABElIANA_Y_ACOPLAMIENTO/OMEGA_THEORY_V1_1_ENTREGA_10_CONEXION_ABElIANA_Y_ACOPLAMIENTO/01_DOCUMENTOS/01_DERIVACION_MATEMATICA.md,.md,1011,e2f8b47d6b29978516df43883ff00b6221a51a15a4eb6b80b55b235d91edc3f3,COVERED,SOURCE_ZIP_INVENTORY_EXTRACTED_EXACT,COVERED,markdown_blocks=27,equation_catalog_occurrences_verified=13,claim_candidates_classified=8,NOT_APPLICABLE,NOT_APPLICABLE,,True,COVERED
COV-01020,physical_outer_member,90_FUENTES_INTEGRAS/OMEGA_THEORY_V1_1_ENTREGA_10_CONEXION_ABElIANA_Y_ACOPLAMIENTO/OMEGA_THEORY_V1_1_ENTREGA_10_CONEXION_ABElIANA_Y_ACOPLAMIENTO/01_DOCUMENTOS/02_RESULTADOS_NUMERICOS.md,.md,14659,3ca13243f83afef70833015af4b81ad16a531cddcb89b88d63e040455f3168b3,COVERED,SOURCE_ZIP_INVENTORY_EXTRACTED_EXACT,COVERED,markdown_blocks=21,equation_catalog_occurrences_verified=0,claim_candidates_classified=10,NOT_APPLICABLE,NOT_APPLICABLE,,True,COVERED
COV-01021,physical_outer_member,90_FUENTES_INTEGRAS/OMEGA_THEORY_V1_1_ENTREGA_10_CONEXION_ABElIANA_Y_ACOPLAMIENTO/OMEGA_THEORY_V1_1_ENTREGA_10_CONEXION_ABElIANA_Y_ACOPLAMIENTO/01_DOCUMENTOS/03_RESULTADOS_NEGATIVOS.md,.md,511,4b7fe222b829090b72b3070e21ff5388a128bad8d79941ba225f2f6415e1c0ec,COVERED,SOURCE_ZIP_INVENTORY_EXTRACTED_EXACT,COVERED,markdown_blocks=2,equation_catalog_occurrences_verified=0,claim_candidates_classified=1,NOT_APPLICABLE,NOT_APPLICABLE,negative_catalog_occurrences=2,True,COVERED_WITH_NEGATIVE_OR_LIMITATION
COV-01022,physical_outer_member,90_FUENTES_INTEGRAS/OMEGA_THEORY_V1_1_ENTREGA_10_CONEXION_ABElIANA_Y_ACOPLAMIENTO/OMEGA_THEORY_V1_1_ENTREGA_10_CONEXION_ABElIANA_Y_ACOPLAMIENTO/01_DOCUMENTOS/04_DUDAS_ONTOLOGICAS.md,.md,609,ffff953254381f8e132d2945e955495954d63c4f976d00b1089f5e531fd4e1d3,COVERED,SOURCE_ZIP_INVENTORY_EXTRACTED_EXACT,COVERED,markdown_blocks=9,equation_catalog_occurrences_verified=0,claim_candidates_classified=3,NOT_APPLICABLE,NOT_APPLICABLE,open_doubt_occurrences=5,True,COVERED_WITH_NEGATIVE_OR_LIMITATION
COV-01023,physical_outer_member,90_FUENTES_INTEGRAS/OMEGA_THEORY_V1_1_ENTREGA_10_CONEXION_ABElIANA_Y_ACOPLAMIENTO/OMEGA_THEORY_V1_1_ENTREGA_10_CONEXION_ABElIANA_Y_ACOPLAMIENTO/01_DOCUMENTOS/05_IMPLICACION_ALPHA.md,.md,554,a361eaa5df9d69cd4b9390202f0453094d56e70755eedd405ce1fb97bed79f60,COVERED,SOURCE_ZIP_INVENTORY_EXTRACTED_EXACT,COVERED,markdown_blocks=7,equation_catalog_occurrences_verified=1,claim_candidates_classified=5,NOT_APPLICABLE,NOT_APPLICABLE,,True,COVERED
COV-01024,physical_outer_member,90_FUENTES_INTEGRAS/OMEGA_THEORY_V1_1_ENTREGA_10_CONEXION_ABElIANA_Y_ACOPLAMIENTO/OMEGA_THEORY_V1_1_ENTREGA_10_CONEXION_ABElIANA_Y_ACOPLAMIENTO/01_DOCUMENTOS/06_SIGUIENTE_PASO.md,.md,571,da20f6b465244f7746a4e17c07ac3494672cc9512bd1c93c8d0068d59bc38744,COVERED,SOURCE_ZIP_INVENTORY_EXTRACTED_EXACT,COVERED,markdown_blocks=7,equation_catalog_occurrences_verified=0,claim_candidates_classified=3,NOT_APPLICABLE,NOT_APPLICABLE,,True,COVERED
COV-01025,physical_outer_member,90_FUENTES_INTEGRAS/OMEGA_THEORY_V1_1_ENTREGA_10_CONEXION_ABElIANA_Y_ACOPLAMIENTO/OMEGA_THEORY_V1_1_ENTREGA_10_CONEXION_ABElIANA_Y_ACOPLAMIENTO/02_PRUEBAS_NUMERICAS/TEST_01_CORRIENTE_DERIVADA_ENERGIA.csv,.csv,23643,bd06063fa3ad8abf3f41d65ac53347e903b79cf3930845298ed5aef3419ead61,COVERED,SOURCE_ZIP_INVENTORY_EXTRACTED_EXACT,COVERED,dataset_catalog_recomputed_exact,NOT_APPLICABLE,NOT_APPLICABLE,NOT_APPLICABLE,NOT_APPLICABLE,,True,COVERED
COV-01026,physical_outer_member,90_FUENTES_INTEGRAS/OMEGA_THEORY_V1_1_ENTREGA_10_CONEXION_ABElIANA_Y_ACOPLAMIENTO/OMEGA_THEORY_V1_1_ENTREGA_10_CONEXION_ABElIANA_Y_ACOPLAMIENTO/02_PRUEBAS_NUMERICAS/TEST_02_SUSCEPTIBILIDAD_LINEAL.csv,.csv,1945,a5b8c8beb462ebca6983c4f9968b464b1d33d5763fd5936134de018477428b70,COVERED,SOURCE_ZIP_INVENTORY_EXTRACTED_EXACT,COVERED,dataset_catalog_recomputed_exact,NOT_APPLICABLE,NOT_APPLICABLE,NOT_APPLICABLE,NOT_APPLICABLE,,True,COVERED
COV-01027,physical_outer_member,90_FUENTES_INTEGRAS/OMEGA_THEORY_V1_1_ENTREGA_10_CONEXION_ABElIANA_Y_ACOPLAMIENTO/OMEGA_THEORY_V1_1_ENTREGA_10_CONEXION_ABElIANA_Y_ACOPLAMIENTO/02_PRUEBAS_NUMERICAS/TEST_03_RIGIDEZ_CURVATURA.csv,.csv,280,781ed8e92c0cb91d64d76e8a1e693af27353312e0a85a44ed0d0aa1672952362,COVERED,SOURCE_ZIP_INVENTORY_EXTRACTED_EXACT,COVERED,dataset_catalog_recomputed_exact,NOT_APPLICABLE,NOT_APPLICABLE,NOT_APPLICABLE,NOT_APPLICABLE,,True,COVERED
COV-01028,physical_outer_member,90_FUENTES_INTEGRAS/OMEGA_THEORY_V1_1_ENTREGA_10_CONEXION_ABElIANA_Y_ACOPLAMIENTO/OMEGA_THEORY_V1_1_ENTREGA_10_CONEXION_ABElIANA_Y_ACOPLAMIENTO/02_PRUEBAS_NUMERICAS/TEST_04_ACOPLAMIENTO_EFECTIVO.csv,.csv,13907,c766a411b148687ff00812d100126ab2b3d4c0a5e2042ba4433e633fafeff795,COVERED,SOURCE_ZIP_INVENTORY_EXTRACTED_EXACT,COVERED,dataset_catalog_recomputed_exact,NOT_APPLICABLE,NOT_APPLICABLE,NOT_APPLICABLE,NOT_APPLICABLE,,True,COVERED
COV-01029,physical_outer_member,90_FUENTES_INTEGRAS/OMEGA_THEORY_V1_1_ENTREGA_10_CONEXION_ABElIANA_Y_ACOPLAMIENTO/OMEGA_THEORY_V1_1_ENTREGA_10_CONEXION_ABElIANA_Y_ACOPLAMIENTO/02_PRUEBAS_NUMERICAS/TEST_05_INVARIANCIA_GAUGE.csv,.csv,36843,9167982eacb9db4a2c584ff742744cf66d148e6835af8308ab46c7e833d03ef9,COVERED,SOURCE_ZIP_INVENTORY_EXTRACTED_EXACT,COVERED,dataset_catalog_recomputed_exact,NOT_APPLICABLE,NOT_APPLICABLE,NOT_APPLICABLE,NOT_APPLICABLE,,True,COVERED
COV-01030,physical_outer_member,90_FUENTES_INTEGRAS/OMEGA_THEORY_V1_1_ENTREGA_10_CONEXION_ABElIANA_Y_ACOPLAMIENTO/OMEGA_THEORY_V1_1_ENTREGA_10_CONEXION_ABElIANA_Y_ACOPLAMIENTO/02_PRUEBAS_NUMERICAS/TEST_06_SECTORES_TOPOLOGICOS.csv,.csv,2583,641eee060248495060952f64f02e88bd0b624ad77a6a843da7f1bd5584822aa8,COVERED,SOURCE_ZIP_INVENTORY_EXTRACTED_EXACT,COVERED,dataset_catalog_recomputed_exact,NOT_APPLICABLE,NOT_APPLICABLE,NOT_APPLICABLE,NOT_APPLICABLE,,True,COVERED
COV-01031,physical_outer_member,90_FUENTES_INTEGRAS/OMEGA_THEORY_V1_1_ENTREGA_10_CONEXION_ABElIANA_Y_ACOPLAMIENTO/OMEGA_THEORY_V1_1_ENTREGA_10_CONEXION_ABElIANA_Y_ACOPLAMIENTO/02_PRUEBAS_NUMERICAS/TEST_07_CUANTIZACION_CIERRE.csv,.csv,1558,f7227e5131e7de340b22eb3a45aaa347ae913653cdb4cc20b61cbbd37d7a08fa,COVERED,SOURCE_ZIP_INVENTORY_EXTRACTED_EXACT,COVERED,dataset_catalog_recomputed_exact,NOT_APPLICABLE,NOT_APPLICABLE,NOT_APPLICABLE,NOT_APPLICABLE,,True,COVERED
COV-01032,physical_outer_member,90_FUENTES_INTEGRAS/OMEGA_THEORY_V1_1_ENTREGA_10_CONEXION_ABElIANA_Y_ACOPLAMIENTO/OMEGA_THEORY_V1_1_ENTREGA_10_CONEXION_ABElIANA_Y_ACOPLAMIENTO/02_PRUEBAS_NUMERICAS/TEST_08B_COINCIDENCIAS_MAS_CERCANAS.csv,.csv,1273,e4302a7032f318aae22fb82c52c76b6e552208b34e72c5b77c379c69e6f44006,COVERED,SOURCE_ZIP_INVENTORY_EXTRACTED_EXACT,COVERED,dataset_catalog_recomputed_exact,NOT_APPLICABLE,NOT_APPLICABLE,NOT_APPLICABLE,NOT_APPLICABLE,,True,COVERED
COV-01033,physical_outer_member,90_FUENTES_INTEGRAS/OMEGA_THEORY_V1_1_ENTREGA_10_CONEXION_ABElIANA_Y_ACOPLAMIENTO/OMEGA_THEORY_V1_1_ENTREGA_10_CONEXION_ABElIANA_Y_ACOPLAMIENTO/02_PRUEBAS_NUMERICAS/TEST_08_TOPOLOGIA_NO_FIJA_ALPHA.csv,.csv,61111,a0cd406c9786b54e01b646895a6b9ba3aac534dd24245f6f40a35c52dd6cd1d9,COVERED,SOURCE_ZIP_INVENTORY_EXTRACTED_EXACT,COVERED,dataset_catalog_recomputed_exact,NOT_APPLICABLE,NOT_APPLICABLE,NOT_APPLICABLE,NOT_APPLICABLE,,True,COVERED
COV-01034,physical_outer_member,90_FUENTES_INTEGRAS/OMEGA_THEORY_V1_1_ENTREGA_10_CONEXION_ABElIANA_Y_ACOPLAMIENTO/OMEGA_THEORY_V1_1_ENTREGA_10_CONEXION_ABElIANA_Y_ACOPLAMIENTO/02_PRUEBAS_NUMERICAS/TEST_09_RETROACCION_AUTOCONSISTENTE.csv,.csv,12715,cf986148a92ef66b32670be41de00505a6ba072349a6880483f6a72287ab6c39,COVERED,SOURCE_ZIP_INVENTORY_EXTRACTED_EXACT,COVERED,dataset_catalog_recomputed_exact,NOT_APPLICABLE,NOT_APPLICABLE,NOT_APPLICABLE,NOT_APPLICABLE,,True,COVERED
COV-01035,physical_outer_member,90_FUENTES_INTEGRAS/OMEGA_THEORY_V1_1_ENTREGA_10_CONEXION_ABElIANA_Y_ACOPLAMIENTO/OMEGA_THEORY_V1_1_ENTREGA_10_CONEXION_ABElIANA_Y_ACOPLAMIENTO/02_PRUEBAS_NUMERICAS/TEST_10_VEREDICTO.csv,.csv,673,ea9573d77bfdc461886f06a03bbf4eafc8cd0ce3335ac2e49d2423325d3e416f,COVERED,SOURCE_ZIP_INVENTORY_EXTRACTED_EXACT,COVERED,dataset_catalog_recomputed_exact,NOT_APPLICABLE,NOT_APPLICABLE,NOT_APPLICABLE,NOT_APPLICABLE,,True,COVERED
COV-01036,physical_outer_member,90_FUENTES_INTEGRAS/OMEGA_THEORY_V1_1_ENTREGA_10_CONEXION_ABElIANA_Y_ACOPLAMIENTO/OMEGA_THEORY_V1_1_ENTREGA_10_CONEXION_ABElIANA_Y_ACOPLAMIENTO/03_CODIGO/reproducir_entrega_10.py,.py,175,ef46502187b6e4753cf369d87ad8ce87947cf1ca8de720501ca13c96c1501d8a,COVERED,SOURCE_ZIP_INVENTORY_EXTRACTED_EXACT,COVERED,python_ast_and_compile_checked,NOT_APPLICABLE,NOT_APPLICABLE,NOT_APPLICABLE,executed_successfully,,True,COVERED
COV-01037,physical_outer_member,90_FUENTES_INTEGRAS/OMEGA_THEORY_V1_1_ENTREGA_10_CONEXION_ABElIANA_Y_ACOPLAMIENTO/OMEGA_THEORY_V1_1_ENTREGA_10_CONEXION_ABElIANA_Y_ACOPLAMIENTO/04_FIGURAS/FIG_01_SUSCEPTIBILIDAD.png,.png,57083,3b43ac1bafdd131d7ca5cbe67b14bad5e25f149ea2eff900a9e8e35f5ab51e97,COVERED,SOURCE_ZIP_INVENTORY_EXTRACTED_EXACT,COVERED,image_structurally_validated,NOT_APPLICABLE,NOT_APPLICABLE,reviewed_pass,NOT_APPLICABLE,,True,COVERED
COV-01038,physical_outer_member,90_FUENTES_INTEGRAS/OMEGA_THEORY_V1_1_ENTREGA_10_CONEXION_ABElIANA_Y_ACOPLAMIENTO/OMEGA_THEORY_V1_1_ENTREGA_10_CONEXION_ABElIANA_Y_ACOPLAMIENTO/04_FIGURAS/FIG_02_ENERGIA_COMPACTA.png,.png,80062,26c193acee1b9b70b05c5c9da619bcae7979b488f50c7f6418ea9f3a35dd55bb,COVERED,SOURCE_ZIP_INVENTORY_EXTRACTED_EXACT,COVERED,image_structurally_validated,NOT_APPLICABLE,NOT_APPLICABLE,reviewed_pass,NOT_APPLICABLE,,True,COVERED
COV-01039,physical_outer_member,90_FUENTES_INTEGRAS/OMEGA_THEORY_V1_1_ENTREGA_10_CONEXION_ABElIANA_Y_ACOPLAMIENTO/OMEGA_THEORY_V1_1_ENTREGA_10_CONEXION_ABElIANA_Y_ACOPLAMIENTO/04_FIGURAS/FIG_03_SECTORES_TOPOLOGICOS.png,.png,102338,478011f712fb79a0c8f15a8ae7c4bc96f8614af733ffbc5682fe6c787822c021,COVERED,SOURCE_ZIP_INVENTORY_EXTRACTED_EXACT,COVERED,image_structurally_validated,NOT_APPLICABLE,NOT_APPLICABLE,reviewed_pass,NOT_APPLICABLE,,True,COVERED
COV-01040,physical_outer_member,90_FUENTES_INTEGRAS/OMEGA_THEORY_V1_1_ENTREGA_10_CONEXION_ABElIANA_Y_ACOPLAMIENTO/OMEGA_THEORY_V1_1_ENTREGA_10_CONEXION_ABElIANA_Y_ACOPLAMIENTO/04_FIGURAS/FIG_04_TOPOLOGIA_ALPHA.png,.png,88311,4759e0c2e1860926d14d0c5ee620d6c381c8067f89a270aee687a1d7e7c7e0c1,COVERED,SOURCE_ZIP_INVENTORY_EXTRACTED_EXACT,COVERED,image_structurally_validated,NOT_APPLICABLE,NOT_APPLICABLE,reviewed_pass,NOT_APPLICABLE,,True,COVERED
COV-01041,physical_outer_member,90_FUENTES_INTEGRAS/OMEGA_THEORY_V1_1_ENTREGA_10_CONEXION_ABElIANA_Y_ACOPLAMIENTO/OMEGA_THEORY_V1_1_ENTREGA_10_CONEXION_ABElIANA_Y_ACOPLAMIENTO/05_DATOS/RESUMEN_RESULTADOS.json,.json,451,9f40ee3cd80b3eda7b5541f46ee0416e40253e51f7430bc83f7f4eff40543e74,COVERED,SOURCE_ZIP_INVENTORY_EXTRACTED_EXACT,COVERED,json_parsed,NOT_APPLICABLE,NOT_APPLICABLE,NOT_APPLICABLE,NOT_APPLICABLE,,True,COVERED
COV-01042,physical_outer_member,90_FUENTES_INTEGRAS/OMEGA_THEORY_V1_1_ENTREGA_10_CONEXION_ABElIANA_Y_ACOPLAMIENTO/OMEGA_THEORY_V1_1_ENTREGA_10_CONEXION_ABElIANA_Y_ACOPLAMIENTO/06_MANIFIESTO/MANIFIESTO_ARCHIVOS.csv,.csv,2887,2e8e61c17002559a7483dd3b9d0f9080f4960fbbd4246475e60986a587a266de,COVERED,SOURCE_ZIP_INVENTORY_EXTRACTED_EXACT,COVERED,dataset_catalog_recomputed_exact,NOT_APPLICABLE,NOT_APPLICABLE,NOT_APPLICABLE,NOT_APPLICABLE,,True,COVERED
COV-01043,physical_outer_member,90_FUENTES_INTEGRAS/OMEGA_THEORY_V1_1_ENTREGA_10_CONEXION_ABElIANA_Y_ACOPLAMIENTO/OMEGA_THEORY_V1_1_ENTREGA_10_CONEXION_ABElIANA_Y_ACOPLAMIENTO/06_MANIFIESTO/METADATA.json,.json,138,6ea193c6117442236a82cab566b2da9a51898e4f83f2b58a74da8fac47cebf28,COVERED,SOURCE_ZIP_INVENTORY_EXTRACTED_EXACT,COVERED,json_parsed,NOT_APPLICABLE,NOT_APPLICABLE,NOT_APPLICABLE,NOT_APPLICABLE,,True,COVERED
COV-01044,physical_outer_member,90_FUENTES_INTEGRAS/OMEGA_THEORY_V1_1_ENTREGA_11_CAMPO_UNIVERSAL_Y_VARIACION_ALPHA/OMEGA_THEORY_V1_1_ENTREGA_11_CAMPO_UNIVERSAL_Y_VARIACION_ALPHA/00_LEEME.md,.md,1403,469500e6e1a85799e68ca108a73d6204fae1971afa4220952344003a56c3c7f8,COVERED,SOURCE_ZIP_INVENTORY_EXTRACTED_EXACT,COVERED,markdown_blocks=31,equation_catalog_occurrences_verified=12,claim_candidates_classified=15,NOT_APPLICABLE,NOT_APPLICABLE,,True,COVERED
COV-01045,physical_outer_member,90_FUENTES_INTEGRAS/OMEGA_THEORY_V1_1_ENTREGA_11_CAMPO_UNIVERSAL_Y_VARIACION_ALPHA/OMEGA_THEORY_V1_1_ENTREGA_11_CAMPO_UNIVERSAL_Y_VARIACION_ALPHA/01_DOCUMENTOS/01_DERIVACION_MATEMATICA.md,.md,658,4c687ae7fed8a9e5091ff260c83505497eecfc245c3feeef6dc937e157e48fe4,COVERED,SOURCE_ZIP_INVENTORY_EXTRACTED_EXACT,COVERED,markdown_blocks=20,equation_catalog_occurrences_verified=8,claim_candidates_classified=9,NOT_APPLICABLE,NOT_APPLICABLE,,True,COVERED
COV-01046,physical_outer_member,90_FUENTES_INTEGRAS/OMEGA_THEORY_V1_1_ENTREGA_11_CAMPO_UNIVERSAL_Y_VARIACION_ALPHA/OMEGA_THEORY_V1_1_ENTREGA_11_CAMPO_UNIVERSAL_Y_VARIACION_ALPHA/01_DOCUMENTOS/02_RESULTADOS_NUMERICOS.md,.md,10270,d2f9a85affe3e65ff16be24e516840050d820ada1ab39f1bad17b425ead0cf02,COVERED,SOURCE_ZIP_INVENTORY_EXTRACTED_EXACT,COVERED,markdown_blocks=15,equation_catalog_occurrences_verified=0,claim_candidates_classified=7,NOT_APPLICABLE,NOT_APPLICABLE,,True,COVERED
COV-01047,physical_outer_member,90_FUENTES_INTEGRAS/OMEGA_THEORY_V1_1_ENTREGA_11_CAMPO_UNIVERSAL_Y_VARIACION_ALPHA/OMEGA_THEORY_V1_1_ENTREGA_11_CAMPO_UNIVERSAL_Y_VARIACION_ALPHA/01_DOCUMENTOS/03_RESULTADOS_NEGATIVOS.md,.md,491,9b0f52c512e394d011a90acf5bde83e48ee2690c7e885a0b349699a96e482f1b,COVERED,SOURCE_ZIP_INVENTORY_EXTRACTED_EXACT,COVERED,markdown_blocks=2,equation_catalog_occurrences_verified=0,claim_candidates_classified=1,NOT_APPLICABLE,NOT_APPLICABLE,negative_catalog_occurrences=2,True,COVERED_WITH_NEGATIVE_OR_LIMITATION
COV-01048,physical_outer_member,90_FUENTES_INTEGRAS/OMEGA_THEORY_V1_1_ENTREGA_11_CAMPO_UNIVERSAL_Y_VARIACION_ALPHA/OMEGA_THEORY_V1_1_ENTREGA_11_CAMPO_UNIVERSAL_Y_VARIACION_ALPHA/01_DOCUMENTOS/04_DUDAS_ONTOLOGICAS.md,.md,630,05113af7f922061f95b6cd9cd56a271104d5f4d30b0c08451a43e6223648ac08,COVERED,SOURCE_ZIP_INVENTORY_EXTRACTED_EXACT,COVERED,markdown_blocks=10,equation_catalog_occurrences_verified=0,claim_candidates_classified=5,NOT_APPLICABLE,NOT_APPLICABLE,open_doubt_occurrences=4,True,COVERED_WITH_NEGATIVE_OR_LIMITATION
COV-01049,physical_outer_member,90_FUENTES_INTEGRAS/OMEGA_THEORY_V1_1_ENTREGA_11_CAMPO_UNIVERSAL_Y_VARIACION_ALPHA/OMEGA_THEORY_V1_1_ENTREGA_11_CAMPO_UNIVERSAL_Y_VARIACION_ALPHA/01_DOCUMENTOS/05_COMPARACION_OBSERVACIONAL.md,.md,583,b78672af4e016830ad656a1a94aa770da5ca6cd08a6738a4e2ddfd5095851db6,COVERED,SOURCE_ZIP_INVENTORY_EXTRACTED_EXACT,COVERED,markdown_blocks=11,equation_catalog_occurrences_verified=4,claim_candidates_classified=6,NOT_APPLICABLE,NOT_APPLICABLE,,True,COVERED
COV-01050,physical_outer_member,90_FUENTES_INTEGRAS/OMEGA_THEORY_V1_1_ENTREGA_11_CAMPO_UNIVERSAL_Y_VARIACION_ALPHA/OMEGA_THEORY_V1_1_ENTREGA_11_CAMPO_UNIVERSAL_Y_VARIACION_ALPHA/01_DOCUMENTOS/06_SIGUIENTE_PASO.md,.md,624,b026096455570a7cbd7ab6e149a29e1aef73ac376feea28a661716a914a967aa,COVERED,SOURCE_ZIP_INVENTORY_EXTRACTED_EXACT,COVERED,markdown_blocks=7,equation_catalog_occurrences_verified=0,claim_candidates_classified=3,NOT_APPLICABLE,NOT_APPLICABLE,,True,COVERED
COV-01051,physical_outer_member,90_FUENTES_INTEGRAS/OMEGA_THEORY_V1_1_ENTREGA_11_CAMPO_UNIVERSAL_Y_VARIACION_ALPHA/OMEGA_THEORY_V1_1_ENTREGA_11_CAMPO_UNIVERSAL_Y_VARIACION_ALPHA/02_PRUEBAS_NUMERICAS/TEST_01_ESCENARIOS_ESCALADO.csv,.csv,203324,553dd7e972525d072716bfc596191518b94413bfddc01fe5eede5a9c6645a259,COVERED,SOURCE_ZIP_INVENTORY_EXTRACTED_EXACT,COVERED,dataset_catalog_recomputed_exact,NOT_APPLICABLE,NOT_APPLICABLE,NOT_APPLICABLE,NOT_APPLICABLE,,True,COVERED
COV-01052,physical_outer_member,90_FUENTES_INTEGRAS/OMEGA_THEORY_V1_1_ENTREGA_11_CAMPO_UNIVERSAL_Y_VARIACION_ALPHA/OMEGA_THEORY_V1_1_ENTREGA_11_CAMPO_UNIVERSAL_Y_VARIACION_ALPHA/02_PRUEBAS_NUMERICAS/TEST_02_INVARIANCIA_ESCALADO_COMUN.csv,.csv,487,0eed9fcdb05ae3b852d7788381c1972ae51267c423ff2390190395e83772f860,COVERED,SOURCE_ZIP_INVENTORY_EXTRACTED_EXACT,COVERED,dataset_catalog_recomputed_exact,NOT_APPLICABLE,NOT_APPLICABLE,NOT_APPLICABLE,NOT_APPLICABLE,,True,COVERED
COV-01053,physical_outer_member,90_FUENTES_INTEGRAS/OMEGA_THEORY_V1_1_ENTREGA_11_CAMPO_UNIVERSAL_Y_VARIACION_ALPHA/OMEGA_THEORY_V1_1_ENTREGA_11_CAMPO_UNIVERSAL_Y_VARIACION_ALPHA/02_PRUEBAS_NUMERICAS/TEST_03_LIMITE_OBSERVACIONAL_A_MENOS_B.csv,.csv,236,02c229baa5d04fd2f9f6d22dc45229c8cf2f5bbd58b3b352ef009b66b744875c,COVERED,SOURCE_ZIP_INVENTORY_EXTRACTED_EXACT,COVERED,dataset_catalog_recomputed_exact,NOT_APPLICABLE,NOT_APPLICABLE,NOT_APPLICABLE,NOT_APPLICABLE,,True,COVERED
COV-01054,physical_outer_member,90_FUENTES_INTEGRAS/OMEGA_THEORY_V1_1_ENTREGA_11_CAMPO_UNIVERSAL_Y_VARIACION_ALPHA/OMEGA_THEORY_V1_1_ENTREGA_11_CAMPO_UNIVERSAL_Y_VARIACION_ALPHA/02_PRUEBAS_NUMERICAS/TEST_04_MODULACION_ALPHA.csv,.csv,833,c053379a77d2a9875a4052da55174bd47078ef23716569590867ee9a70f6ebf4,COVERED,SOURCE_ZIP_INVENTORY_EXTRACTED_EXACT,COVERED,dataset_catalog_recomputed_exact,NOT_APPLICABLE,NOT_APPLICABLE,NOT_APPLICABLE,NOT_APPLICABLE,,True,COVERED
COV-01055,physical_outer_member,90_FUENTES_INTEGRAS/OMEGA_THEORY_V1_1_ENTREGA_11_CAMPO_UNIVERSAL_Y_VARIACION_ALPHA/OMEGA_THEORY_V1_1_ENTREGA_11_CAMPO_UNIVERSAL_Y_VARIACION_ALPHA/02_PRUEBAS_NUMERICAS/TEST_05_SENSIBILIDAD_RELOJES.csv,.csv,958,9bedda557b97fe519aa2b7d134d594aa06e47fbbf5c20f206723239b617a325f,COVERED,SOURCE_ZIP_INVENTORY_EXTRACTED_EXACT,COVERED,dataset_catalog_recomputed_exact,NOT_APPLICABLE,NOT_APPLICABLE,NOT_APPLICABLE,NOT_APPLICABLE,,True,COVERED
COV-01056,physical_outer_member,90_FUENTES_INTEGRAS/OMEGA_THEORY_V1_1_ENTREGA_11_CAMPO_UNIVERSAL_Y_VARIACION_ALPHA/OMEGA_THEORY_V1_1_ENTREGA_11_CAMPO_UNIVERSAL_Y_VARIACION_ALPHA/02_PRUEBAS_NUMERICAS/TEST_06_NO_UNIVERSALIDAD_ESPECIES.csv,.csv,443,a46cff02eef97b545db159802b028a941c84ca76a3098da8ce2cd545a9986104,COVERED,SOURCE_ZIP_INVENTORY_EXTRACTED_EXACT,COVERED,dataset_catalog_recomputed_exact,NOT_APPLICABLE,NOT_APPLICABLE,NOT_APPLICABLE,NOT_APPLICABLE,,True,COVERED
COV-01057,physical_outer_member,90_FUENTES_INTEGRAS/OMEGA_THEORY_V1_1_ENTREGA_11_CAMPO_UNIVERSAL_Y_VARIACION_ALPHA/OMEGA_THEORY_V1_1_ENTREGA_11_CAMPO_UNIVERSAL_Y_VARIACION_ALPHA/02_PRUEBAS_NUMERICAS/TEST_07_FLUJO_ACOPLAMIENTO.csv,.csv,101252,0e9f1f0c85e56c1ff2df70d22433a857198cc5c68b7a1543dbac4fcb593d0047,COVERED,SOURCE_ZIP_INVENTORY_EXTRACTED_EXACT,COVERED,dataset_catalog_recomputed_exact,NOT_APPLICABLE,NOT_APPLICABLE,NOT_APPLICABLE,NOT_APPLICABLE,,True,COVERED
COV-01058,physical_outer_member,90_FUENTES_INTEGRAS/OMEGA_THEORY_V1_1_ENTREGA_11_CAMPO_UNIVERSAL_Y_VARIACION_ALPHA/OMEGA_THEORY_V1_1_ENTREGA_11_CAMPO_UNIVERSAL_Y_VARIACION_ALPHA/02_PRUEBAS_NUMERICAS/TEST_08_VEREDICTO.csv,.csv,674,4e2e7f6bb6ee239d40ddaac3613ae4dfc48b9ea328d77f422e92afcd2c69c6d2,COVERED,SOURCE_ZIP_INVENTORY_EXTRACTED_EXACT,COVERED,dataset_catalog_recomputed_exact,NOT_APPLICABLE,NOT_APPLICABLE,NOT_APPLICABLE,NOT_APPLICABLE,,True,COVERED
COV-01059,physical_outer_member,90_FUENTES_INTEGRAS/OMEGA_THEORY_V1_1_ENTREGA_11_CAMPO_UNIVERSAL_Y_VARIACION_ALPHA/OMEGA_THEORY_V1_1_ENTREGA_11_CAMPO_UNIVERSAL_Y_VARIACION_ALPHA/03_CODIGO/reproducir_entrega_11.py,.py,137,5c94c1286cf3290a65ecada7afcdae7bc9eff5e52813e870fd6d0860c084ff0b,COVERED,SOURCE_ZIP_INVENTORY_EXTRACTED_EXACT,COVERED,python_ast_and_compile_checked,NOT_APPLICABLE,NOT_APPLICABLE,NOT_APPLICABLE,executed_successfully,,True,COVERED
COV-01060,physical_outer_member,90_FUENTES_INTEGRAS/OMEGA_THEORY_V1_1_ENTREGA_11_CAMPO_UNIVERSAL_Y_VARIACION_ALPHA/OMEGA_THEORY_V1_1_ENTREGA_11_CAMPO_UNIVERSAL_Y_VARIACION_ALPHA/04_FIGURAS/FIG_01_VARIACION_ALPHA.png,.png,76537,3b7e43923f53d1211ba5d7b907648460204e040122cf50e3589933d705db4da1,COVERED,SOURCE_ZIP_INVENTORY_EXTRACTED_EXACT,COVERED,image_structurally_validated,NOT_APPLICABLE,NOT_APPLICABLE,reviewed_pass,NOT_APPLICABLE,,True,COVERED
COV-01061,physical_outer_member,90_FUENTES_INTEGRAS/OMEGA_THEORY_V1_1_ENTREGA_11_CAMPO_UNIVERSAL_Y_VARIACION_ALPHA/OMEGA_THEORY_V1_1_ENTREGA_11_CAMPO_UNIVERSAL_Y_VARIACION_ALPHA/04_FIGURAS/FIG_02_LIMITE_OBSERVACIONAL.png,.png,28087,26fc90fa3f534c30a5ff496ddd1025a0d8735784dcfe43d9e89f7527a3c31e24,COVERED,SOURCE_ZIP_INVENTORY_EXTRACTED_EXACT,COVERED,image_structurally_validated,NOT_APPLICABLE,NOT_APPLICABLE,reviewed_pass,NOT_APPLICABLE,,True,COVERED
COV-01062,physical_outer_member,90_FUENTES_INTEGRAS/OMEGA_THEORY_V1_1_ENTREGA_11_CAMPO_UNIVERSAL_Y_VARIACION_ALPHA/OMEGA_THEORY_V1_1_ENTREGA_11_CAMPO_UNIVERSAL_Y_VARIACION_ALPHA/04_FIGURAS/FIG_03_SENSIBILIDAD_RELOJ.png,.png,81673,79503c5fd98ef14e606d86f27fce6542b6d941f1e42b96d3d485f75efeb9509a,COVERED,SOURCE_ZIP_INVENTORY_EXTRACTED_EXACT,COVERED,image_structurally_validated,NOT_APPLICABLE,NOT_APPLICABLE,reviewed_pass,NOT_APPLICABLE,,True,COVERED
COV-01063,physical_outer_member,90_FUENTES_INTEGRAS/OMEGA_THEORY_V1_1_ENTREGA_11_CAMPO_UNIVERSAL_Y_VARIACION_ALPHA/OMEGA_THEORY_V1_1_ENTREGA_11_CAMPO_UNIVERSAL_Y_VARIACION_ALPHA/04_FIGURAS/FIG_04_LINEA_INVARIANTE.png,.png,56672,9c5d0b0d35c7f33bf050a6409b5f2164a73d362788dc5e7909c5330991b44e6e,COVERED,SOURCE_ZIP_INVENTORY_EXTRACTED_EXACT,COVERED,image_structurally_validated,NOT_APPLICABLE,NOT_APPLICABLE,reviewed_pass,NOT_APPLICABLE,,True,COVERED
COV-01064,physical_outer_member,90_FUENTES_INTEGRAS/OMEGA_THEORY_V1_1_ENTREGA_11_CAMPO_UNIVERSAL_Y_VARIACION_ALPHA/OMEGA_THEORY_V1_1_ENTREGA_11_CAMPO_UNIVERSAL_Y_VARIACION_ALPHA/05_DATOS/FUENTES_EXTERNAS.md,.md,277,b4428a9ff5eb400550f0fb767e4bcdc5ce379ea23de2a1b6728bcbd9aaf97439,COVERED,SOURCE_ZIP_INVENTORY_EXTRACTED_EXACT,COVERED,markdown_blocks=2,equation_catalog_occurrences_verified=0,claim_candidates_classified=1,NOT_APPLICABLE,NOT_APPLICABLE,,True,COVERED
COV-01065,physical_outer_member,90_FUENTES_INTEGRAS/OMEGA_THEORY_V1_1_ENTREGA_11_CAMPO_UNIVERSAL_Y_VARIACION_ALPHA/OMEGA_THEORY_V1_1_ENTREGA_11_CAMPO_UNIVERSAL_Y_VARIACION_ALPHA/05_DATOS/RESUMEN_RESULTADOS.json,.json,419,6736b2684484eafda3e743ef4bcda790bede3f52a9070269ad3d7aa1619366b0,COVERED,SOURCE_ZIP_INVENTORY_EXTRACTED_EXACT,COVERED,json_parsed,NOT_APPLICABLE,NOT_APPLICABLE,NOT_APPLICABLE,NOT_APPLICABLE,,True,COVERED
COV-01066,physical_outer_member,90_FUENTES_INTEGRAS/OMEGA_THEORY_V1_1_ENTREGA_11_CAMPO_UNIVERSAL_Y_VARIACION_ALPHA/OMEGA_THEORY_V1_1_ENTREGA_11_CAMPO_UNIVERSAL_Y_VARIACION_ALPHA/06_MANIFIESTO/MANIFIESTO_ARCHIVOS.csv,.csv,2515,ba78d673630af30d26ec877a1deb5dbae51fca33e476b7a2d0001fded39e7a2d,COVERED,SOURCE_ZIP_INVENTORY_EXTRACTED_EXACT,COVERED,dataset_catalog_recomputed_exact,NOT_APPLICABLE,NOT_APPLICABLE,NOT_APPLICABLE,NOT_APPLICABLE,,True,COVERED
COV-01067,physical_outer_member,90_FUENTES_INTEGRAS/OMEGA_THEORY_V1_1_ENTREGA_11_CAMPO_UNIVERSAL_Y_VARIACION_ALPHA/OMEGA_THEORY_V1_1_ENTREGA_11_CAMPO_UNIVERSAL_Y_VARIACION_ALPHA/06_MANIFIESTO/METADATA.json,.json,175,ef47e8207f5b8d4a8ecb9f8985192302d2d312b3e3af9811122152d2b9bdb0ca,COVERED,SOURCE_ZIP_INVENTORY_EXTRACTED_EXACT,COVERED,json_parsed,NOT_APPLICABLE,NOT_APPLICABLE,NOT_APPLICABLE,NOT_APPLICABLE,,True,COVERED
COV-01068,physical_outer_member,90_FUENTES_INTEGRAS/OMEGA_THEORY_V1_1_ENTREGA_12_MEDIDA_COMUN_Y_PROTECCION_ALPHA/OMEGA_THEORY_V1_1_ENTREGA_12_MEDIDA_COMUN_Y_PROTECCION_ALPHA/00_LEEME.md,.md,1462,a54db364e06237089598448d888ab6ad5cc47c13e614db6ffe5e8d04b2f63f9f,COVERED,SOURCE_ZIP_INVENTORY_EXTRACTED_EXACT,COVERED,markdown_blocks=25,equation_catalog_occurrences_verified=9,claim_candidates_classified=11,NOT_APPLICABLE,NOT_APPLICABLE,,True,COVERED
COV-01069,physical_outer_member,90_FUENTES_INTEGRAS/OMEGA_THEORY_V1_1_ENTREGA_12_MEDIDA_COMUN_Y_PROTECCION_ALPHA/OMEGA_THEORY_V1_1_ENTREGA_12_MEDIDA_COMUN_Y_PROTECCION_ALPHA/01_DOCUMENTOS/01_DERIVACION_MATEMATICA.md,.md,1060,109890c432eb84260d552062802b21f587ce58bfce713f03b521659d707facdf,COVERED,SOURCE_ZIP_INVENTORY_EXTRACTED_EXACT,COVERED,markdown_blocks=26,equation_catalog_occurrences_verified=12,claim_candidates_classified=11,NOT_APPLICABLE,NOT_APPLICABLE,,True,COVERED
COV-01070,physical_outer_member,90_FUENTES_INTEGRAS/OMEGA_THEORY_V1_1_ENTREGA_12_MEDIDA_COMUN_Y_PROTECCION_ALPHA/OMEGA_THEORY_V1_1_ENTREGA_12_MEDIDA_COMUN_Y_PROTECCION_ALPHA/01_DOCUMENTOS/02_RESULTADOS_NUMERICOS.md,.md,9652,9b6c9be4cdbda433ed260537de9fac08f24e587888702836cfdc53f7dc4b2b97,COVERED,SOURCE_ZIP_INVENTORY_EXTRACTED_EXACT,COVERED,markdown_blocks=17,equation_catalog_occurrences_verified=0,claim_candidates_classified=8,NOT_APPLICABLE,NOT_APPLICABLE,,True,COVERED
COV-01071,physical_outer_member,90_FUENTES_INTEGRAS/OMEGA_THEORY_V1_1_ENTREGA_12_MEDIDA_COMUN_Y_PROTECCION_ALPHA/OMEGA_THEORY_V1_1_ENTREGA_12_MEDIDA_COMUN_Y_PROTECCION_ALPHA/01_DOCUMENTOS/03_RESULTADOS_NEGATIVOS.md,.md,549,168308c466d7bc286a0059f3a80eae68b1767778e1e515e65fcee030991c43e2,COVERED,SOURCE_ZIP_INVENTORY_EXTRACTED_EXACT,COVERED,markdown_blocks=2,equation_catalog_occurrences_verified=0,claim_candidates_classified=1,NOT_APPLICABLE,NOT_APPLICABLE,negative_catalog_occurrences=1,True,COVERED_WITH_NEGATIVE_OR_LIMITATION
COV-01072,physical_outer_member,90_FUENTES_INTEGRAS/OMEGA_THEORY_V1_1_ENTREGA_12_MEDIDA_COMUN_Y_PROTECCION_ALPHA/OMEGA_THEORY_V1_1_ENTREGA_12_MEDIDA_COMUN_Y_PROTECCION_ALPHA/01_DOCUMENTOS/04_DUDAS_ONTOLOGICAS.md,.md,545,025fac41cc84ef24fa6c903ed7d6db911490de3b994d7b580ebf83776e72ecb5,COVERED,SOURCE_ZIP_INVENTORY_EXTRACTED_EXACT,COVERED,markdown_blocks=6,equation_catalog_occurrences_verified=0,claim_candidates_classified=0,NOT_APPLICABLE,NOT_APPLICABLE,open_doubt_occurrences=5,True,COVERED_WITH_NEGATIVE_OR_LIMITATION
COV-01073,physical_outer_member,90_FUENTES_INTEGRAS/OMEGA_THEORY_V1_1_ENTREGA_12_MEDIDA_COMUN_Y_PROTECCION_ALPHA/OMEGA_THEORY_V1_1_ENTREGA_12_MEDIDA_COMUN_Y_PROTECCION_ALPHA/01_DOCUMENTOS/05_TEOREMA_CONDICIONAL.md,.md,762,decb21eab5732c02b8956b1397ec98caa233e3dd4b8183eebef2a0c5c5340aee,COVERED,SOURCE_ZIP_INVENTORY_EXTRACTED_EXACT,COVERED,markdown_blocks=13,equation_catalog_occurrences_verified=3,claim_candidates_classified=6,NOT_APPLICABLE,NOT_APPLICABLE,negative_catalog_occurrences=1,True,COVERED_WITH_NEGATIVE_OR_LIMITATION
COV-01074,physical_outer_member,90_FUENTES_INTEGRAS/OMEGA_THEORY_V1_1_ENTREGA_12_MEDIDA_COMUN_Y_PROTECCION_ALPHA/OMEGA_THEORY_V1_1_ENTREGA_12_MEDIDA_COMUN_Y_PROTECCION_ALPHA/01_DOCUMENTOS/06_SIGUIENTE_PASO.md,.md,634,2c840474d921275dab77fe5c7b5bf0ebd342c6b6f0f3f2f825658e65be50f48f,COVERED,SOURCE_ZIP_INVENTORY_EXTRACTED_EXACT,COVERED,markdown_blocks=8,equation_catalog_occurrences_verified=1,claim_candidates_classified=3,NOT_APPLICABLE,NOT_APPLICABLE,,True,COVERED
COV-01075,physical_outer_member,90_FUENTES_INTEGRAS/OMEGA_THEORY_V1_1_ENTREGA_12_MEDIDA_COMUN_Y_PROTECCION_ALPHA/OMEGA_THEORY_V1_1_ENTREGA_12_MEDIDA_COMUN_Y_PROTECCION_ALPHA/02_PRUEBAS_NUMERICAS/TEST_01_TEOREMA_ESCALADO_COMUN.csv,.csv,62545,ccd91a6a65b240bf2671c9b43c1384526cff04e8a0ad2ff595aedba6392b31a7,COVERED,SOURCE_ZIP_INVENTORY_EXTRACTED_EXACT,COVERED,dataset_catalog_recomputed_exact,NOT_APPLICABLE,NOT_APPLICABLE,NOT_APPLICABLE,NOT_APPLICABLE,,True,COVERED
COV-01076,physical_outer_member,90_FUENTES_INTEGRAS/OMEGA_THEORY_V1_1_ENTREGA_12_MEDIDA_COMUN_Y_PROTECCION_ALPHA/OMEGA_THEORY_V1_1_ENTREGA_12_MEDIDA_COMUN_Y_PROTECCION_ALPHA/02_PRUEBAS_NUMERICAS/TEST_02B_RESUMEN_ANOMALIA.csv,.csv,518,9ccad6074ac14ccc967b160487d1a1de08d0886fda2bb344d62643b13c28674d,COVERED,SOURCE_ZIP_INVENTORY_EXTRACTED_EXACT,COVERED,dataset_catalog_recomputed_exact,NOT_APPLICABLE,NOT_APPLICABLE,NOT_APPLICABLE,NOT_APPLICABLE,,True,COVERED
COV-01077,physical_outer_member,90_FUENTES_INTEGRAS/OMEGA_THEORY_V1_1_ENTREGA_12_MEDIDA_COMUN_Y_PROTECCION_ALPHA/OMEGA_THEORY_V1_1_ENTREGA_12_MEDIDA_COMUN_Y_PROTECCION_ALPHA/02_PRUEBAS_NUMERICAS/TEST_02_EXPOENTES_LOCALES_NO_UNIFORMES.csv,.csv,72233,51ec54e570563b11c272a42d212467aab25ec4a9a26111550b73b27db0c9ab8f,COVERED,SOURCE_ZIP_INVENTORY_EXTRACTED_EXACT,COVERED,dataset_catalog_recomputed_exact,NOT_APPLICABLE,NOT_APPLICABLE,NOT_APPLICABLE,NOT_APPLICABLE,,True,COVERED
COV-01078,physical_outer_member,90_FUENTES_INTEGRAS/OMEGA_THEORY_V1_1_ENTREGA_12_MEDIDA_COMUN_Y_PROTECCION_ALPHA/OMEGA_THEORY_V1_1_ENTREGA_12_MEDIDA_COMUN_Y_PROTECCION_ALPHA/02_PRUEBAS_NUMERICAS/TEST_03B_RESUMEN_SOLAPAMIENTO.csv,.csv,371,0a987281b9047ebdee00b6791954323367ae27f9747334a2290e9cd4db4f7a00,COVERED,SOURCE_ZIP_INVENTORY_EXTRACTED_EXACT,COVERED,dataset_catalog_recomputed_exact,NOT_APPLICABLE,NOT_APPLICABLE,NOT_APPLICABLE,NOT_APPLICABLE,,True,COVERED
COV-01079,physical_outer_member,90_FUENTES_INTEGRAS/OMEGA_THEORY_V1_1_ENTREGA_12_MEDIDA_COMUN_Y_PROTECCION_ALPHA/OMEGA_THEORY_V1_1_ENTREGA_12_MEDIDA_COMUN_Y_PROTECCION_ALPHA/02_PRUEBAS_NUMERICAS/TEST_03_SOPORTES_PRIMITIVOS_DISTINTOS.csv,.csv,99938,a7832a66b90cb8165bf51364edd61d47abe9a55bdf73704362096e994769b9c6,COVERED,SOURCE_ZIP_INVENTORY_EXTRACTED_EXACT,COVERED,dataset_catalog_recomputed_exact,NOT_APPLICABLE,NOT_APPLICABLE,NOT_APPLICABLE,NOT_APPLICABLE,,True,COVERED
COV-01080,physical_outer_member,90_FUENTES_INTEGRAS/OMEGA_THEORY_V1_1_ENTREGA_12_MEDIDA_COMUN_Y_PROTECCION_ALPHA/OMEGA_THEORY_V1_1_ENTREGA_12_MEDIDA_COMUN_Y_PROTECCION_ALPHA/02_PRUEBAS_NUMERICAS/TEST_04_COARSE_GRAINING_MEDIDA.csv,.csv,31693,6403d124ee2de09de929272f31ccc76cd8d85c134de08396517e1c3de828acf3,COVERED,SOURCE_ZIP_INVENTORY_EXTRACTED_EXACT,COVERED,dataset_catalog_recomputed_exact,NOT_APPLICABLE,NOT_APPLICABLE,NOT_APPLICABLE,NOT_APPLICABLE,,True,COVERED
COV-01081,physical_outer_member,90_FUENTES_INTEGRAS/OMEGA_THEORY_V1_1_ENTREGA_12_MEDIDA_COMUN_Y_PROTECCION_ALPHA/OMEGA_THEORY_V1_1_ENTREGA_12_MEDIDA_COMUN_Y_PROTECCION_ALPHA/02_PRUEBAS_NUMERICAS/TEST_05_ACCION_FACTOR_COMUN.csv,.csv,7955,9c83cfce05528a5b469ec43469515e59ab19edbd23c0f2cc28e017a5b78d8443,COVERED,SOURCE_ZIP_INVENTORY_EXTRACTED_EXACT,COVERED,dataset_catalog_recomputed_exact,NOT_APPLICABLE,NOT_APPLICABLE,NOT_APPLICABLE,NOT_APPLICABLE,,True,COVERED
COV-01082,physical_outer_member,90_FUENTES_INTEGRAS/OMEGA_THEORY_V1_1_ENTREGA_12_MEDIDA_COMUN_Y_PROTECCION_ALPHA/OMEGA_THEORY_V1_1_ENTREGA_12_MEDIDA_COMUN_Y_PROTECCION_ALPHA/02_PRUEBAS_NUMERICAS/TEST_06_ESCALADO_DIFERENCIAL_ACCION.csv,.csv,10338,acd573088eef8698c1fdd1534f719bfbfbcf3cb9dc98040dc798991b6e85cda3,COVERED,SOURCE_ZIP_INVENTORY_EXTRACTED_EXACT,COVERED,dataset_catalog_recomputed_exact,NOT_APPLICABLE,NOT_APPLICABLE,NOT_APPLICABLE,NOT_APPLICABLE,,True,COVERED
COV-01083,physical_outer_member,90_FUENTES_INTEGRAS/OMEGA_THEORY_V1_1_ENTREGA_12_MEDIDA_COMUN_Y_PROTECCION_ALPHA/OMEGA_THEORY_V1_1_ENTREGA_12_MEDIDA_COMUN_Y_PROTECCION_ALPHA/02_PRUEBAS_NUMERICAS/TEST_07_ANOMALIA_VS_LIMITE.csv,.csv,367,babd30b3651e79ec68c419e1b4c948493f0a4bd1f7b328424772237804e834d3,COVERED,SOURCE_ZIP_INVENTORY_EXTRACTED_EXACT,COVERED,dataset_catalog_recomputed_exact,NOT_APPLICABLE,NOT_APPLICABLE,NOT_APPLICABLE,NOT_APPLICABLE,,True,COVERED
COV-01084,physical_outer_member,90_FUENTES_INTEGRAS/OMEGA_THEORY_V1_1_ENTREGA_12_MEDIDA_COMUN_Y_PROTECCION_ALPHA/OMEGA_THEORY_V1_1_ENTREGA_12_MEDIDA_COMUN_Y_PROTECCION_ALPHA/02_PRUEBAS_NUMERICAS/TEST_08_VEREDICTO.csv,.csv,830,6cdb2c41358b83cb81d38bedc48b155e42e00f4240abd9b34234441941424fd3,COVERED,SOURCE_ZIP_INVENTORY_EXTRACTED_EXACT,COVERED,dataset_catalog_recomputed_exact,NOT_APPLICABLE,NOT_APPLICABLE,NOT_APPLICABLE,NOT_APPLICABLE,,True,COVERED
COV-01085,physical_outer_member,90_FUENTES_INTEGRAS/OMEGA_THEORY_V1_1_ENTREGA_12_MEDIDA_COMUN_Y_PROTECCION_ALPHA/OMEGA_THEORY_V1_1_ENTREGA_12_MEDIDA_COMUN_Y_PROTECCION_ALPHA/03_CODIGO/reproducir_entrega_12.py,.py,217,47a327561201e7fb5e572461f6d9c76bd862f0f271df16acd5294dbd77906d75,COVERED,SOURCE_ZIP_INVENTORY_EXTRACTED_EXACT,COVERED,python_ast_and_compile_checked,NOT_APPLICABLE,NOT_APPLICABLE,NOT_APPLICABLE,executed_successfully,,True,COVERED
COV-01086,physical_outer_member,90_FUENTES_INTEGRAS/OMEGA_THEORY_V1_1_ENTREGA_12_MEDIDA_COMUN_Y_PROTECCION_ALPHA/OMEGA_THEORY_V1_1_ENTREGA_12_MEDIDA_COMUN_Y_PROTECCION_ALPHA/04_FIGURAS/FIG_01_ANOMALIA_EXPOENTES.png,.png,59074,ed6225d8016a347464d19a8157cb1566ed18dc7a5895b2be101768a8932fff2f,COVERED,SOURCE_ZIP_INVENTORY_EXTRACTED_EXACT,COVERED,image_structurally_validated,NOT_APPLICABLE,NOT_APPLICABLE,reviewed_pass,NOT_APPLICABLE,,True,COVERED
COV-01087,physical_outer_member,90_FUENTES_INTEGRAS/OMEGA_THEORY_V1_1_ENTREGA_12_MEDIDA_COMUN_Y_PROTECCION_ALPHA/OMEGA_THEORY_V1_1_ENTREGA_12_MEDIDA_COMUN_Y_PROTECCION_ALPHA/04_FIGURAS/FIG_02_SOLAPAMIENTO_SOPORTE.png,.png,66798,bda540274d58cab60e01f2a3a1252a6c9a0f88244a1705c104ecc934b6845c78,COVERED,SOURCE_ZIP_INVENTORY_EXTRACTED_EXACT,COVERED,image_structurally_validated,NOT_APPLICABLE,NOT_APPLICABLE,reviewed_pass,NOT_APPLICABLE,,True,COVERED
COV-01088,physical_outer_member,90_FUENTES_INTEGRAS/OMEGA_THEORY_V1_1_ENTREGA_12_MEDIDA_COMUN_Y_PROTECCION_ALPHA/OMEGA_THEORY_V1_1_ENTREGA_12_MEDIDA_COMUN_Y_PROTECCION_ALPHA/04_FIGURAS/FIG_03_COARSE_GRAINING.png,.png,30405,0fa7aa72bc26f3db186a3500bf301bdba1f65984bf6a37db8676ae257c88cb60,COVERED,SOURCE_ZIP_INVENTORY_EXTRACTED_EXACT,COVERED,image_structurally_validated,NOT_APPLICABLE,NOT_APPLICABLE,reviewed_pass,NOT_APPLICABLE,,True,COVERED
COV-01089,physical_outer_member,90_FUENTES_INTEGRAS/OMEGA_THEORY_V1_1_ENTREGA_12_MEDIDA_COMUN_Y_PROTECCION_ALPHA/OMEGA_THEORY_V1_1_ENTREGA_12_MEDIDA_COMUN_Y_PROTECCION_ALPHA/04_FIGURAS/FIG_04_MINIMO_ACCION.png,.png,80162,558aedad2a84a157d24ce5887737e9d39e9c6de65a814b5c0a51627ff5ccbce0,COVERED,SOURCE_ZIP_INVENTORY_EXTRACTED_EXACT,COVERED,image_structurally_validated,NOT_APPLICABLE,NOT_APPLICABLE,reviewed_pass,NOT_APPLICABLE,,True,COVERED
COV-01090,physical_outer_member,90_FUENTES_INTEGRAS/OMEGA_THEORY_V1_1_ENTREGA_12_MEDIDA_COMUN_Y_PROTECCION_ALPHA/OMEGA_THEORY_V1_1_ENTREGA_12_MEDIDA_COMUN_Y_PROTECCION_ALPHA/05_DATOS/RESUMEN_RESULTADOS.json,.json,510,69deea0dda41da16f87744bd1406e2c6b766103ce0e3f068d4aa8b472cf54421,COVERED,SOURCE_ZIP_INVENTORY_EXTRACTED_EXACT,COVERED,json_parsed,NOT_APPLICABLE,NOT_APPLICABLE,NOT_APPLICABLE,NOT_APPLICABLE,,True,COVERED
COV-01091,physical_outer_member,90_FUENTES_INTEGRAS/OMEGA_THEORY_V1_1_ENTREGA_12_MEDIDA_COMUN_Y_PROTECCION_ALPHA/OMEGA_THEORY_V1_1_ENTREGA_12_MEDIDA_COMUN_Y_PROTECCION_ALPHA/06_MANIFIESTO/MANIFIESTO_ARCHIVOS.csv,.csv,2670,5ffd5ba1b39fddd620a4be0149a3bc825ebf29af53c622505e190fda5ccecb7e,COVERED,SOURCE_ZIP_INVENTORY_EXTRACTED_EXACT,COVERED,dataset_catalog_recomputed_exact,NOT_APPLICABLE,NOT_APPLICABLE,NOT_APPLICABLE,NOT_APPLICABLE,,True,COVERED
COV-01092,physical_outer_member,90_FUENTES_INTEGRAS/OMEGA_THEORY_V1_1_ENTREGA_12_MEDIDA_COMUN_Y_PROTECCION_ALPHA/OMEGA_THEORY_V1_1_ENTREGA_12_MEDIDA_COMUN_Y_PROTECCION_ALPHA/06_MANIFIESTO/METADATA.json,.json,208,bd9406a6dca9cddc88cd732059707b08ae7793797039ebb9407a6768055f8de0,COVERED,SOURCE_ZIP_INVENTORY_EXTRACTED_EXACT,COVERED,json_parsed,NOT_APPLICABLE,NOT_APPLICABLE,NOT_APPLICABLE,NOT_APPLICABLE,,True,COVERED
COV-01093,physical_outer_member,90_FUENTES_INTEGRAS/OMEGA_THEORY_V1_1_ENTREGA_13_CARACTER_UNIVERSAL_DESDE_CONTINUIDAD/OMEGA_THEORY_V1_1_ENTREGA_13_CARACTER_UNIVERSAL_DESDE_CONTINUIDAD/00_LEEME.md,.md,1479,0d9898ae548b56eeaeaec6ecb3b29dbdb77d38289e44a2cc53ef1bc07c6e6de1,COVERED,SOURCE_ZIP_INVENTORY_EXTRACTED_EXACT,COVERED,markdown_blocks=27,equation_catalog_occurrences_verified=6,claim_candidates_classified=16,NOT_APPLICABLE,NOT_APPLICABLE,,True,COVERED
COV-01094,physical_outer_member,90_FUENTES_INTEGRAS/OMEGA_THEORY_V1_1_ENTREGA_13_CARACTER_UNIVERSAL_DESDE_CONTINUIDAD/OMEGA_THEORY_V1_1_ENTREGA_13_CARACTER_UNIVERSAL_DESDE_CONTINUIDAD/01_DOCUMENTOS/01_DERIVACION_DESDE_ONTOLOGIA.md,.md,1116,4c33f9851bdcb7cf329f702c06d1339d08b8becd1f471e4634c2635803b2c18c,COVERED,SOURCE_ZIP_INVENTORY_EXTRACTED_EXACT,COVERED,markdown_blocks=30,equation_catalog_occurrences_verified=10,claim_candidates_classified=12,NOT_APPLICABLE,NOT_APPLICABLE,,True,COVERED
COV-01095,physical_outer_member,90_FUENTES_INTEGRAS/OMEGA_THEORY_V1_1_ENTREGA_13_CARACTER_UNIVERSAL_DESDE_CONTINUIDAD/OMEGA_THEORY_V1_1_ENTREGA_13_CARACTER_UNIVERSAL_DESDE_CONTINUIDAD/01_DOCUMENTOS/02_RESULTADOS_NUMERICOS.md,.md,12736,d8d7c02cd97debf8983431bffbdd5f92f66b3ea9712d6d7f5477d7c1f09470a1,COVERED,SOURCE_ZIP_INVENTORY_EXTRACTED_EXACT,COVERED,markdown_blocks=19,equation_catalog_occurrences_verified=0,claim_candidates_classified=9,NOT_APPLICABLE,NOT_APPLICABLE,,True,COVERED
COV-01096,physical_outer_member,90_FUENTES_INTEGRAS/OMEGA_THEORY_V1_1_ENTREGA_13_CARACTER_UNIVERSAL_DESDE_CONTINUIDAD/OMEGA_THEORY_V1_1_ENTREGA_13_CARACTER_UNIVERSAL_DESDE_CONTINUIDAD/01_DOCUMENTOS/03_RESULTADOS_NEGATIVOS.md,.md,576,59ac865e06a75271b29d1634f7dd05f89fb800429d49c8ebe744d4a127493059,COVERED,SOURCE_ZIP_INVENTORY_EXTRACTED_EXACT,COVERED,markdown_blocks=2,equation_catalog_occurrences_verified=0,claim_candidates_classified=1,NOT_APPLICABLE,NOT_APPLICABLE,negative_catalog_occurrences=1,True,COVERED_WITH_NEGATIVE_OR_LIMITATION
COV-01097,physical_outer_member,90_FUENTES_INTEGRAS/OMEGA_THEORY_V1_1_ENTREGA_13_CARACTER_UNIVERSAL_DESDE_CONTINUIDAD/OMEGA_THEORY_V1_1_ENTREGA_13_CARACTER_UNIVERSAL_DESDE_CONTINUIDAD/01_DOCUMENTOS/04_DUDAS_ONTOLOGICAS.md,.md,836,7efcf4b3b3f28546653a1c70110442c5f6ba6e5877f9238370a1c5dedaea677b,COVERED,SOURCE_ZIP_INVENTORY_EXTRACTED_EXACT,COVERED,markdown_blocks=10,equation_catalog_occurrences_verified=0,claim_candidates_classified=5,NOT_APPLICABLE,NOT_APPLICABLE,open_doubt_occurrences=4,True,COVERED_WITH_NEGATIVE_OR_LIMITATION
COV-01098,physical_outer_member,90_FUENTES_INTEGRAS/OMEGA_THEORY_V1_1_ENTREGA_13_CARACTER_UNIVERSAL_DESDE_CONTINUIDAD/OMEGA_THEORY_V1_1_ENTREGA_13_CARACTER_UNIVERSAL_DESDE_CONTINUIDAD/01_DOCUMENTOS/05_TEOREMA_CARACTER_POSITIVO.md,.md,518,0d4c20962a0c9d33f6a4edd1dd1001c7bff07ad19d9b682863ca2648ca33ffe7,COVERED,SOURCE_ZIP_INVENTORY_EXTRACTED_EXACT,COVERED,markdown_blocks=13,equation_catalog_occurrences_verified=4,claim_candidates_classified=6,NOT_APPLICABLE,NOT_APPLICABLE,,True,COVERED
COV-01099,physical_outer_member,90_FUENTES_INTEGRAS/OMEGA_THEORY_V1_1_ENTREGA_13_CARACTER_UNIVERSAL_DESDE_CONTINUIDAD/OMEGA_THEORY_V1_1_ENTREGA_13_CARACTER_UNIVERSAL_DESDE_CONTINUIDAD/01_DOCUMENTOS/06_SIGUIENTE_PASO.md,.md,758,e588034356922df7a55a511169adc0080e777ad7226ed7837eb298e91eccda51,COVERED,SOURCE_ZIP_INVENTORY_EXTRACTED_EXACT,COVERED,markdown_blocks=13,equation_catalog_occurrences_verified=1,claim_candidates_classified=5,NOT_APPLICABLE,NOT_APPLICABLE,,True,COVERED
COV-01100,physical_outer_member,90_FUENTES_INTEGRAS/OMEGA_THEORY_V1_1_ENTREGA_13_CARACTER_UNIVERSAL_DESDE_CONTINUIDAD/OMEGA_THEORY_V1_1_ENTREGA_13_CARACTER_UNIVERSAL_DESDE_CONTINUIDAD/02_PRUEBAS_NUMERICAS/TEST_01_COMPOSICION.csv,.csv,423,a5693b760a72d30f83a5094128bdd0b97ff740fb4d13a3966481ae508736cfeb,COVERED,SOURCE_ZIP_INVENTORY_EXTRACTED_EXACT,COVERED,dataset_catalog_recomputed_exact,NOT_APPLICABLE,NOT_APPLICABLE,NOT_APPLICABLE,NOT_APPLICABLE,,True,COVERED
COV-01101,physical_outer_member,90_FUENTES_INTEGRAS/OMEGA_THEORY_V1_1_ENTREGA_13_CARACTER_UNIVERSAL_DESDE_CONTINUIDAD/OMEGA_THEORY_V1_1_ENTREGA_13_CARACTER_UNIVERSAL_DESDE_CONTINUIDAD/02_PRUEBAS_NUMERICAS/TEST_02_INDEPENDENCIA_PARTICION.csv,.csv,2444,3516222a2d6e7d2d976bab84b5d0e535957ab153209b8c1dc44b070310cfc100,COVERED,SOURCE_ZIP_INVENTORY_EXTRACTED_EXACT,COVERED,dataset_catalog_recomputed_exact,NOT_APPLICABLE,NOT_APPLICABLE,NOT_APPLICABLE,NOT_APPLICABLE,,True,COVERED
COV-01102,physical_outer_member,90_FUENTES_INTEGRAS/OMEGA_THEORY_V1_1_ENTREGA_13_CARACTER_UNIVERSAL_DESDE_CONTINUIDAD/OMEGA_THEORY_V1_1_ENTREGA_13_CARACTER_UNIVERSAL_DESDE_CONTINUIDAD/02_PRUEBAS_NUMERICAS/TEST_03_POSITIVIDAD_CONTINUIDAD.csv,.csv,376,687d0ffa24a4a14f8da3eb2b68f9a9d568266f8ef9ac52d39f2a21453945f626,COVERED,SOURCE_ZIP_INVENTORY_EXTRACTED_EXACT,COVERED,dataset_catalog_recomputed_exact,NOT_APPLICABLE,NOT_APPLICABLE,NOT_APPLICABLE,NOT_APPLICABLE,,True,COVERED
COV-01103,physical_outer_member,90_FUENTES_INTEGRAS/OMEGA_THEORY_V1_1_ENTREGA_13_CARACTER_UNIVERSAL_DESDE_CONTINUIDAD/OMEGA_THEORY_V1_1_ENTREGA_13_CARACTER_UNIVERSAL_DESDE_CONTINUIDAD/02_PRUEBAS_NUMERICAS/TEST_04_LIMITE_INFINITESIMAL.csv,.csv,8740,c13ded21ae72d38ba92a035dd57ff6b3ce2bcc98c1be135b0bb422dd710652c3,COVERED,SOURCE_ZIP_INVENTORY_EXTRACTED_EXACT,COVERED,dataset_catalog_recomputed_exact,NOT_APPLICABLE,NOT_APPLICABLE,NOT_APPLICABLE,NOT_APPLICABLE,,True,COVERED
COV-01104,physical_outer_member,90_FUENTES_INTEGRAS/OMEGA_THEORY_V1_1_ENTREGA_13_CARACTER_UNIVERSAL_DESDE_CONTINUIDAD/OMEGA_THEORY_V1_1_ENTREGA_13_CARACTER_UNIVERSAL_DESDE_CONTINUIDAD/02_PRUEBAS_NUMERICAS/TEST_05_LOGARITMO_ADITIVO.csv,.csv,379,8617062cde6ae859ae6f4603921c6d0940a58db9668c7831cf5aef60d785d00b,COVERED,SOURCE_ZIP_INVENTORY_EXTRACTED_EXACT,COVERED,dataset_catalog_recomputed_exact,NOT_APPLICABLE,NOT_APPLICABLE,NOT_APPLICABLE,NOT_APPLICABLE,,True,COVERED
COV-01105,physical_outer_member,90_FUENTES_INTEGRAS/OMEGA_THEORY_V1_1_ENTREGA_13_CARACTER_UNIVERSAL_DESDE_CONTINUIDAD/OMEGA_THEORY_V1_1_ENTREGA_13_CARACTER_UNIVERSAL_DESDE_CONTINUIDAD/02_PRUEBAS_NUMERICAS/TEST_06_EXPOENTES_SECTORIALES.csv,.csv,641,7593aaba47dc8a7798cf3f68a641469e3b8d98bbb17e4d95208fdd138f70e6f6,COVERED,SOURCE_ZIP_INVENTORY_EXTRACTED_EXACT,COVERED,dataset_catalog_recomputed_exact,NOT_APPLICABLE,NOT_APPLICABLE,NOT_APPLICABLE,NOT_APPLICABLE,,True,COVERED
COV-01106,physical_outer_member,90_FUENTES_INTEGRAS/OMEGA_THEORY_V1_1_ENTREGA_13_CARACTER_UNIVERSAL_DESDE_CONTINUIDAD/OMEGA_THEORY_V1_1_ENTREGA_13_CARACTER_UNIVERSAL_DESDE_CONTINUIDAD/02_PRUEBAS_NUMERICAS/TEST_07_LIBERTAD_NORMALIZACION.csv,.csv,935,5e2575b1f7f3e275ba68215d953e47f81acd739470af78dd14eead329249f059,COVERED,SOURCE_ZIP_INVENTORY_EXTRACTED_EXACT,COVERED,dataset_catalog_recomputed_exact,NOT_APPLICABLE,NOT_APPLICABLE,NOT_APPLICABLE,NOT_APPLICABLE,,True,COVERED
COV-01107,physical_outer_member,90_FUENTES_INTEGRAS/OMEGA_THEORY_V1_1_ENTREGA_13_CARACTER_UNIVERSAL_DESDE_CONTINUIDAD/OMEGA_THEORY_V1_1_ENTREGA_13_CARACTER_UNIVERSAL_DESDE_CONTINUIDAD/02_PRUEBAS_NUMERICAS/TEST_08_NO_RUPTURA_FINITA.csv,.csv,454,110f35bbf959cd14806a6483245aa2ea80f2309bbfd73779fe27fcdd094731ec,COVERED,SOURCE_ZIP_INVENTORY_EXTRACTED_EXACT,COVERED,dataset_catalog_recomputed_exact,NOT_APPLICABLE,NOT_APPLICABLE,NOT_APPLICABLE,NOT_APPLICABLE,,True,COVERED
COV-01108,physical_outer_member,90_FUENTES_INTEGRAS/OMEGA_THEORY_V1_1_ENTREGA_13_CARACTER_UNIVERSAL_DESDE_CONTINUIDAD/OMEGA_THEORY_V1_1_ENTREGA_13_CARACTER_UNIVERSAL_DESDE_CONTINUIDAD/02_PRUEBAS_NUMERICAS/TEST_09_VEREDICTO.csv,.csv,759,e9300ef06a300b5740f34a95e0037fa20ce0bc03abaf3a6885e04d5dc190851e,COVERED,SOURCE_ZIP_INVENTORY_EXTRACTED_EXACT,COVERED,dataset_catalog_recomputed_exact,NOT_APPLICABLE,NOT_APPLICABLE,NOT_APPLICABLE,NOT_APPLICABLE,,True,COVERED
COV-01109,physical_outer_member,90_FUENTES_INTEGRAS/OMEGA_THEORY_V1_1_ENTREGA_13_CARACTER_UNIVERSAL_DESDE_CONTINUIDAD/OMEGA_THEORY_V1_1_ENTREGA_13_CARACTER_UNIVERSAL_DESDE_CONTINUIDAD/03_CODIGO/reproducir_entrega_13.py,.py,118,d998067f4c0f0d2fb2ffffa88dc6f4d3627eb43e1e3e7f8aed3fa03fda82be64,COVERED,SOURCE_ZIP_INVENTORY_EXTRACTED_EXACT,COVERED,python_ast_and_compile_checked,NOT_APPLICABLE,NOT_APPLICABLE,NOT_APPLICABLE,executed_successfully,,True,COVERED
COV-01110,physical_outer_member,90_FUENTES_INTEGRAS/OMEGA_THEORY_V1_1_ENTREGA_13_CARACTER_UNIVERSAL_DESDE_CONTINUIDAD/OMEGA_THEORY_V1_1_ENTREGA_13_CARACTER_UNIVERSAL_DESDE_CONTINUIDAD/04_FIGURAS/FIG_01_CANDIDATOS_RESPUESTA.png,.png,82712,39215d5d9a7f11887f3131a7dc50c1ef9f6b20cdf02d69931c2fabc876e05b27,COVERED,SOURCE_ZIP_INVENTORY_EXTRACTED_EXACT,COVERED,image_structurally_validated,NOT_APPLICABLE,NOT_APPLICABLE,reviewed_pass,NOT_APPLICABLE,,True,COVERED
COV-01111,physical_outer_member,90_FUENTES_INTEGRAS/OMEGA_THEORY_V1_1_ENTREGA_13_CARACTER_UNIVERSAL_DESDE_CONTINUIDAD/OMEGA_THEORY_V1_1_ENTREGA_13_CARACTER_UNIVERSAL_DESDE_CONTINUIDAD/04_FIGURAS/FIG_02_PARTICION.png,.png,68835,e563c5bbe1acb10d3aeaafcb74d27748f0397aefbc5c02091fb70aa01f96d5c7,COVERED,SOURCE_ZIP_INVENTORY_EXTRACTED_EXACT,COVERED,image_structurally_validated,NOT_APPLICABLE,NOT_APPLICABLE,reviewed_pass,NOT_APPLICABLE,,True,COVERED
COV-01112,physical_outer_member,90_FUENTES_INTEGRAS/OMEGA_THEORY_V1_1_ENTREGA_13_CARACTER_UNIVERSAL_DESDE_CONTINUIDAD/OMEGA_THEORY_V1_1_ENTREGA_13_CARACTER_UNIVERSAL_DESDE_CONTINUIDAD/04_FIGURAS/FIG_03_NO_RUPTURA_FINITA.png,.png,75551,cc082ae6a2f3a0a8a6be3a27389af280d2fe7af6b9f0f0fbcb67035b10372635,COVERED,SOURCE_ZIP_INVENTORY_EXTRACTED_EXACT,COVERED,image_structurally_validated,NOT_APPLICABLE,NOT_APPLICABLE,reviewed_pass,NOT_APPLICABLE,,True,COVERED
COV-01113,physical_outer_member,90_FUENTES_INTEGRAS/OMEGA_THEORY_V1_1_ENTREGA_13_CARACTER_UNIVERSAL_DESDE_CONTINUIDAD/OMEGA_THEORY_V1_1_ENTREGA_13_CARACTER_UNIVERSAL_DESDE_CONTINUIDAD/04_FIGURAS/FIG_04_DERIVA_SECTORIAL.png,.png,50557,813fe331bd5e9bbaaa7e16bf09763b3572617481339c2f899495683ea95d7914,COVERED,SOURCE_ZIP_INVENTORY_EXTRACTED_EXACT,COVERED,image_structurally_validated,NOT_APPLICABLE,NOT_APPLICABLE,reviewed_pass,NOT_APPLICABLE,,True,COVERED
COV-01114,physical_outer_member,90_FUENTES_INTEGRAS/OMEGA_THEORY_V1_1_ENTREGA_13_CARACTER_UNIVERSAL_DESDE_CONTINUIDAD/OMEGA_THEORY_V1_1_ENTREGA_13_CARACTER_UNIVERSAL_DESDE_CONTINUIDAD/05_DATOS/RESUMEN_RESULTADOS.json,.json,402,524f8401f7d2f86224fcd13e7f7063931fd1819492711ef5dea49adcfd1af3ec,COVERED,SOURCE_ZIP_INVENTORY_EXTRACTED_EXACT,COVERED,json_parsed,NOT_APPLICABLE,NOT_APPLICABLE,NOT_APPLICABLE,NOT_APPLICABLE,,True,COVERED
COV-01115,physical_outer_member,90_FUENTES_INTEGRAS/OMEGA_THEORY_V1_1_ENTREGA_13_CARACTER_UNIVERSAL_DESDE_CONTINUIDAD/OMEGA_THEORY_V1_1_ENTREGA_13_CARACTER_UNIVERSAL_DESDE_CONTINUIDAD/06_MANIFIESTO/MANIFIESTO_ARCHIVOS.csv,.csv,2515,578c37abec74795fc98287bfa9cf33f309ac2dcb46a6423bdbff2ffc8a78d91f,COVERED,SOURCE_ZIP_INVENTORY_EXTRACTED_EXACT,COVERED,dataset_catalog_recomputed_exact,NOT_APPLICABLE,NOT_APPLICABLE,NOT_APPLICABLE,NOT_APPLICABLE,,True,COVERED
COV-01116,physical_outer_member,90_FUENTES_INTEGRAS/OMEGA_THEORY_V1_1_ENTREGA_13_CARACTER_UNIVERSAL_DESDE_CONTINUIDAD/OMEGA_THEORY_V1_1_ENTREGA_13_CARACTER_UNIVERSAL_DESDE_CONTINUIDAD/06_MANIFIESTO/METADATA.json,.json,180,42d3bd5be88d363af51011a7ed24a2d86c63662e615e550ea02c0c29cffc5455,COVERED,SOURCE_ZIP_INVENTORY_EXTRACTED_EXACT,COVERED,json_parsed,NOT_APPLICABLE,NOT_APPLICABLE,NOT_APPLICABLE,NOT_APPLICABLE,,True,COVERED
COV-01117,physical_outer_member,90_FUENTES_INTEGRAS/OMEGA_THEORY_V1_1_ENTREGA_14_MODO_UNIVERSAL_Y_DESVIACIONES/OMEGA_THEORY_V1_1_ENTREGA_14_MODO_UNIVERSAL_Y_DESVIACIONES/00_LEEME.md,.md,691,60ca4a744e5734143cffc9d82e842943790ea836f78fcbeef33d8aae94ebb272,COVERED,SOURCE_ZIP_INVENTORY_EXTRACTED_EXACT,COVERED,markdown_blocks=14,equation_catalog_occurrences_verified=6,claim_candidates_classified=7,NOT_APPLICABLE,NOT_APPLICABLE,,True,COVERED
COV-01118,physical_outer_member,90_FUENTES_INTEGRAS/OMEGA_THEORY_V1_1_ENTREGA_14_MODO_UNIVERSAL_Y_DESVIACIONES/OMEGA_THEORY_V1_1_ENTREGA_14_MODO_UNIVERSAL_Y_DESVIACIONES/01_DOCUMENTOS/01_DERIVACION_DESDE_ONTOLOGIA.md,.md,640,e7e74d61eabf28a52cebc3b80245e8d4ad33ab2f719b3e9d601036604f8779a5,COVERED,SOURCE_ZIP_INVENTORY_EXTRACTED_EXACT,COVERED,markdown_blocks=15,equation_catalog_occurrences_verified=6,claim_candidates_classified=8,NOT_APPLICABLE,NOT_APPLICABLE,,True,COVERED
COV-01119,physical_outer_member,90_FUENTES_INTEGRAS/OMEGA_THEORY_V1_1_ENTREGA_14_MODO_UNIVERSAL_Y_DESVIACIONES/OMEGA_THEORY_V1_1_ENTREGA_14_MODO_UNIVERSAL_Y_DESVIACIONES/01_DOCUMENTOS/02_RESULTADOS_NUMERICOS.md,.md,26972,f432bda514e20f191de1064ff38981ef3ca30cdd1e56e5b780e0344b4e2428b3,COVERED,SOURCE_ZIP_INVENTORY_EXTRACTED_EXACT,COVERED,markdown_blocks=21,equation_catalog_occurrences_verified=0,claim_candidates_classified=10,NOT_APPLICABLE,NOT_APPLICABLE,,True,COVERED
COV-01120,physical_outer_member,90_FUENTES_INTEGRAS/OMEGA_THEORY_V1_1_ENTREGA_14_MODO_UNIVERSAL_Y_DESVIACIONES/OMEGA_THEORY_V1_1_ENTREGA_14_MODO_UNIVERSAL_Y_DESVIACIONES/01_DOCUMENTOS/03_RESULTADOS_NEGATIVOS.md,.md,440,807b2d760db4c72534b11d2b0659e91e6addc48f04fb15df42f675d9a2847b8f,COVERED,SOURCE_ZIP_INVENTORY_EXTRACTED_EXACT,COVERED,markdown_blocks=2,equation_catalog_occurrences_verified=0,claim_candidates_classified=1,NOT_APPLICABLE,NOT_APPLICABLE,negative_catalog_occurrences=1,True,COVERED_WITH_NEGATIVE_OR_LIMITATION
COV-01121,physical_outer_member,90_FUENTES_INTEGRAS/OMEGA_THEORY_V1_1_ENTREGA_14_MODO_UNIVERSAL_Y_DESVIACIONES/OMEGA_THEORY_V1_1_ENTREGA_14_MODO_UNIVERSAL_Y_DESVIACIONES/01_DOCUMENTOS/04_DUDAS_ONTOLOGICAS.md,.md,456,59061ad5ebafd515035d7ee20f55d4d4ede91d9e22d336d021f5ff1b37fe54b4,COVERED,SOURCE_ZIP_INVENTORY_EXTRACTED_EXACT,COVERED,markdown_blocks=6,equation_catalog_occurrences_verified=0,claim_candidates_classified=0,NOT_APPLICABLE,NOT_APPLICABLE,open_doubt_occurrences=5,True,COVERED_WITH_NEGATIVE_OR_LIMITATION
COV-01122,physical_outer_member,90_FUENTES_INTEGRAS/OMEGA_THEORY_V1_1_ENTREGA_14_MODO_UNIVERSAL_Y_DESVIACIONES/OMEGA_THEORY_V1_1_ENTREGA_14_MODO_UNIVERSAL_Y_DESVIACIONES/01_DOCUMENTOS/05_INTERPRETACION_MODO_COMUN.md,.md,449,3cfb378c856cf6bedbe42bd16ef379a698673c25d02e499713230c3463198571,COVERED,SOURCE_ZIP_INVENTORY_EXTRACTED_EXACT,COVERED,markdown_blocks=5,equation_catalog_occurrences_verified=0,claim_candidates_classified=4,NOT_APPLICABLE,NOT_APPLICABLE,,True,COVERED
COV-01123,physical_outer_member,90_FUENTES_INTEGRAS/OMEGA_THEORY_V1_1_ENTREGA_14_MODO_UNIVERSAL_Y_DESVIACIONES/OMEGA_THEORY_V1_1_ENTREGA_14_MODO_UNIVERSAL_Y_DESVIACIONES/01_DOCUMENTOS/06_SIGUIENTE_PASO.md,.md,358,0e97d07d9bfb930b9cc717dd9acde1feef8f5bef367cf1542ad3c4e0cbce87e6,COVERED,SOURCE_ZIP_INVENTORY_EXTRACTED_EXACT,COVERED,markdown_blocks=5,equation_catalog_occurrences_verified=0,claim_candidates_classified=4,NOT_APPLICABLE,NOT_APPLICABLE,,True,COVERED
COV-01124,physical_outer_member,90_FUENTES_INTEGRAS/OMEGA_THEORY_V1_1_ENTREGA_14_MODO_UNIVERSAL_Y_DESVIACIONES/OMEGA_THEORY_V1_1_ENTREGA_14_MODO_UNIVERSAL_Y_DESVIACIONES/02_PRUEBAS_NUMERICAS/TEST_01_FACTORIZACION.csv,.csv,93826,2031e5bc62799ee708a1be10f79e4156436f39400509f8ed3a6a2b3bebb42c9a,COVERED,SOURCE_ZIP_INVENTORY_EXTRACTED_EXACT,COVERED,dataset_catalog_recomputed_exact,NOT_APPLICABLE,NOT_APPLICABLE,NOT_APPLICABLE,NOT_APPLICABLE,,True,COVERED
COV-01125,physical_outer_member,90_FUENTES_INTEGRAS/OMEGA_THEORY_V1_1_ENTREGA_14_MODO_UNIVERSAL_Y_DESVIACIONES/OMEGA_THEORY_V1_1_ENTREGA_14_MODO_UNIVERSAL_Y_DESVIACIONES/02_PRUEBAS_NUMERICAS/TEST_02_MODO_COMUN.csv,.csv,21360,1f290dc814bc983bfdfee7bd8ac7c5afddc0682535a9469cdb7492724671165b,COVERED,SOURCE_ZIP_INVENTORY_EXTRACTED_EXACT,COVERED,dataset_catalog_recomputed_exact,NOT_APPLICABLE,NOT_APPLICABLE,NOT_APPLICABLE,NOT_APPLICABLE,,True,COVERED
COV-01126,physical_outer_member,90_FUENTES_INTEGRAS/OMEGA_THEORY_V1_1_ENTREGA_14_MODO_UNIVERSAL_Y_DESVIACIONES/OMEGA_THEORY_V1_1_ENTREGA_14_MODO_UNIVERSAL_Y_DESVIACIONES/02_PRUEBAS_NUMERICAS/TEST_03_MODOS_RELATIVOS.csv,.csv,8006,0fddc6d3a9b3d5e2658b06c2bfe582c2bac6340b12127b4aaadf2ce3c62f4ea8,COVERED,SOURCE_ZIP_INVENTORY_EXTRACTED_EXACT,COVERED,dataset_catalog_recomputed_exact,NOT_APPLICABLE,NOT_APPLICABLE,NOT_APPLICABLE,NOT_APPLICABLE,,True,COVERED
COV-01127,physical_outer_member,90_FUENTES_INTEGRAS/OMEGA_THEORY_V1_1_ENTREGA_14_MODO_UNIVERSAL_Y_DESVIACIONES/OMEGA_THEORY_V1_1_ENTREGA_14_MODO_UNIVERSAL_Y_DESVIACIONES/02_PRUEBAS_NUMERICAS/TEST_04_LEY_PERTURBATIVA.csv,.csv,1017,8afbdccf07081213a61f5ba7684dfa9b9833f54ee3680704859d03f975d99a08,COVERED,SOURCE_ZIP_INVENTORY_EXTRACTED_EXACT,COVERED,dataset_catalog_recomputed_exact,NOT_APPLICABLE,NOT_APPLICABLE,NOT_APPLICABLE,NOT_APPLICABLE,,True,COVERED
COV-01128,physical_outer_member,90_FUENTES_INTEGRAS/OMEGA_THEORY_V1_1_ENTREGA_14_MODO_UNIVERSAL_Y_DESVIACIONES/OMEGA_THEORY_V1_1_ENTREGA_14_MODO_UNIVERSAL_Y_DESVIACIONES/02_PRUEBAS_NUMERICAS/TEST_05_EQUIVALENCIA_ESPECIES.csv,.csv,549,9a21b6461058b79c84bf80b3cc14e67ae0b4dc6714e0b24cc77a30372873fa74,COVERED,SOURCE_ZIP_INVENTORY_EXTRACTED_EXACT,COVERED,dataset_catalog_recomputed_exact,NOT_APPLICABLE,NOT_APPLICABLE,NOT_APPLICABLE,NOT_APPLICABLE,,True,COVERED
COV-01129,physical_outer_member,90_FUENTES_INTEGRAS/OMEGA_THEORY_V1_1_ENTREGA_14_MODO_UNIVERSAL_Y_DESVIACIONES/OMEGA_THEORY_V1_1_ENTREGA_14_MODO_UNIVERSAL_Y_DESVIACIONES/02_PRUEBAS_NUMERICAS/TEST_06_PARES_CARGA_RELATIVA.csv,.csv,38380,14c711b61e45337e433e80f32e5402621f98e0abb8b10bfd4360d965c88d9062,COVERED,SOURCE_ZIP_INVENTORY_EXTRACTED_EXACT,COVERED,dataset_catalog_recomputed_exact,NOT_APPLICABLE,NOT_APPLICABLE,NOT_APPLICABLE,NOT_APPLICABLE,,True,COVERED
COV-01130,physical_outer_member,90_FUENTES_INTEGRAS/OMEGA_THEORY_V1_1_ENTREGA_14_MODO_UNIVERSAL_Y_DESVIACIONES/OMEGA_THEORY_V1_1_ENTREGA_14_MODO_UNIVERSAL_Y_DESVIACIONES/02_PRUEBAS_NUMERICAS/TEST_07_COARSE_GRAINING_SUPRESION.csv,.csv,1883,52e7173f81fb98a6169f64ed6f8259e9b6b9def322a92290029f7708b21abce0,COVERED,SOURCE_ZIP_INVENTORY_EXTRACTED_EXACT,COVERED,dataset_catalog_recomputed_exact,NOT_APPLICABLE,NOT_APPLICABLE,NOT_APPLICABLE,NOT_APPLICABLE,,True,COVERED
COV-01131,physical_outer_member,90_FUENTES_INTEGRAS/OMEGA_THEORY_V1_1_ENTREGA_14_MODO_UNIVERSAL_Y_DESVIACIONES/OMEGA_THEORY_V1_1_ENTREGA_14_MODO_UNIVERSAL_Y_DESVIACIONES/02_PRUEBAS_NUMERICAS/TEST_08_DESVIACIONES_CORRELACIONADAS.csv,.csv,1293,76f9afb8e7a6d70123c094f3f33e31d2f3ab743c17b9255d5cd25742c62218e9,COVERED,SOURCE_ZIP_INVENTORY_EXTRACTED_EXACT,COVERED,dataset_catalog_recomputed_exact,NOT_APPLICABLE,NOT_APPLICABLE,NOT_APPLICABLE,NOT_APPLICABLE,,True,COVERED
COV-01132,physical_outer_member,90_FUENTES_INTEGRAS/OMEGA_THEORY_V1_1_ENTREGA_14_MODO_UNIVERSAL_Y_DESVIACIONES/OMEGA_THEORY_V1_1_ENTREGA_14_MODO_UNIVERSAL_Y_DESVIACIONES/02_PRUEBAS_NUMERICAS/TEST_09_LIBERTAD_DESCOMPOSICION.csv,.csv,370,dc5efe6b084c4b3b42687b73ea80b882c3e9ea2aa0c143622fa0ad84b759733f,COVERED,SOURCE_ZIP_INVENTORY_EXTRACTED_EXACT,COVERED,dataset_catalog_recomputed_exact,NOT_APPLICABLE,NOT_APPLICABLE,NOT_APPLICABLE,NOT_APPLICABLE,,True,COVERED
COV-01133,physical_outer_member,90_FUENTES_INTEGRAS/OMEGA_THEORY_V1_1_ENTREGA_14_MODO_UNIVERSAL_Y_DESVIACIONES/OMEGA_THEORY_V1_1_ENTREGA_14_MODO_UNIVERSAL_Y_DESVIACIONES/02_PRUEBAS_NUMERICAS/TEST_10_VEREDICTO.csv,.csv,773,3b1f1b5a8fdd925485b42cd9798990741208b105f43ab925e860ad91c62f4829,COVERED,SOURCE_ZIP_INVENTORY_EXTRACTED_EXACT,COVERED,dataset_catalog_recomputed_exact,NOT_APPLICABLE,NOT_APPLICABLE,NOT_APPLICABLE,NOT_APPLICABLE,,True,COVERED
COV-01134,physical_outer_member,90_FUENTES_INTEGRAS/OMEGA_THEORY_V1_1_ENTREGA_14_MODO_UNIVERSAL_Y_DESVIACIONES/OMEGA_THEORY_V1_1_ENTREGA_14_MODO_UNIVERSAL_Y_DESVIACIONES/03_CODIGO/reproducir_entrega_14.py,.py,134,3bf6b6587ae650cb605863cc21f2322c67931b555eb4026e30db7fbd133f19ff,COVERED,SOURCE_ZIP_INVENTORY_EXTRACTED_EXACT,COVERED,python_ast_and_compile_checked,NOT_APPLICABLE,NOT_APPLICABLE,NOT_APPLICABLE,executed_successfully,,True,COVERED
COV-01135,physical_outer_member,90_FUENTES_INTEGRAS/OMEGA_THEORY_V1_1_ENTREGA_14_MODO_UNIVERSAL_Y_DESVIACIONES/OMEGA_THEORY_V1_1_ENTREGA_14_MODO_UNIVERSAL_Y_DESVIACIONES/04_FIGURAS/FIG_01_DEFORMACION_RELATIVA.png,.png,98615,86319b97c300a3a62a5f1126a38b8a3e930d9d66c7c8b63feea29143259a6279,COVERED,SOURCE_ZIP_INVENTORY_EXTRACTED_EXACT,COVERED,image_structurally_validated,NOT_APPLICABLE,NOT_APPLICABLE,reviewed_pass,NOT_APPLICABLE,,True,COVERED
COV-01136,physical_outer_member,90_FUENTES_INTEGRAS/OMEGA_THEORY_V1_1_ENTREGA_14_MODO_UNIVERSAL_Y_DESVIACIONES/OMEGA_THEORY_V1_1_ENTREGA_14_MODO_UNIVERSAL_Y_DESVIACIONES/04_FIGURAS/FIG_02_PARES_RELATIVOS.png,.png,90286,6c125d1d7ee7b34779c3d16576eeb9e7e027167443b619eb92dfdf0c26035698,COVERED,SOURCE_ZIP_INVENTORY_EXTRACTED_EXACT,COVERED,image_structurally_validated,NOT_APPLICABLE,NOT_APPLICABLE,reviewed_pass,NOT_APPLICABLE,,True,COVERED
COV-01137,physical_outer_member,90_FUENTES_INTEGRAS/OMEGA_THEORY_V1_1_ENTREGA_14_MODO_UNIVERSAL_Y_DESVIACIONES/OMEGA_THEORY_V1_1_ENTREGA_14_MODO_UNIVERSAL_Y_DESVIACIONES/04_FIGURAS/FIG_03_SUPRESION_COARSE.png,.png,75736,f5d4834840cd07fea19f0661b91009ac4dc2b54e501f218571a281d4a244166c,COVERED,SOURCE_ZIP_INVENTORY_EXTRACTED_EXACT,COVERED,image_structurally_validated,NOT_APPLICABLE,NOT_APPLICABLE,reviewed_pass,NOT_APPLICABLE,,True,COVERED
COV-01138,physical_outer_member,90_FUENTES_INTEGRAS/OMEGA_THEORY_V1_1_ENTREGA_14_MODO_UNIVERSAL_Y_DESVIACIONES/OMEGA_THEORY_V1_1_ENTREGA_14_MODO_UNIVERSAL_Y_DESVIACIONES/04_FIGURAS/FIG_04_CORRELACIONES.png,.png,62319,2c726cb8a219f7507765ecccbf72eae8b7d159b0916743b6bca7fc16985fe692,COVERED,SOURCE_ZIP_INVENTORY_EXTRACTED_EXACT,COVERED,image_structurally_validated,NOT_APPLICABLE,NOT_APPLICABLE,reviewed_pass,NOT_APPLICABLE,,True,COVERED
COV-01139,physical_outer_member,90_FUENTES_INTEGRAS/OMEGA_THEORY_V1_1_ENTREGA_14_MODO_UNIVERSAL_Y_DESVIACIONES/OMEGA_THEORY_V1_1_ENTREGA_14_MODO_UNIVERSAL_Y_DESVIACIONES/05_DATOS/RESUMEN_RESULTADOS.json,.json,335,3b631b71105fbc0c30466bd4910baaaba5eee18642e9268ade863134a08257fb,COVERED,SOURCE_ZIP_INVENTORY_EXTRACTED_EXACT,COVERED,json_parsed,NOT_APPLICABLE,NOT_APPLICABLE,NOT_APPLICABLE,NOT_APPLICABLE,,True,COVERED
COV-01140,physical_outer_member,90_FUENTES_INTEGRAS/OMEGA_THEORY_V1_1_ENTREGA_14_MODO_UNIVERSAL_Y_DESVIACIONES/OMEGA_THEORY_V1_1_ENTREGA_14_MODO_UNIVERSAL_Y_DESVIACIONES/06_MANIFIESTO/MANIFIESTO_ARCHIVOS.csv,.csv,2643,ef915bbc503035712e7784608d7b6586a62d62fab640ec5d75bd0d3388906d69,COVERED,SOURCE_ZIP_INVENTORY_EXTRACTED_EXACT,COVERED,dataset_catalog_recomputed_exact,NOT_APPLICABLE,NOT_APPLICABLE,NOT_APPLICABLE,NOT_APPLICABLE,,True,COVERED
COV-01141,physical_outer_member,90_FUENTES_INTEGRAS/OMEGA_THEORY_V1_1_ENTREGA_15_IRREVERSIBILIDAD_IDENTIDAD_CONTINUIDAD/OMEGA_THEORY_V1_1_ENTREGA_15_IRREVERSIBILIDAD_IDENTIDAD_CONTINUIDAD/00_LEEME.md,.md,956,d9a7040fac5e171ebe3735fe06c05726dc963b782953e7be84abe9f89d050453,COVERED,SOURCE_ZIP_INVENTORY_EXTRACTED_EXACT,COVERED,markdown_blocks=16,equation_catalog_occurrences_verified=4,claim_candidates_classified=10,NOT_APPLICABLE,NOT_APPLICABLE,,True,COVERED
COV-01142,physical_outer_member,90_FUENTES_INTEGRAS/OMEGA_THEORY_V1_1_ENTREGA_15_IRREVERSIBILIDAD_IDENTIDAD_CONTINUIDAD/OMEGA_THEORY_V1_1_ENTREGA_15_IRREVERSIBILIDAD_IDENTIDAD_CONTINUIDAD/01_DOCUMENTOS/01_DERIVACION_DESDE_ONTOLOGIA.md,.md,684,7ae6b09454c609876c03d8973d0b911d9e4b3a589ec1848cb86336218931ed8a,COVERED,SOURCE_ZIP_INVENTORY_EXTRACTED_EXACT,COVERED,markdown_blocks=21,equation_catalog_occurrences_verified=8,claim_candidates_classified=7,NOT_APPLICABLE,NOT_APPLICABLE,,True,COVERED
COV-01143,physical_outer_member,90_FUENTES_INTEGRAS/OMEGA_THEORY_V1_1_ENTREGA_15_IRREVERSIBILIDAD_IDENTIDAD_CONTINUIDAD/OMEGA_THEORY_V1_1_ENTREGA_15_IRREVERSIBILIDAD_IDENTIDAD_CONTINUIDAD/01_DOCUMENTOS/02_RESULTADOS_NUMERICOS.md,.md,10735,56f7d73f66d5de83480b076d121df850c3bc34bf7694554546c74a815ef712a6,COVERED,SOURCE_ZIP_INVENTORY_EXTRACTED_EXACT,COVERED,markdown_blocks=19,equation_catalog_occurrences_verified=0,claim_candidates_classified=9,NOT_APPLICABLE,NOT_APPLICABLE,,True,COVERED
COV-01144,physical_outer_member,90_FUENTES_INTEGRAS/OMEGA_THEORY_V1_1_ENTREGA_15_IRREVERSIBILIDAD_IDENTIDAD_CONTINUIDAD/OMEGA_THEORY_V1_1_ENTREGA_15_IRREVERSIBILIDAD_IDENTIDAD_CONTINUIDAD/01_DOCUMENTOS/03_RESULTADOS_NEGATIVOS.md,.md,533,22753253a952ebca396ba5e4f1dc01f6e4fa71ac2bc738ecee617747ee9eae86,COVERED,SOURCE_ZIP_INVENTORY_EXTRACTED_EXACT,COVERED,markdown_blocks=2,equation_catalog_occurrences_verified=0,claim_candidates_classified=1,NOT_APPLICABLE,NOT_APPLICABLE,negative_catalog_occurrences=1,True,COVERED_WITH_NEGATIVE_OR_LIMITATION
COV-01145,physical_outer_member,90_FUENTES_INTEGRAS/OMEGA_THEORY_V1_1_ENTREGA_15_IRREVERSIBILIDAD_IDENTIDAD_CONTINUIDAD/OMEGA_THEORY_V1_1_ENTREGA_15_IRREVERSIBILIDAD_IDENTIDAD_CONTINUIDAD/01_DOCUMENTOS/04_DUDAS_ONTOLOGICAS.md,.md,496,d4c254c102725c65c282401ccc06932e2b07fbb55664a1bd60aaf3c0b76cf2ea,COVERED,SOURCE_ZIP_INVENTORY_EXTRACTED_EXACT,COVERED,markdown_blocks=6,equation_catalog_occurrences_verified=0,claim_candidates_classified=0,NOT_APPLICABLE,NOT_APPLICABLE,open_doubt_occurrences=5,True,COVERED_WITH_NEGATIVE_OR_LIMITATION
COV-01146,physical_outer_member,90_FUENTES_INTEGRAS/OMEGA_THEORY_V1_1_ENTREGA_15_IRREVERSIBILIDAD_IDENTIDAD_CONTINUIDAD/OMEGA_THEORY_V1_1_ENTREGA_15_IRREVERSIBILIDAD_IDENTIDAD_CONTINUIDAD/01_DOCUMENTOS/05_MODELO_MINIMO_IDENTIDAD.md,.md,360,a33e10cf14f4b9422ca152c4ada7e7753ea91b6d852eccc1976f13e632087d54,COVERED,SOURCE_ZIP_INVENTORY_EXTRACTED_EXACT,COVERED,markdown_blocks=6,equation_catalog_occurrences_verified=2,claim_candidates_classified=3,NOT_APPLICABLE,NOT_APPLICABLE,,True,COVERED
COV-01147,physical_outer_member,90_FUENTES_INTEGRAS/OMEGA_THEORY_V1_1_ENTREGA_15_IRREVERSIBILIDAD_IDENTIDAD_CONTINUIDAD/OMEGA_THEORY_V1_1_ENTREGA_15_IRREVERSIBILIDAD_IDENTIDAD_CONTINUIDAD/01_DOCUMENTOS/06_SIGUIENTE_PASO.md,.md,317,01d57be31f369f45050ad20a7cedb8a8b5c0874877780be17c6f8af3fb38a135,COVERED,SOURCE_ZIP_INVENTORY_EXTRACTED_EXACT,COVERED,markdown_blocks=4,equation_catalog_occurrences_verified=0,claim_candidates_classified=3,NOT_APPLICABLE,NOT_APPLICABLE,,True,COVERED
COV-01148,physical_outer_member,90_FUENTES_INTEGRAS/OMEGA_THEORY_V1_1_ENTREGA_15_IRREVERSIBILIDAD_IDENTIDAD_CONTINUIDAD/OMEGA_THEORY_V1_1_ENTREGA_15_IRREVERSIBILIDAD_IDENTIDAD_CONTINUIDAD/02_PRUEBAS_NUMERICAS/TEST_01_RETORNO_VISIBLE_VS_ONTOLOGICO.csv,.csv,262,9829ed4dac6d0913717750163752f07875a11f5aaf0f1dc57822b812100b5cf6,COVERED,SOURCE_ZIP_INVENTORY_EXTRACTED_EXACT,COVERED,dataset_catalog_recomputed_exact,NOT_APPLICABLE,NOT_APPLICABLE,NOT_APPLICABLE,NOT_APPLICABLE,,True,COVERED
COV-01149,physical_outer_member,90_FUENTES_INTEGRAS/OMEGA_THEORY_V1_1_ENTREGA_15_IRREVERSIBILIDAD_IDENTIDAD_CONTINUIDAD/OMEGA_THEORY_V1_1_ENTREGA_15_IRREVERSIBILIDAD_IDENTIDAD_CONTINUIDAD/02_PRUEBAS_NUMERICAS/TEST_02_PROBABILIDAD_RETORNO.csv,.csv,575,61487d3d6078ac6b2a0d923c9d45b85e84e5df1d66acf90e3fa14b2fba7d58fc,COVERED,SOURCE_ZIP_INVENTORY_EXTRACTED_EXACT,COVERED,dataset_catalog_recomputed_exact,NOT_APPLICABLE,NOT_APPLICABLE,NOT_APPLICABLE,NOT_APPLICABLE,,True,COVERED
COV-01150,physical_outer_member,90_FUENTES_INTEGRAS/OMEGA_THEORY_V1_1_ENTREGA_15_IRREVERSIBILIDAD_IDENTIDAD_CONTINUIDAD/OMEGA_THEORY_V1_1_ENTREGA_15_IRREVERSIBILIDAD_IDENTIDAD_CONTINUIDAD/02_PRUEBAS_NUMERICAS/TEST_03_MEMORIA_DE_CAMINO.csv,.csv,228,b0995e4574659e84bb9cee4e5dcaab56ffc1c57d186392e494bd4ee3980372c9,COVERED,SOURCE_ZIP_INVENTORY_EXTRACTED_EXACT,COVERED,dataset_catalog_recomputed_exact,NOT_APPLICABLE,NOT_APPLICABLE,NOT_APPLICABLE,NOT_APPLICABLE,,True,COVERED
COV-01151,physical_outer_member,90_FUENTES_INTEGRAS/OMEGA_THEORY_V1_1_ENTREGA_15_IRREVERSIBILIDAD_IDENTIDAD_CONTINUIDAD/OMEGA_THEORY_V1_1_ENTREGA_15_IRREVERSIBILIDAD_IDENTIDAD_CONTINUIDAD/02_PRUEBAS_NUMERICAS/TEST_04_CAMINATA_VISIBLE_Y_GENEALOGIA.csv,.csv,16444,7b8517568e10e99b6555110a4b46e431a757ae8c92d1a8b742662399ac24d17e,COVERED,SOURCE_ZIP_INVENTORY_EXTRACTED_EXACT,COVERED,dataset_catalog_recomputed_exact,NOT_APPLICABLE,NOT_APPLICABLE,NOT_APPLICABLE,NOT_APPLICABLE,,True,COVERED
COV-01152,physical_outer_member,90_FUENTES_INTEGRAS/OMEGA_THEORY_V1_1_ENTREGA_15_IRREVERSIBILIDAD_IDENTIDAD_CONTINUIDAD/OMEGA_THEORY_V1_1_ENTREGA_15_IRREVERSIBILIDAD_IDENTIDAD_CONTINUIDAD/02_PRUEBAS_NUMERICAS/TEST_05_COMPARACION_MODELOS.csv,.csv,307,89839e22b0ae0b2d4c92cdc87b21e3f92b337b8a9228d03fb0710b8ebaf4f15c,COVERED,SOURCE_ZIP_INVENTORY_EXTRACTED_EXACT,COVERED,dataset_catalog_recomputed_exact,NOT_APPLICABLE,NOT_APPLICABLE,NOT_APPLICABLE,NOT_APPLICABLE,,True,COVERED
COV-01153,physical_outer_member,90_FUENTES_INTEGRAS/OMEGA_THEORY_V1_1_ENTREGA_15_IRREVERSIBILIDAD_IDENTIDAD_CONTINUIDAD/OMEGA_THEORY_V1_1_ENTREGA_15_IRREVERSIBILIDAD_IDENTIDAD_CONTINUIDAD/02_PRUEBAS_NUMERICAS/TEST_06_ELEVACION_ACICLICA.csv,.csv,217,920c3531a29867cdecba366b96b62dfda1e1dac7938d3fd1c9a6c120a55c26e9,COVERED,SOURCE_ZIP_INVENTORY_EXTRACTED_EXACT,COVERED,dataset_catalog_recomputed_exact,NOT_APPLICABLE,NOT_APPLICABLE,NOT_APPLICABLE,NOT_APPLICABLE,,True,COVERED
COV-01154,physical_outer_member,90_FUENTES_INTEGRAS/OMEGA_THEORY_V1_1_ENTREGA_15_IRREVERSIBILIDAD_IDENTIDAD_CONTINUIDAD/OMEGA_THEORY_V1_1_ENTREGA_15_IRREVERSIBILIDAD_IDENTIDAD_CONTINUIDAD/02_PRUEBAS_NUMERICAS/TEST_07_INVERSA_LOCAL_NO_BORRA_HISTORIA.csv,.csv,164,0ce82929406b82b542c1db391eddf4777d65fb7e9d31eb557e8049648a82f18a,COVERED,SOURCE_ZIP_INVENTORY_EXTRACTED_EXACT,COVERED,dataset_catalog_recomputed_exact,NOT_APPLICABLE,NOT_APPLICABLE,NOT_APPLICABLE,NOT_APPLICABLE,,True,COVERED
COV-01155,physical_outer_member,90_FUENTES_INTEGRAS/OMEGA_THEORY_V1_1_ENTREGA_15_IRREVERSIBILIDAD_IDENTIDAD_CONTINUIDAD/OMEGA_THEORY_V1_1_ENTREGA_15_IRREVERSIBILIDAD_IDENTIDAD_CONTINUIDAD/02_PRUEBAS_NUMERICAS/TEST_08_RECORRENCIA_OBSERVABLE.csv,.csv,188,77c3d0cfb01fce495abcead916f0965cfd49750abf37703e6f619aa5f7076fc6,COVERED,SOURCE_ZIP_INVENTORY_EXTRACTED_EXACT,COVERED,dataset_catalog_recomputed_exact,NOT_APPLICABLE,NOT_APPLICABLE,NOT_APPLICABLE,NOT_APPLICABLE,,True,COVERED
COV-01156,physical_outer_member,90_FUENTES_INTEGRAS/OMEGA_THEORY_V1_1_ENTREGA_15_IRREVERSIBILIDAD_IDENTIDAD_CONTINUIDAD/OMEGA_THEORY_V1_1_ENTREGA_15_IRREVERSIBILIDAD_IDENTIDAD_CONTINUIDAD/02_PRUEBAS_NUMERICAS/TEST_09_VEREDICTO.csv,.csv,797,209452a7ac1235eddef05781221521a9abf07db295d15a30307308dce7f456d3,COVERED,SOURCE_ZIP_INVENTORY_EXTRACTED_EXACT,COVERED,dataset_catalog_recomputed_exact,NOT_APPLICABLE,NOT_APPLICABLE,NOT_APPLICABLE,NOT_APPLICABLE,,True,COVERED
COV-01157,physical_outer_member,90_FUENTES_INTEGRAS/OMEGA_THEORY_V1_1_ENTREGA_15_IRREVERSIBILIDAD_IDENTIDAD_CONTINUIDAD/OMEGA_THEORY_V1_1_ENTREGA_15_IRREVERSIBILIDAD_IDENTIDAD_CONTINUIDAD/03_CODIGO/reproducir_entrega_15.py,.py,133,3ccbda40d2cea1435b77434e9da42abc683cce2899e4368a65ac4f6605a36561,COVERED,SOURCE_ZIP_INVENTORY_EXTRACTED_EXACT,COVERED,python_ast_and_compile_checked,NOT_APPLICABLE,NOT_APPLICABLE,NOT_APPLICABLE,executed_successfully,,True,COVERED
COV-01158,physical_outer_member,90_FUENTES_INTEGRAS/OMEGA_THEORY_V1_1_ENTREGA_15_IRREVERSIBILIDAD_IDENTIDAD_CONTINUIDAD/OMEGA_THEORY_V1_1_ENTREGA_15_IRREVERSIBILIDAD_IDENTIDAD_CONTINUIDAD/04_FIGURAS/FIG_01_RETORNO_VISIBLE.png,.png,68264,143f65ca18675420304ded97edc6262bf31336d854127466f786894cace73fb5,COVERED,SOURCE_ZIP_INVENTORY_EXTRACTED_EXACT,COVERED,image_structurally_validated,NOT_APPLICABLE,NOT_APPLICABLE,reviewed_pass,NOT_APPLICABLE,,True,COVERED
COV-01159,physical_outer_member,90_FUENTES_INTEGRAS/OMEGA_THEORY_V1_1_ENTREGA_15_IRREVERSIBILIDAD_IDENTIDAD_CONTINUIDAD/OMEGA_THEORY_V1_1_ENTREGA_15_IRREVERSIBILIDAD_IDENTIDAD_CONTINUIDAD/04_FIGURAS/FIG_02_RETORNOS_VISIBLES.png,.png,27661,c7b6b508ffda6309e6064f25ea40381a447c06af832f6720174f8adad36836a6,COVERED,SOURCE_ZIP_INVENTORY_EXTRACTED_EXACT,COVERED,image_structurally_validated,NOT_APPLICABLE,NOT_APPLICABLE,reviewed_pass,NOT_APPLICABLE,,True,COVERED
COV-01160,physical_outer_member,90_FUENTES_INTEGRAS/OMEGA_THEORY_V1_1_ENTREGA_15_IRREVERSIBILIDAD_IDENTIDAD_CONTINUIDAD/OMEGA_THEORY_V1_1_ENTREGA_15_IRREVERSIBILIDAD_IDENTIDAD_CONTINUIDAD/04_FIGURAS/FIG_03_GENEALOGIA_ACCION.png,.png,47086,9702b3966c05f52cef1f19074f56b6e3f4b9e31167b9e32895f6ed2c4e88de9a,COVERED,SOURCE_ZIP_INVENTORY_EXTRACTED_EXACT,COVERED,image_structurally_validated,NOT_APPLICABLE,NOT_APPLICABLE,reviewed_pass,NOT_APPLICABLE,,True,COVERED
COV-01161,physical_outer_member,90_FUENTES_INTEGRAS/OMEGA_THEORY_V1_1_ENTREGA_15_IRREVERSIBILIDAD_IDENTIDAD_CONTINUIDAD/OMEGA_THEORY_V1_1_ENTREGA_15_IRREVERSIBILIDAD_IDENTIDAD_CONTINUIDAD/04_FIGURAS/FIG_04_MEMORIA_CAMINO.png,.png,46165,a61f02cace8ff3304c3a97f704a2a69b12665bca2a57169f937207286ce27238,COVERED,SOURCE_ZIP_INVENTORY_EXTRACTED_EXACT,COVERED,image_structurally_validated,NOT_APPLICABLE,NOT_APPLICABLE,reviewed_pass,NOT_APPLICABLE,,True,COVERED
COV-01162,physical_outer_member,90_FUENTES_INTEGRAS/OMEGA_THEORY_V1_1_ENTREGA_15_IRREVERSIBILIDAD_IDENTIDAD_CONTINUIDAD/OMEGA_THEORY_V1_1_ENTREGA_15_IRREVERSIBILIDAD_IDENTIDAD_CONTINUIDAD/05_DATOS/RESUMEN_RESULTADOS.json,.json,534,134ec586d39ed4d4574a7caa404c61817b8df9263bd5102ff2f31748abf84b73,COVERED,SOURCE_ZIP_INVENTORY_EXTRACTED_EXACT,COVERED,json_parsed,NOT_APPLICABLE,NOT_APPLICABLE,NOT_APPLICABLE,NOT_APPLICABLE,,True,COVERED
COV-01163,physical_outer_member,90_FUENTES_INTEGRAS/OMEGA_THEORY_V1_1_ENTREGA_15_IRREVERSIBILIDAD_IDENTIDAD_CONTINUIDAD/OMEGA_THEORY_V1_1_ENTREGA_15_IRREVERSIBILIDAD_IDENTIDAD_CONTINUIDAD/06_MANIFIESTO/MANIFIESTO_ARCHIVOS.csv,.csv,2543,c6de7e77876a665868ae2b64dc12b9ff5c75a42d673efbb0ee8229a02a79afa6,COVERED,SOURCE_ZIP_INVENTORY_EXTRACTED_EXACT,COVERED,dataset_catalog_recomputed_exact,NOT_APPLICABLE,NOT_APPLICABLE,NOT_APPLICABLE,NOT_APPLICABLE,,True,COVERED
COV-01164,physical_outer_member,90_FUENTES_INTEGRAS/OMEGA_THEORY_V1_1_ENTREGA_15_IRREVERSIBILIDAD_IDENTIDAD_CONTINUIDAD/OMEGA_THEORY_V1_1_ENTREGA_15_IRREVERSIBILIDAD_IDENTIDAD_CONTINUIDAD/06_MANIFIESTO/METADATA.json,.json,182,368893ae6d3b53f101fff8b3b26f3f139d7b8a3c8e3a8455f0f19fe0d8dc5e88,COVERED,SOURCE_ZIP_INVENTORY_EXTRACTED_EXACT,COVERED,json_parsed,NOT_APPLICABLE,NOT_APPLICABLE,NOT_APPLICABLE,NOT_APPLICABLE,,True,COVERED
COV-01165,physical_outer_member,90_FUENTES_INTEGRAS/OMEGA_THEORY_V1_1_ENTREGA_16_ORDEN_DE_CONTINUACION/OMEGA_THEORY_V1_1_ENTREGA_16_ORDEN_DE_CONTINUACION/00_LEEME.md,.md,1378,ade3ec5848da2c2b70ed73e0aacdd96eee2a6ac4ab00670508345a7ff9981d23,COVERED,SOURCE_ZIP_INVENTORY_EXTRACTED_EXACT,COVERED,markdown_blocks=26,equation_catalog_occurrences_verified=7,claim_candidates_classified=14,NOT_APPLICABLE,NOT_APPLICABLE,,True,COVERED
COV-01166,physical_outer_member,90_FUENTES_INTEGRAS/OMEGA_THEORY_V1_1_ENTREGA_16_ORDEN_DE_CONTINUACION/OMEGA_THEORY_V1_1_ENTREGA_16_ORDEN_DE_CONTINUACION/01_DOCUMENTOS/01_DERIVACION_DESDE_ONTOLOGIA.md,.md,1267,990f7abb27f1b37d91751a5a5dff2057e1807de9477dcd64fbd5ae48071c2da1,COVERED,SOURCE_ZIP_INVENTORY_EXTRACTED_EXACT,COVERED,markdown_blocks=34,equation_catalog_occurrences_verified=12,claim_candidates_classified=14,NOT_APPLICABLE,NOT_APPLICABLE,,True,COVERED
COV-01167,physical_outer_member,90_FUENTES_INTEGRAS/OMEGA_THEORY_V1_1_ENTREGA_16_ORDEN_DE_CONTINUACION/OMEGA_THEORY_V1_1_ENTREGA_16_ORDEN_DE_CONTINUACION/01_DOCUMENTOS/02_RESULTADOS_NUMERICOS.md,.md,11212,acfce8ba3e260c25ba03ffa366495a29bdb89ee7e01afb4e610f8094bfec0253,COVERED,SOURCE_ZIP_INVENTORY_EXTRACTED_EXACT,COVERED,markdown_blocks=19,equation_catalog_occurrences_verified=0,claim_candidates_classified=9,NOT_APPLICABLE,NOT_APPLICABLE,,True,COVERED
COV-01168,physical_outer_member,90_FUENTES_INTEGRAS/OMEGA_THEORY_V1_1_ENTREGA_16_ORDEN_DE_CONTINUACION/OMEGA_THEORY_V1_1_ENTREGA_16_ORDEN_DE_CONTINUACION/01_DOCUMENTOS/03_RESULTADOS_NEGATIVOS.md,.md,485,51ca8bc1d595db503563ae1495bb267ed215850fc37362872c66fc5390ecb37a,COVERED,SOURCE_ZIP_INVENTORY_EXTRACTED_EXACT,COVERED,markdown_blocks=2,equation_catalog_occurrences_verified=0,claim_candidates_classified=1,NOT_APPLICABLE,NOT_APPLICABLE,negative_catalog_occurrences=1,True,COVERED_WITH_NEGATIVE_OR_LIMITATION
COV-01169,physical_outer_member,90_FUENTES_INTEGRAS/OMEGA_THEORY_V1_1_ENTREGA_16_ORDEN_DE_CONTINUACION/OMEGA_THEORY_V1_1_ENTREGA_16_ORDEN_DE_CONTINUACION/01_DOCUMENTOS/04_DUDAS_ONTOLOGICAS.md,.md,567,68615d64d56247f945385e914d10c3c28c432ca515d1dd581a34444a9292feb6,COVERED,SOURCE_ZIP_INVENTORY_EXTRACTED_EXACT,COVERED,markdown_blocks=7,equation_catalog_occurrences_verified=1,claim_candidates_classified=0,NOT_APPLICABLE,NOT_APPLICABLE,open_doubt_occurrences=5,True,COVERED_WITH_NEGATIVE_OR_LIMITATION
COV-01170,physical_outer_member,90_FUENTES_INTEGRAS/OMEGA_THEORY_V1_1_ENTREGA_16_ORDEN_DE_CONTINUACION/OMEGA_THEORY_V1_1_ENTREGA_16_ORDEN_DE_CONTINUACION/01_DOCUMENTOS/05_TEOREMA_ORDEN_CONDICIONAL.md,.md,646,865d5155e8a0664929a957f2cde660d694519e1d0ee7978d840a9016919fe3d6,COVERED,SOURCE_ZIP_INVENTORY_EXTRACTED_EXACT,COVERED,markdown_blocks=7,equation_catalog_occurrences_verified=0,claim_candidates_classified=5,NOT_APPLICABLE,NOT_APPLICABLE,,True,COVERED
COV-01171,physical_outer_member,90_FUENTES_INTEGRAS/OMEGA_THEORY_V1_1_ENTREGA_16_ORDEN_DE_CONTINUACION/OMEGA_THEORY_V1_1_ENTREGA_16_ORDEN_DE_CONTINUACION/01_DOCUMENTOS/06_SIGUIENTE_PASO.md,.md,714,700abd0b34391bc7a276f1f833d93674efb6754e911c2c2c9f64a8f99cbb2e7d,COVERED,SOURCE_ZIP_INVENTORY_EXTRACTED_EXACT,COVERED,markdown_blocks=7,equation_catalog_occurrences_verified=0,claim_candidates_classified=3,NOT_APPLICABLE,NOT_APPLICABLE,,True,COVERED
COV-01172,physical_outer_member,90_FUENTES_INTEGRAS/OMEGA_THEORY_V1_1_ENTREGA_16_ORDEN_DE_CONTINUACION/OMEGA_THEORY_V1_1_ENTREGA_16_ORDEN_DE_CONTINUACION/02_PRUEBAS_NUMERICAS/TEST_01_DAG_Y_ORDEN_PARCIAL.csv,.csv,21340,400ef3a36a0241ed1ae65d1e7c3907555074d8eb411a89b4990e5cca72d79192,COVERED,SOURCE_ZIP_INVENTORY_EXTRACTED_EXACT,COVERED,dataset_catalog_recomputed_exact,NOT_APPLICABLE,NOT_APPLICABLE,NOT_APPLICABLE,NOT_APPLICABLE,,True,COVERED
COV-01173,physical_outer_member,90_FUENTES_INTEGRAS/OMEGA_THEORY_V1_1_ENTREGA_16_ORDEN_DE_CONTINUACION/OMEGA_THEORY_V1_1_ENTREGA_16_ORDEN_DE_CONTINUACION/02_PRUEBAS_NUMERICAS/TEST_02_CICLO_ROMPE_ANTISIMETRIA.csv,.csv,9972,6c9b241a007d00517d23bb3fca8f3fd41d46725309ba31cf9773790d7b05611b,COVERED,SOURCE_ZIP_INVENTORY_EXTRACTED_EXACT,COVERED,dataset_catalog_recomputed_exact,NOT_APPLICABLE,NOT_APPLICABLE,NOT_APPLICABLE,NOT_APPLICABLE,,True,COVERED
COV-01174,physical_outer_member,90_FUENTES_INTEGRAS/OMEGA_THEORY_V1_1_ENTREGA_16_ORDEN_DE_CONTINUACION/OMEGA_THEORY_V1_1_ENTREGA_16_ORDEN_DE_CONTINUACION/02_PRUEBAS_NUMERICAS/TEST_03_CONDENSACION_COMPONENTES.csv,.csv,8086,8eb28722cc98a3c4b2c2acd37de7af70ba56559713dd3a32b605e811c17c88b0,COVERED,SOURCE_ZIP_INVENTORY_EXTRACTED_EXACT,COVERED,dataset_catalog_recomputed_exact,NOT_APPLICABLE,NOT_APPLICABLE,NOT_APPLICABLE,NOT_APPLICABLE,,True,COVERED
COV-01175,physical_outer_member,90_FUENTES_INTEGRAS/OMEGA_THEORY_V1_1_ENTREGA_16_ORDEN_DE_CONTINUACION/OMEGA_THEORY_V1_1_ENTREGA_16_ORDEN_DE_CONTINUACION/02_PRUEBAS_NUMERICAS/TEST_04_NO_UNICIDAD_ESCALAR_GENEALOGICO.csv,.csv,4183,0f795f97744b1a0cf45d474ef34965074abbca046bbd2db0f13bbc0f6460a8f8,COVERED,SOURCE_ZIP_INVENTORY_EXTRACTED_EXACT,COVERED,dataset_catalog_recomputed_exact,NOT_APPLICABLE,NOT_APPLICABLE,NOT_APPLICABLE,NOT_APPLICABLE,,True,COVERED
COV-01176,physical_outer_member,90_FUENTES_INTEGRAS/OMEGA_THEORY_V1_1_ENTREGA_16_ORDEN_DE_CONTINUACION/OMEGA_THEORY_V1_1_ENTREGA_16_ORDEN_DE_CONTINUACION/02_PRUEBAS_NUMERICAS/TEST_05_MATRIZ_LOGICA_AXIOMAS.csv,.csv,591,035cd6c7cf2adeac7a6b907d988444fa156dd675bc19af7cb49f0f82e0110dd7,COVERED,SOURCE_ZIP_INVENTORY_EXTRACTED_EXACT,COVERED,dataset_catalog_recomputed_exact,NOT_APPLICABLE,NOT_APPLICABLE,NOT_APPLICABLE,NOT_APPLICABLE,,True,COVERED
COV-01177,physical_outer_member,90_FUENTES_INTEGRAS/OMEGA_THEORY_V1_1_ENTREGA_16_ORDEN_DE_CONTINUACION/OMEGA_THEORY_V1_1_ENTREGA_16_ORDEN_DE_CONTINUACION/02_PRUEBAS_NUMERICAS/TEST_06_ESCALAR_VS_ORDEN_PARCIAL.csv,.csv,423,cdc5ac9db13e2e50545c055b1a951a2d4695a338283f3d99a97e5a49a2d9bf85,COVERED,SOURCE_ZIP_INVENTORY_EXTRACTED_EXACT,COVERED,dataset_catalog_recomputed_exact,NOT_APPLICABLE,NOT_APPLICABLE,NOT_APPLICABLE,NOT_APPLICABLE,,True,COVERED
COV-01178,physical_outer_member,90_FUENTES_INTEGRAS/OMEGA_THEORY_V1_1_ENTREGA_16_ORDEN_DE_CONTINUACION/OMEGA_THEORY_V1_1_ENTREGA_16_ORDEN_DE_CONTINUACION/02_PRUEBAS_NUMERICAS/TEST_07_CONTRAEJEMPLO_CONTINUIDAD_NO_BASTA.csv,.csv,255,f3bef31fc2b8a0a59b41fe742d181e7b8632f92a342bbab1cbc3b64cea5c8358,COVERED,SOURCE_ZIP_INVENTORY_EXTRACTED_EXACT,COVERED,dataset_catalog_recomputed_exact,NOT_APPLICABLE,NOT_APPLICABLE,NOT_APPLICABLE,NOT_APPLICABLE,,True,COVERED
COV-01179,physical_outer_member,90_FUENTES_INTEGRAS/OMEGA_THEORY_V1_1_ENTREGA_16_ORDEN_DE_CONTINUACION/OMEGA_THEORY_V1_1_ENTREGA_16_ORDEN_DE_CONTINUACION/02_PRUEBAS_NUMERICAS/TEST_08_AXIOMAS_CANDIDATOS.csv,.csv,621,a6ac5fae2d57e0792b5db2e19816c6e4db7c7ad57c2b4c47b1e9a91e3cd713d0,COVERED,SOURCE_ZIP_INVENTORY_EXTRACTED_EXACT,COVERED,dataset_catalog_recomputed_exact,NOT_APPLICABLE,NOT_APPLICABLE,NOT_APPLICABLE,NOT_APPLICABLE,,True,COVERED
COV-01180,physical_outer_member,90_FUENTES_INTEGRAS/OMEGA_THEORY_V1_1_ENTREGA_16_ORDEN_DE_CONTINUACION/OMEGA_THEORY_V1_1_ENTREGA_16_ORDEN_DE_CONTINUACION/02_PRUEBAS_NUMERICAS/TEST_09_VEREDICTO.csv,.csv,798,3f16c126835e19ac32c21938d22df6bf4f0efd7fbe01e252aef45b359a9054bd,COVERED,SOURCE_ZIP_INVENTORY_EXTRACTED_EXACT,COVERED,dataset_catalog_recomputed_exact,NOT_APPLICABLE,NOT_APPLICABLE,NOT_APPLICABLE,NOT_APPLICABLE,,True,COVERED
COV-01181,physical_outer_member,90_FUENTES_INTEGRAS/OMEGA_THEORY_V1_1_ENTREGA_16_ORDEN_DE_CONTINUACION/OMEGA_THEORY_V1_1_ENTREGA_16_ORDEN_DE_CONTINUACION/03_CODIGO/reproducir_entrega_16.py,.py,172,d6b02a737b1e99a2afaa48fc4d2028151e885f56984dec96862c31139a129d47,COVERED,SOURCE_ZIP_INVENTORY_EXTRACTED_EXACT,COVERED,python_ast_and_compile_checked,NOT_APPLICABLE,NOT_APPLICABLE,NOT_APPLICABLE,execution_failed,code_status=execution_failed,True,COVERED_WITH_NEGATIVE_OR_LIMITATION
COV-01182,physical_outer_member,90_FUENTES_INTEGRAS/OMEGA_THEORY_V1_1_ENTREGA_16_ORDEN_DE_CONTINUACION/OMEGA_THEORY_V1_1_ENTREGA_16_ORDEN_DE_CONTINUACION/04_FIGURAS/FIG_01_DAG_ANTISIMETRIA.png,.png,41584,3035ebe778bf44e01ce91189d51ee1a744b21e218efb36fe44da962d01b62723,COVERED,SOURCE_ZIP_INVENTORY_EXTRACTED_EXACT,COVERED,image_structurally_validated,NOT_APPLICABLE,NOT_APPLICABLE,reviewed_zero_result,NOT_APPLICABLE,figure_review=reviewed_zero_result,True,COVERED_WITH_NEGATIVE_OR_LIMITATION
COV-01183,physical_outer_member,90_FUENTES_INTEGRAS/OMEGA_THEORY_V1_1_ENTREGA_16_ORDEN_DE_CONTINUACION/OMEGA_THEORY_V1_1_ENTREGA_16_ORDEN_DE_CONTINUACION/04_FIGURAS/FIG_02_CICLOS_Y_ANTISIMETRIA.png,.png,54539,917b035ad2ceec040fec2cb6f83d9251c7b8c6c2d2eb061696795b5c429ec6d6,COVERED,SOURCE_ZIP_INVENTORY_EXTRACTED_EXACT,COVERED,image_structurally_validated,NOT_APPLICABLE,NOT_APPLICABLE,reviewed_pass,NOT_APPLICABLE,,True,COVERED
COV-01184,physical_outer_member,90_FUENTES_INTEGRAS/OMEGA_THEORY_V1_1_ENTREGA_16_ORDEN_DE_CONTINUACION/OMEGA_THEORY_V1_1_ENTREGA_16_ORDEN_DE_CONTINUACION/04_FIGURAS/FIG_03_NO_UNICIDAD_ORDEN.png,.png,31844,495d9ee9ab601ad36477926309dc1c9b10fb5b7729126e198f36d34caaa55a3c,COVERED,SOURCE_ZIP_INVENTORY_EXTRACTED_EXACT,COVERED,image_structurally_validated,NOT_APPLICABLE,NOT_APPLICABLE,reviewed_degenerate_distribution,NOT_APPLICABLE,figure_review=reviewed_degenerate_distribution,True,COVERED_WITH_NEGATIVE_OR_LIMITATION
COV-01185,physical_outer_member,90_FUENTES_INTEGRAS/OMEGA_THEORY_V1_1_ENTREGA_16_ORDEN_DE_CONTINUACION/OMEGA_THEORY_V1_1_ENTREGA_16_ORDEN_DE_CONTINUACION/04_FIGURAS/FIG_04_CONDENSACION.png,.png,51373,03d484178daebcdf81e5882d4d568f43d098049d82f961122aac0a4bdbf63aec,COVERED,SOURCE_ZIP_INVENTORY_EXTRACTED_EXACT,COVERED,image_structurally_validated,NOT_APPLICABLE,NOT_APPLICABLE,reviewed_pass,NOT_APPLICABLE,,True,COVERED
COV-01186,physical_outer_member,90_FUENTES_INTEGRAS/OMEGA_THEORY_V1_1_ENTREGA_16_ORDEN_DE_CONTINUACION/OMEGA_THEORY_V1_1_ENTREGA_16_ORDEN_DE_CONTINUACION/05_DATOS/RESUMEN_RESULTADOS.json,.json,502,7f2fcdc2aae20c98b6e552ef2ada850509e0f21bb7024fd8744c5b4ec23749d3,COVERED,SOURCE_ZIP_INVENTORY_EXTRACTED_EXACT,COVERED,json_parsed,NOT_APPLICABLE,NOT_APPLICABLE,NOT_APPLICABLE,NOT_APPLICABLE,,True,COVERED
COV-01187,physical_outer_member,90_FUENTES_INTEGRAS/OMEGA_THEORY_V1_1_ENTREGA_16_ORDEN_DE_CONTINUACION/OMEGA_THEORY_V1_1_ENTREGA_16_ORDEN_DE_CONTINUACION/06_MANIFIESTO/MANIFIESTO_ARCHIVOS.csv,.csv,2563,9e9f2103f89cb4930997d896e90457332663b02ec00857f1270a3ca95b497f5a,COVERED,SOURCE_ZIP_INVENTORY_EXTRACTED_EXACT,COVERED,dataset_catalog_recomputed_exact,NOT_APPLICABLE,NOT_APPLICABLE,NOT_APPLICABLE,NOT_APPLICABLE,,True,COVERED
COV-01188,physical_outer_member,90_FUENTES_INTEGRAS/OMEGA_THEORY_V1_1_ENTREGA_16_ORDEN_DE_CONTINUACION/OMEGA_THEORY_V1_1_ENTREGA_16_ORDEN_DE_CONTINUACION/06_MANIFIESTO/METADATA.json,.json,165,70deeee3f8d56f831b9abdcc231504810f4487424fb32b8023006db54bb2c19c,COVERED,SOURCE_ZIP_INVENTORY_EXTRACTED_EXACT,COVERED,json_parsed,NOT_APPLICABLE,NOT_APPLICABLE,NOT_APPLICABLE,NOT_APPLICABLE,,True,COVERED
COV-01189,physical_outer_member,90_FUENTES_INTEGRAS/OMEGA_THEORY_V1_1_ENTREGA_17_DERIVACION_NO_RETORNO/OMEGA_THEORY_V1_1_ENTREGA_17_DERIVACION_NO_RETORNO/00_LEEME.md,.md,658,4f2b1e7b2321ddcd59b6cd129f939c25785c1031f9f3e85435937afa8e68a80d,COVERED,SOURCE_ZIP_INVENTORY_EXTRACTED_EXACT,COVERED,markdown_blocks=12,equation_catalog_occurrences_verified=4,claim_candidates_classified=7,NOT_APPLICABLE,NOT_APPLICABLE,,True,COVERED
COV-01190,physical_outer_member,90_FUENTES_INTEGRAS/OMEGA_THEORY_V1_1_ENTREGA_17_DERIVACION_NO_RETORNO/OMEGA_THEORY_V1_1_ENTREGA_17_DERIVACION_NO_RETORNO/01_DOCUMENTOS/01_DERIVACION_DESDE_ONTOLOGIA.md,.md,637,03420f0b1b33193a903a0714dc056115072d5a6d1c8b713fb60c8b59fac2dc25,COVERED,SOURCE_ZIP_INVENTORY_EXTRACTED_EXACT,COVERED,markdown_blocks=10,equation_catalog_occurrences_verified=4,claim_candidates_classified=5,NOT_APPLICABLE,NOT_APPLICABLE,,True,COVERED
COV-01191,physical_outer_member,90_FUENTES_INTEGRAS/OMEGA_THEORY_V1_1_ENTREGA_17_DERIVACION_NO_RETORNO/OMEGA_THEORY_V1_1_ENTREGA_17_DERIVACION_NO_RETORNO/01_DOCUMENTOS/02_RESULTADOS_NUMERICOS.md,.md,8031,db7fa4ff2992f3941bc102d26e51db0d57b1e2c64632e3d5a7cbd60cc48ea418,COVERED,SOURCE_ZIP_INVENTORY_EXTRACTED_EXACT,COVERED,markdown_blocks=17,equation_catalog_occurrences_verified=0,claim_candidates_classified=8,NOT_APPLICABLE,NOT_APPLICABLE,negative_catalog_occurrences=1,True,COVERED_WITH_NEGATIVE_OR_LIMITATION
COV-01192,physical_outer_member,90_FUENTES_INTEGRAS/OMEGA_THEORY_V1_1_ENTREGA_17_DERIVACION_NO_RETORNO/OMEGA_THEORY_V1_1_ENTREGA_17_DERIVACION_NO_RETORNO/01_DOCUMENTOS/03_RESULTADOS_NEGATIVOS.md,.md,353,3e5768d9ac185f82e6c4caba1cb20a4ab3fab03cc86913f85b5797dc2d13f974,COVERED,SOURCE_ZIP_INVENTORY_EXTRACTED_EXACT,COVERED,markdown_blocks=2,equation_catalog_occurrences_verified=0,claim_candidates_classified=1,NOT_APPLICABLE,NOT_APPLICABLE,negative_catalog_occurrences=1,True,COVERED_WITH_NEGATIVE_OR_LIMITATION
COV-01193,physical_outer_member,90_FUENTES_INTEGRAS/OMEGA_THEORY_V1_1_ENTREGA_17_DERIVACION_NO_RETORNO/OMEGA_THEORY_V1_1_ENTREGA_17_DERIVACION_NO_RETORNO/01_DOCUMENTOS/04_DUDAS_ONTOLOGICAS.md,.md,378,72ab570ad68458110de35958412f4f8618e7b54ffb885bd2d586918535f62c84,COVERED,SOURCE_ZIP_INVENTORY_EXTRACTED_EXACT,COVERED,markdown_blocks=2,equation_catalog_occurrences_verified=0,claim_candidates_classified=1,NOT_APPLICABLE,NOT_APPLICABLE,,True,COVERED
COV-01194,physical_outer_member,90_FUENTES_INTEGRAS/OMEGA_THEORY_V1_1_ENTREGA_17_DERIVACION_NO_RETORNO/OMEGA_THEORY_V1_1_ENTREGA_17_DERIVACION_NO_RETORNO/01_DOCUMENTOS/05_TEOREMA_NO_RETORNO.md,.md,319,f3edbd58a0f2339e19275fd1c77fb8e0418376279c5f82d29344bd3cdbb81378,COVERED,SOURCE_ZIP_INVENTORY_EXTRACTED_EXACT,COVERED,markdown_blocks=5,equation_catalog_occurrences_verified=1,claim_candidates_classified=3,NOT_APPLICABLE,NOT_APPLICABLE,,True,COVERED
COV-01195,physical_outer_member,90_FUENTES_INTEGRAS/OMEGA_THEORY_V1_1_ENTREGA_17_DERIVACION_NO_RETORNO/OMEGA_THEORY_V1_1_ENTREGA_17_DERIVACION_NO_RETORNO/01_DOCUMENTOS/06_SIGUIENTE_PASO.md,.md,336,90a0826a1ae4c8732415b9fea4f7e752c9a6ebe842befe9afcf6648cbfe125cb,COVERED,SOURCE_ZIP_INVENTORY_EXTRACTED_EXACT,COVERED,markdown_blocks=3,equation_catalog_occurrences_verified=0,claim_candidates_classified=2,NOT_APPLICABLE,NOT_APPLICABLE,,True,COVERED
COV-01196,physical_outer_member,90_FUENTES_INTEGRAS/OMEGA_THEORY_V1_1_ENTREGA_17_DERIVACION_NO_RETORNO/OMEGA_THEORY_V1_1_ENTREGA_17_DERIVACION_NO_RETORNO/02_PRUEBAS_NUMERICAS/TEST_01_INCLUSION_ESTRICTA_HISTORIA.csv,.csv,189,c55828c7df5908299755a7098fbe59e908090f75a141b1831851301d1e123e73,COVERED,SOURCE_ZIP_INVENTORY_EXTRACTED_EXACT,COVERED,dataset_catalog_recomputed_exact,NOT_APPLICABLE,NOT_APPLICABLE,NOT_APPLICABLE,NOT_APPLICABLE,,True,COVERED
COV-01197,physical_outer_member,90_FUENTES_INTEGRAS/OMEGA_THEORY_V1_1_ENTREGA_17_DERIVACION_NO_RETORNO/OMEGA_THEORY_V1_1_ENTREGA_17_DERIVACION_NO_RETORNO/02_PRUEBAS_NUMERICAS/TEST_02_RECORRENCIA_CON_HISTORIA.csv,.csv,334,657effd37a009fb105774ba563e38257a2681d8adaaa49ce626d13b2c5de7f1f,COVERED,SOURCE_ZIP_INVENTORY_EXTRACTED_EXACT,COVERED,dataset_catalog_recomputed_exact,NOT_APPLICABLE,NOT_APPLICABLE,NOT_APPLICABLE,NOT_APPLICABLE,,True,COVERED
COV-01198,physical_outer_member,90_FUENTES_INTEGRAS/OMEGA_THEORY_V1_1_ENTREGA_17_DERIVACION_NO_RETORNO/OMEGA_THEORY_V1_1_ENTREGA_17_DERIVACION_NO_RETORNO/02_PRUEBAS_NUMERICAS/TEST_03_PRECEDENCIA_CAUSAL.csv,.csv,129,886416f9ac5b780ff3612569cbc9fb857d78a7ff0013d8197697e68151e5e6f6,COVERED,SOURCE_ZIP_INVENTORY_EXTRACTED_EXACT,COVERED,dataset_catalog_recomputed_exact,NOT_APPLICABLE,NOT_APPLICABLE,NOT_APPLICABLE,NOT_APPLICABLE,,True,COVERED
COV-01199,physical_outer_member,90_FUENTES_INTEGRAS/OMEGA_THEORY_V1_1_ENTREGA_17_DERIVACION_NO_RETORNO/OMEGA_THEORY_V1_1_ENTREGA_17_DERIVACION_NO_RETORNO/02_PRUEBAS_NUMERICAS/TEST_04_BORRADO_HISTORIA.csv,.csv,201,6b2595f7a8fb4344c7fa57d40145f733b2562840d5059e84a59f9d0232dc8feb,COVERED,SOURCE_ZIP_INVENTORY_EXTRACTED_EXACT,COVERED,dataset_catalog_recomputed_exact,NOT_APPLICABLE,NOT_APPLICABLE,NOT_APPLICABLE,NOT_APPLICABLE,,True,COVERED
COV-01200,physical_outer_member,90_FUENTES_INTEGRAS/OMEGA_THEORY_V1_1_ENTREGA_17_DERIVACION_NO_RETORNO/OMEGA_THEORY_V1_1_ENTREGA_17_DERIVACION_NO_RETORNO/02_PRUEBAS_NUMERICAS/TEST_05_MEMORIA_DISTRIBUIDA_MONOTONA.csv,.csv,502,83e73e409ab4ab2e8a422384ab49db01b22903537c29570746014a2f7844680e,COVERED,SOURCE_ZIP_INVENTORY_EXTRACTED_EXACT,COVERED,dataset_catalog_recomputed_exact,NOT_APPLICABLE,NOT_APPLICABLE,NOT_APPLICABLE,NOT_APPLICABLE,,True,COVERED
COV-01201,physical_outer_member,90_FUENTES_INTEGRAS/OMEGA_THEORY_V1_1_ENTREGA_17_DERIVACION_NO_RETORNO/OMEGA_THEORY_V1_1_ENTREGA_17_DERIVACION_NO_RETORNO/02_PRUEBAS_NUMERICAS/TEST_06_MEMORIA_REVERSIBLE.csv,.csv,138,935bd3c1eb1aacfe4bd481d1cd8cf40551ccb6eb33605d7d6713e745a9bad726,COVERED,SOURCE_ZIP_INVENTORY_EXTRACTED_EXACT,COVERED,dataset_catalog_recomputed_exact,NOT_APPLICABLE,NOT_APPLICABLE,NOT_APPLICABLE,NOT_APPLICABLE,,True,COVERED
COV-01202,physical_outer_member,90_FUENTES_INTEGRAS/OMEGA_THEORY_V1_1_ENTREGA_17_DERIVACION_NO_RETORNO/OMEGA_THEORY_V1_1_ENTREGA_17_DERIVACION_NO_RETORNO/02_PRUEBAS_NUMERICAS/TEST_07_MATRIZ_LOGICA.csv,.csv,518,16889d21a7ed2b28de3ecad513667fed2b6aaf57a3a6eba142d59af9dcd75308,COVERED,SOURCE_ZIP_INVENTORY_EXTRACTED_EXACT,COVERED,dataset_catalog_recomputed_exact,NOT_APPLICABLE,NOT_APPLICABLE,NOT_APPLICABLE,NOT_APPLICABLE,,True,COVERED
COV-01203,physical_outer_member,90_FUENTES_INTEGRAS/OMEGA_THEORY_V1_1_ENTREGA_17_DERIVACION_NO_RETORNO/OMEGA_THEORY_V1_1_ENTREGA_17_DERIVACION_NO_RETORNO/02_PRUEBAS_NUMERICAS/TEST_08_VEREDICTO.csv,.csv,616,6a8133c7eccba1a22408e5fc890c25ccafd3418520aa3945402cbf52ee500c12,COVERED,SOURCE_ZIP_INVENTORY_EXTRACTED_EXACT,COVERED,dataset_catalog_recomputed_exact,NOT_APPLICABLE,NOT_APPLICABLE,NOT_APPLICABLE,NOT_APPLICABLE,,True,COVERED
COV-01204,physical_outer_member,90_FUENTES_INTEGRAS/OMEGA_THEORY_V1_1_ENTREGA_17_DERIVACION_NO_RETORNO/OMEGA_THEORY_V1_1_ENTREGA_17_DERIVACION_NO_RETORNO/03_CODIGO/reproducir_entrega_17.py,.py,106,846172d10b87d4c54991b0a0c0b57212580fd1747bcf3a3e81c7fa0a2a8f143f,COVERED,SOURCE_ZIP_INVENTORY_EXTRACTED_EXACT,COVERED,python_ast_and_compile_checked,NOT_APPLICABLE,NOT_APPLICABLE,NOT_APPLICABLE,executed_successfully,,True,COVERED
COV-01205,physical_outer_member,90_FUENTES_INTEGRAS/OMEGA_THEORY_V1_1_ENTREGA_17_DERIVACION_NO_RETORNO/OMEGA_THEORY_V1_1_ENTREGA_17_DERIVACION_NO_RETORNO/04_FIGURAS/FIG_01_BORRADO_Y_RETORNO.png,.png,43028,2a911794bb4cdb0a1b00edf74f80673b40877cfee1e71dd195df05956f6a2c74,COVERED,SOURCE_ZIP_INVENTORY_EXTRACTED_EXACT,COVERED,image_structurally_validated,NOT_APPLICABLE,NOT_APPLICABLE,reviewed_pass,NOT_APPLICABLE,,True,COVERED
COV-01206,physical_outer_member,90_FUENTES_INTEGRAS/OMEGA_THEORY_V1_1_ENTREGA_17_DERIVACION_NO_RETORNO/OMEGA_THEORY_V1_1_ENTREGA_17_DERIVACION_NO_RETORNO/04_FIGURAS/FIG_02_MEMORIA_REVERSIBLE.png,.png,26918,f38630af1302de07e0b666148997b4c9fdbd7c2fe03b952a8c51109411564a54,COVERED,SOURCE_ZIP_INVENTORY_EXTRACTED_EXACT,COVERED,image_structurally_validated,NOT_APPLICABLE,NOT_APPLICABLE,reviewed_pass,NOT_APPLICABLE,,True,COVERED
COV-01207,physical_outer_member,90_FUENTES_INTEGRAS/OMEGA_THEORY_V1_1_ENTREGA_17_DERIVACION_NO_RETORNO/OMEGA_THEORY_V1_1_ENTREGA_17_DERIVACION_NO_RETORNO/04_FIGURAS/FIG_03_ESTRUCTURA_CAUSAL.png,.png,35108,5f12d2b035d8f39c6846897e1c907accdc740d824872d20d665b1339db28f66f,COVERED,SOURCE_ZIP_INVENTORY_EXTRACTED_EXACT,COVERED,image_structurally_validated,NOT_APPLICABLE,NOT_APPLICABLE,reviewed_pass,NOT_APPLICABLE,,True,COVERED
COV-01208,physical_outer_member,90_FUENTES_INTEGRAS/OMEGA_THEORY_V1_1_ENTREGA_17_DERIVACION_NO_RETORNO/OMEGA_THEORY_V1_1_ENTREGA_17_DERIVACION_NO_RETORNO/05_DATOS/RESUMEN_RESULTADOS.json,.json,333,7e99fb7d1a839e3989cc9b6425bd2490b9b3c14bbfa2ca7250b97f4de25b7bcc,COVERED,SOURCE_ZIP_INVENTORY_EXTRACTED_EXACT,COVERED,json_parsed,NOT_APPLICABLE,NOT_APPLICABLE,NOT_APPLICABLE,NOT_APPLICABLE,,True,COVERED
COV-01209,physical_outer_member,90_FUENTES_INTEGRAS/OMEGA_THEORY_V1_1_ENTREGA_17_DERIVACION_NO_RETORNO/OMEGA_THEORY_V1_1_ENTREGA_17_DERIVACION_NO_RETORNO/06_MANIFIESTO/MANIFIESTO_ARCHIVOS.csv,.csv,2286,2db26089b8a13cbf80b62d4340abf89828504843924b52035214d06a82c27473,COVERED,SOURCE_ZIP_INVENTORY_EXTRACTED_EXACT,COVERED,dataset_catalog_recomputed_exact,NOT_APPLICABLE,NOT_APPLICABLE,NOT_APPLICABLE,NOT_APPLICABLE,,True,COVERED
COV-01210,physical_outer_member,90_FUENTES_INTEGRAS/OMEGA_THEORY_V1_1_ENTREGA_18_ENTROPIA_GENEALOGICA/OMEGA_THEORY_V1_1_ENTREGA_18_ENTROPIA_GENEALOGICA/00_LEEME.md,.md,798,a707210864ec5a07b54c349568092fe8338b3b4cf794e07a8e8fa04ce01d5045,COVERED,SOURCE_ZIP_INVENTORY_EXTRACTED_EXACT,COVERED,markdown_blocks=12,equation_catalog_occurrences_verified=4,claim_candidates_classified=6,NOT_APPLICABLE,NOT_APPLICABLE,,True,COVERED
COV-01211,physical_outer_member,90_FUENTES_INTEGRAS/OMEGA_THEORY_V1_1_ENTREGA_18_ENTROPIA_GENEALOGICA/OMEGA_THEORY_V1_1_ENTREGA_18_ENTROPIA_GENEALOGICA/01_DOCUMENTOS/01_DERIVACION_DESDE_ONTOLOGIA.md,.md,457,e290f451a9b1cb9d532fc2ff66653dd7348ff2c2ba0b3095d61473dd126f7907,COVERED,SOURCE_ZIP_INVENTORY_EXTRACTED_EXACT,COVERED,markdown_blocks=9,equation_catalog_occurrences_verified=3,claim_candidates_classified=5,NOT_APPLICABLE,NOT_APPLICABLE,,True,COVERED
COV-01212,physical_outer_member,90_FUENTES_INTEGRAS/OMEGA_THEORY_V1_1_ENTREGA_18_ENTROPIA_GENEALOGICA/OMEGA_THEORY_V1_1_ENTREGA_18_ENTROPIA_GENEALOGICA/01_DOCUMENTOS/02_RESULTADOS_NUMERICOS.md,.md,11880,7925a0650aa653b3b35f3505e64a3d321906330406c9fb8404661a310ca3c6f7,COVERED,SOURCE_ZIP_INVENTORY_EXTRACTED_EXACT,COVERED,markdown_blocks=17,equation_catalog_occurrences_verified=0,claim_candidates_classified=8,NOT_APPLICABLE,NOT_APPLICABLE,negative_catalog_occurrences=1,True,COVERED_WITH_NEGATIVE_OR_LIMITATION
COV-01213,physical_outer_member,90_FUENTES_INTEGRAS/OMEGA_THEORY_V1_1_ENTREGA_18_ENTROPIA_GENEALOGICA/OMEGA_THEORY_V1_1_ENTREGA_18_ENTROPIA_GENEALOGICA/01_DOCUMENTOS/03_RESULTADOS_NEGATIVOS.md,.md,321,1bc022be6a6565f097bea3ea2975b1830e4b9488b1d7932fc0ae3510510af766,COVERED,SOURCE_ZIP_INVENTORY_EXTRACTED_EXACT,COVERED,markdown_blocks=2,equation_catalog_occurrences_verified=0,claim_candidates_classified=1,NOT_APPLICABLE,NOT_APPLICABLE,negative_catalog_occurrences=1,True,COVERED_WITH_NEGATIVE_OR_LIMITATION
COV-01214,physical_outer_member,90_FUENTES_INTEGRAS/OMEGA_THEORY_V1_1_ENTREGA_18_ENTROPIA_GENEALOGICA/OMEGA_THEORY_V1_1_ENTREGA_18_ENTROPIA_GENEALOGICA/01_DOCUMENTOS/04_DUDAS_ONTOLOGICAS.md,.md,357,6959f9544998eac1f159cc3f09af781c5bd74ea936f3f3bfdb68784e8a096c6c,COVERED,SOURCE_ZIP_INVENTORY_EXTRACTED_EXACT,COVERED,markdown_blocks=2,equation_catalog_occurrences_verified=0,claim_candidates_classified=1,NOT_APPLICABLE,NOT_APPLICABLE,,True,COVERED
COV-01215,physical_outer_member,90_FUENTES_INTEGRAS/OMEGA_THEORY_V1_1_ENTREGA_18_ENTROPIA_GENEALOGICA/OMEGA_THEORY_V1_1_ENTREGA_18_ENTROPIA_GENEALOGICA/01_DOCUMENTOS/05_TEOREMA_DESCOMPOSICION.md,.md,314,1a08e569daa903f2ad24f35ea6f69e3f674016c2449a4454ac7db30a1da56a45,COVERED,SOURCE_ZIP_INVENTORY_EXTRACTED_EXACT,COVERED,markdown_blocks=4,equation_catalog_occurrences_verified=1,claim_candidates_classified=2,NOT_APPLICABLE,NOT_APPLICABLE,,True,COVERED
COV-01216,physical_outer_member,90_FUENTES_INTEGRAS/OMEGA_THEORY_V1_1_ENTREGA_18_ENTROPIA_GENEALOGICA/OMEGA_THEORY_V1_1_ENTREGA_18_ENTROPIA_GENEALOGICA/01_DOCUMENTOS/06_SIGUIENTE_PASO.md,.md,310,7129e5648f51d54aba5dc43fc58987ef600872d8c0b785031d16f27022d2356f,COVERED,SOURCE_ZIP_INVENTORY_EXTRACTED_EXACT,COVERED,markdown_blocks=3,equation_catalog_occurrences_verified=0,claim_candidates_classified=2,NOT_APPLICABLE,NOT_APPLICABLE,,True,COVERED
COV-01217,physical_outer_member,90_FUENTES_INTEGRAS/OMEGA_THEORY_V1_1_ENTREGA_18_ENTROPIA_GENEALOGICA/OMEGA_THEORY_V1_1_ENTREGA_18_ENTROPIA_GENEALOGICA/02_PRUEBAS_NUMERICAS/TEST_01_MULTIPLICIDAD.csv,.csv,404,7d3c36d4a30c8e29b4548a3c198309d80d8552032915c7b234f561f71e988623,COVERED,SOURCE_ZIP_INVENTORY_EXTRACTED_EXACT,COVERED,dataset_catalog_recomputed_exact,NOT_APPLICABLE,NOT_APPLICABLE,NOT_APPLICABLE,NOT_APPLICABLE,,True,COVERED
COV-01218,physical_outer_member,90_FUENTES_INTEGRAS/OMEGA_THEORY_V1_1_ENTREGA_18_ENTROPIA_GENEALOGICA/OMEGA_THEORY_V1_1_ENTREGA_18_ENTROPIA_GENEALOGICA/02_PRUEBAS_NUMERICAS/TEST_02_RAMIFICACION.csv,.csv,3734,d1d7384b129fe57dffde927f2d4b3f8126f68ba69a6469faf564e322ee32c26e,COVERED,SOURCE_ZIP_INVENTORY_EXTRACTED_EXACT,COVERED,dataset_catalog_recomputed_exact,NOT_APPLICABLE,NOT_APPLICABLE,NOT_APPLICABLE,NOT_APPLICABLE,,True,COVERED
COV-01219,physical_outer_member,90_FUENTES_INTEGRAS/OMEGA_THEORY_V1_1_ENTREGA_18_ENTROPIA_GENEALOGICA/OMEGA_THEORY_V1_1_ENTREGA_18_ENTROPIA_GENEALOGICA/02_PRUEBAS_NUMERICAS/TEST_03_SERIE_TEMPORAL.csv,.csv,2027993,b309a90810e72f9eb83bca0999076a375166d480cdae589f99bbf9bed29bcab3,COVERED,SOURCE_ZIP_INVENTORY_EXTRACTED_EXACT,COVERED,dataset_catalog_recomputed_exact,NOT_APPLICABLE,NOT_APPLICABLE,NOT_APPLICABLE,NOT_APPLICABLE,,True,COVERED
COV-01220,physical_outer_member,90_FUENTES_INTEGRAS/OMEGA_THEORY_V1_1_ENTREGA_18_ENTROPIA_GENEALOGICA/OMEGA_THEORY_V1_1_ENTREGA_18_ENTROPIA_GENEALOGICA/02_PRUEBAS_NUMERICAS/TEST_04_MONOTONIA.csv,.csv,6198,297dd0359be245365f79154708703ef6f9f9518dbf2771fbc196c1456e438cd8,COVERED,SOURCE_ZIP_INVENTORY_EXTRACTED_EXACT,COVERED,dataset_catalog_recomputed_exact,NOT_APPLICABLE,NOT_APPLICABLE,NOT_APPLICABLE,NOT_APPLICABLE,,True,COVERED
COV-01221,physical_outer_member,90_FUENTES_INTEGRAS/OMEGA_THEORY_V1_1_ENTREGA_18_ENTROPIA_GENEALOGICA/OMEGA_THEORY_V1_1_ENTREGA_18_ENTROPIA_GENEALOGICA/02_PRUEBAS_NUMERICAS/TEST_05_MEZCLA.csv,.csv,44947,25d4c9b74f85879b5f72616be5b492a91b611351880a36296e703d9e1237fe66,COVERED,SOURCE_ZIP_INVENTORY_EXTRACTED_EXACT,COVERED,dataset_catalog_recomputed_exact,NOT_APPLICABLE,NOT_APPLICABLE,NOT_APPLICABLE,NOT_APPLICABLE,,True,COVERED
COV-01222,physical_outer_member,90_FUENTES_INTEGRAS/OMEGA_THEORY_V1_1_ENTREGA_18_ENTROPIA_GENEALOGICA/OMEGA_THEORY_V1_1_ENTREGA_18_ENTROPIA_GENEALOGICA/02_PRUEBAS_NUMERICAS/TEST_06_FLUCTUACION_REVERSIBLE.csv,.csv,2711,41a056c82e6bda8ed7d8c60c7649e82920ab076abf2df5603cec5338a554d757,COVERED,SOURCE_ZIP_INVENTORY_EXTRACTED_EXACT,COVERED,dataset_catalog_recomputed_exact,NOT_APPLICABLE,NOT_APPLICABLE,NOT_APPLICABLE,NOT_APPLICABLE,,True,COVERED
COV-01223,physical_outer_member,90_FUENTES_INTEGRAS/OMEGA_THEORY_V1_1_ENTREGA_18_ENTROPIA_GENEALOGICA/OMEGA_THEORY_V1_1_ENTREGA_18_ENTROPIA_GENEALOGICA/02_PRUEBAS_NUMERICAS/TEST_07_DESCOMPOSICION.csv,.csv,1051,f846409288cf2e15cabff06c6b0c69a0de9a03577f09924f2034435bc9664fc9,COVERED,SOURCE_ZIP_INVENTORY_EXTRACTED_EXACT,COVERED,dataset_catalog_recomputed_exact,NOT_APPLICABLE,NOT_APPLICABLE,NOT_APPLICABLE,NOT_APPLICABLE,,True,COVERED
COV-01224,physical_outer_member,90_FUENTES_INTEGRAS/OMEGA_THEORY_V1_1_ENTREGA_18_ENTROPIA_GENEALOGICA/OMEGA_THEORY_V1_1_ENTREGA_18_ENTROPIA_GENEALOGICA/02_PRUEBAS_NUMERICAS/TEST_08_MATRIZ.csv,.csv,463,a6898d7cc7d72b7e24c5adb16f109a5eea87739ae8fe338eff94175428729d06,COVERED,SOURCE_ZIP_INVENTORY_EXTRACTED_EXACT,COVERED,dataset_catalog_recomputed_exact,NOT_APPLICABLE,NOT_APPLICABLE,NOT_APPLICABLE,NOT_APPLICABLE,,True,COVERED
COV-01225,physical_outer_member,90_FUENTES_INTEGRAS/OMEGA_THEORY_V1_1_ENTREGA_18_ENTROPIA_GENEALOGICA/OMEGA_THEORY_V1_1_ENTREGA_18_ENTROPIA_GENEALOGICA/02_PRUEBAS_NUMERICAS/TEST_09_VEREDICTO.csv,.csv,504,9619db82f4f68a0b9a750f452a71c57a00ab5004b156485cbbafcb60ef9051e5,COVERED,SOURCE_ZIP_INVENTORY_EXTRACTED_EXACT,COVERED,dataset_catalog_recomputed_exact,NOT_APPLICABLE,NOT_APPLICABLE,NOT_APPLICABLE,NOT_APPLICABLE,,True,COVERED
COV-01226,physical_outer_member,90_FUENTES_INTEGRAS/OMEGA_THEORY_V1_1_ENTREGA_18_ENTROPIA_GENEALOGICA/OMEGA_THEORY_V1_1_ENTREGA_18_ENTROPIA_GENEALOGICA/03_CODIGO/reproducir_entrega_18.py,.py,180,9468de38d6c81c8f08325d1e47bd030cb08dd8a166b15c0ab453a9cbbff6a7a6,COVERED,SOURCE_ZIP_INVENTORY_EXTRACTED_EXACT,COVERED,python_ast_and_compile_checked,NOT_APPLICABLE,NOT_APPLICABLE,NOT_APPLICABLE,executed_successfully,,True,COVERED
COV-01227,physical_outer_member,90_FUENTES_INTEGRAS/OMEGA_THEORY_V1_1_ENTREGA_18_ENTROPIA_GENEALOGICA/OMEGA_THEORY_V1_1_ENTREGA_18_ENTROPIA_GENEALOGICA/04_FIGURAS/FIG_01_RAMIFICACION.png,.png,63235,d23b99d0f1a2496f9cfd96ea8b88abd40294e69791c3fd06a7a977ceabdae985,COVERED,SOURCE_ZIP_INVENTORY_EXTRACTED_EXACT,COVERED,image_structurally_validated,NOT_APPLICABLE,NOT_APPLICABLE,reviewed_pass,NOT_APPLICABLE,,True,COVERED
COV-01228,physical_outer_member,90_FUENTES_INTEGRAS/OMEGA_THEORY_V1_1_ENTREGA_18_ENTROPIA_GENEALOGICA/OMEGA_THEORY_V1_1_ENTREGA_18_ENTROPIA_GENEALOGICA/04_FIGURAS/FIG_02_SERIE.png,.png,69035,808862575cbba937c01fae1ba564623bd9b376209eabdc3edeb22f9acbbaf417,COVERED,SOURCE_ZIP_INVENTORY_EXTRACTED_EXACT,COVERED,image_structurally_validated,NOT_APPLICABLE,NOT_APPLICABLE,reviewed_pass,NOT_APPLICABLE,,True,COVERED
COV-01229,physical_outer_member,90_FUENTES_INTEGRAS/OMEGA_THEORY_V1_1_ENTREGA_18_ENTROPIA_GENEALOGICA/OMEGA_THEORY_V1_1_ENTREGA_18_ENTROPIA_GENEALOGICA/04_FIGURAS/FIG_03_MEZCLA.png,.png,39399,ab9bd9198b5200c3d110c02cbd05a62bdc3b422a5ad93a638c314bca3d6c4f57,COVERED,SOURCE_ZIP_INVENTORY_EXTRACTED_EXACT,COVERED,image_structurally_validated,NOT_APPLICABLE,NOT_APPLICABLE,reviewed_pass,NOT_APPLICABLE,,True,COVERED
COV-01230,physical_outer_member,90_FUENTES_INTEGRAS/OMEGA_THEORY_V1_1_ENTREGA_18_ENTROPIA_GENEALOGICA/OMEGA_THEORY_V1_1_ENTREGA_18_ENTROPIA_GENEALOGICA/05_DATOS/RESUMEN_RESULTADOS.json,.json,334,407e9ab5bf57bd74c7e6fc45c329f1ef2763d1449e488da14129cd23e6c46f91,COVERED,SOURCE_ZIP_INVENTORY_EXTRACTED_EXACT,COVERED,json_parsed,NOT_APPLICABLE,NOT_APPLICABLE,NOT_APPLICABLE,NOT_APPLICABLE,,True,COVERED
COV-01231,physical_outer_member,90_FUENTES_INTEGRAS/OMEGA_THEORY_V1_1_ENTREGA_18_ENTROPIA_GENEALOGICA/OMEGA_THEORY_V1_1_ENTREGA_18_ENTROPIA_GENEALOGICA/06_MANIFIESTO/MANIFIESTO_ARCHIVOS.csv,.csv,2327,2908f0bce2de12d11f0d94335d6158f38d2843d6a6a4e457415bde6f6b54ac93,COVERED,SOURCE_ZIP_INVENTORY_EXTRACTED_EXACT,COVERED,dataset_catalog_recomputed_exact,NOT_APPLICABLE,NOT_APPLICABLE,NOT_APPLICABLE,NOT_APPLICABLE,,True,COVERED
COV-01232,physical_outer_member,90_FUENTES_INTEGRAS/OMEGA_THEORY_V1_1_ENTREGA_19_MEDIDA_CAMINOS_Y_FLECHA_ESTADISTICA/OMEGA_THEORY_V1_1_ENTREGA_19_MEDIDA_CAMINOS_Y_FLECHA_ESTADISTICA/00_LEEME.md,.md,806,007af578be6eaa36eea3620fbb24404d042fa567c19bae1cc1c4ba58a7890277,COVERED,SOURCE_ZIP_INVENTORY_EXTRACTED_EXACT,COVERED,markdown_blocks=14,equation_catalog_occurrences_verified=6,claim_candidates_classified=7,NOT_APPLICABLE,NOT_APPLICABLE,,True,COVERED
COV-01233,physical_outer_member,90_FUENTES_INTEGRAS/OMEGA_THEORY_V1_1_ENTREGA_19_MEDIDA_CAMINOS_Y_FLECHA_ESTADISTICA/OMEGA_THEORY_V1_1_ENTREGA_19_MEDIDA_CAMINOS_Y_FLECHA_ESTADISTICA/01_DOCUMENTOS/01_DERIVACION_DESDE_ONTOLOGIA.md,.md,647,1e798772fb1c7370e67b225f403bd298fd926a36716f77da9ecd341dd3ca59c9,COVERED,SOURCE_ZIP_INVENTORY_EXTRACTED_EXACT,COVERED,markdown_blocks=12,equation_catalog_occurrences_verified=4,claim_candidates_classified=7,NOT_APPLICABLE,NOT_APPLICABLE,,True,COVERED
COV-01234,physical_outer_member,90_FUENTES_INTEGRAS/OMEGA_THEORY_V1_1_ENTREGA_19_MEDIDA_CAMINOS_Y_FLECHA_ESTADISTICA/OMEGA_THEORY_V1_1_ENTREGA_19_MEDIDA_CAMINOS_Y_FLECHA_ESTADISTICA/01_DOCUMENTOS/02_RESULTADOS_NUMERICOS.md,.md,15841,0477ba8d74bece295ede4c30eb621d21c56bbf41ad614f7dcadb871afe29c48d,COVERED,SOURCE_ZIP_INVENTORY_EXTRACTED_EXACT,COVERED,markdown_blocks=19,equation_catalog_occurrences_verified=0,claim_candidates_classified=9,NOT_APPLICABLE,NOT_APPLICABLE,negative_catalog_occurrences=1,True,COVERED_WITH_NEGATIVE_OR_LIMITATION
COV-01235,physical_outer_member,90_FUENTES_INTEGRAS/OMEGA_THEORY_V1_1_ENTREGA_19_MEDIDA_CAMINOS_Y_FLECHA_ESTADISTICA/OMEGA_THEORY_V1_1_ENTREGA_19_MEDIDA_CAMINOS_Y_FLECHA_ESTADISTICA/01_DOCUMENTOS/03_RESULTADOS_NEGATIVOS.md,.md,806,67973c52f60036ed19f31f6a20f71d9c1260581acc25696db964a73d957b0c09,COVERED,SOURCE_ZIP_INVENTORY_EXTRACTED_EXACT,COVERED,markdown_blocks=3,equation_catalog_occurrences_verified=0,claim_candidates_classified=2,NOT_APPLICABLE,NOT_APPLICABLE,negative_catalog_occurrences=2,True,COVERED_WITH_NEGATIVE_OR_LIMITATION
COV-01236,physical_outer_member,90_FUENTES_INTEGRAS/OMEGA_THEORY_V1_1_ENTREGA_19_MEDIDA_CAMINOS_Y_FLECHA_ESTADISTICA/OMEGA_THEORY_V1_1_ENTREGA_19_MEDIDA_CAMINOS_Y_FLECHA_ESTADISTICA/01_DOCUMENTOS/04_DUDAS_ONTOLOGICAS.md,.md,332,9bc3dea7a0d5c5667e0a57f256839d1d8fd3e0030062904e51b599162159827e,COVERED,SOURCE_ZIP_INVENTORY_EXTRACTED_EXACT,COVERED,markdown_blocks=2,equation_catalog_occurrences_verified=0,claim_candidates_classified=1,NOT_APPLICABLE,NOT_APPLICABLE,,True,COVERED
COV-01237,physical_outer_member,90_FUENTES_INTEGRAS/OMEGA_THEORY_V1_1_ENTREGA_19_MEDIDA_CAMINOS_Y_FLECHA_ESTADISTICA/OMEGA_THEORY_V1_1_ENTREGA_19_MEDIDA_CAMINOS_Y_FLECHA_ESTADISTICA/01_DOCUMENTOS/05_TEOREMA_FLECHA_ESTADISTICA.md,.md,376,e5bfcb56b1c0b99387a9ab8304b59bc7a0897ca7c1cc8af78212db3eecb25802,COVERED,SOURCE_ZIP_INVENTORY_EXTRACTED_EXACT,COVERED,markdown_blocks=6,equation_catalog_occurrences_verified=2,claim_candidates_classified=3,NOT_APPLICABLE,NOT_APPLICABLE,,True,COVERED
COV-01238,physical_outer_member,90_FUENTES_INTEGRAS/OMEGA_THEORY_V1_1_ENTREGA_19_MEDIDA_CAMINOS_Y_FLECHA_ESTADISTICA/OMEGA_THEORY_V1_1_ENTREGA_19_MEDIDA_CAMINOS_Y_FLECHA_ESTADISTICA/01_DOCUMENTOS/06_SIGUIENTE_PASO.md,.md,274,65b17f0e5427d2fe51f23ce1992a89928c30c25fc2a0f623292fa558face7ef9,COVERED,SOURCE_ZIP_INVENTORY_EXTRACTED_EXACT,COVERED,markdown_blocks=4,equation_catalog_occurrences_verified=1,claim_candidates_classified=2,NOT_APPLICABLE,NOT_APPLICABLE,,True,COVERED
COV-01239,physical_outer_member,90_FUENTES_INTEGRAS/OMEGA_THEORY_V1_1_ENTREGA_19_MEDIDA_CAMINOS_Y_FLECHA_ESTADISTICA/OMEGA_THEORY_V1_1_ENTREGA_19_MEDIDA_CAMINOS_Y_FLECHA_ESTADISTICA/01_DOCUMENTOS/07_LIMITACION_MUESTREO_COLAS.md,.md,833,5c661df4e1266047996ccf652833492ad11a540979c2dc8c21d60a8b1a4d2e15,COVERED,SOURCE_ZIP_INVENTORY_EXTRACTED_EXACT,COVERED,markdown_blocks=8,equation_catalog_occurrences_verified=1,claim_candidates_classified=6,NOT_APPLICABLE,NOT_APPLICABLE,negative_catalog_occurrences=1,True,COVERED_WITH_NEGATIVE_OR_LIMITATION
COV-01240,physical_outer_member,90_FUENTES_INTEGRAS/OMEGA_THEORY_V1_1_ENTREGA_19_MEDIDA_CAMINOS_Y_FLECHA_ESTADISTICA/OMEGA_THEORY_V1_1_ENTREGA_19_MEDIDA_CAMINOS_Y_FLECHA_ESTADISTICA/02_PRUEBAS_NUMERICAS/TEST_01_NORMALIZACION_MEDIDA_CAMINOS.csv,.csv,812,7bcb56b6f563a92dda6b15d16594eef11a400c43dbe241157fe52f81007b9795,COVERED,SOURCE_ZIP_INVENTORY_EXTRACTED_EXACT,COVERED,dataset_catalog_recomputed_exact,NOT_APPLICABLE,NOT_APPLICABLE,NOT_APPLICABLE,NOT_APPLICABLE,,True,COVERED
COV-01241,physical_outer_member,90_FUENTES_INTEGRAS/OMEGA_THEORY_V1_1_ENTREGA_19_MEDIDA_CAMINOS_Y_FLECHA_ESTADISTICA/OMEGA_THEORY_V1_1_ENTREGA_19_MEDIDA_CAMINOS_Y_FLECHA_ESTADISTICA/02_PRUEBAS_NUMERICAS/TEST_02_ENTROPIA_DE_CAMINO.csv,.csv,8184,936019d2e7d4a9faef3d805ab9985c99b062c757c4372095e73a55894d84052e,COVERED,SOURCE_ZIP_INVENTORY_EXTRACTED_EXACT,COVERED,dataset_catalog_recomputed_exact,NOT_APPLICABLE,NOT_APPLICABLE,NOT_APPLICABLE,NOT_APPLICABLE,,True,COVERED
COV-01242,physical_outer_member,90_FUENTES_INTEGRAS/OMEGA_THEORY_V1_1_ENTREGA_19_MEDIDA_CAMINOS_Y_FLECHA_ESTADISTICA/OMEGA_THEORY_V1_1_ENTREGA_19_MEDIDA_CAMINOS_Y_FLECHA_ESTADISTICA/02_PRUEBAS_NUMERICAS/TEST_03_MEZCLA_Y_RELATIVA.csv,.csv,30526,bc64d0709bf53781601006a580f22b412f257a47959a492e54a3d3249084ae4b,COVERED,SOURCE_ZIP_INVENTORY_EXTRACTED_EXACT,COVERED,dataset_catalog_recomputed_exact,NOT_APPLICABLE,NOT_APPLICABLE,NOT_APPLICABLE,NOT_APPLICABLE,,True,COVERED
COV-01243,physical_outer_member,90_FUENTES_INTEGRAS/OMEGA_THEORY_V1_1_ENTREGA_19_MEDIDA_CAMINOS_Y_FLECHA_ESTADISTICA/OMEGA_THEORY_V1_1_ENTREGA_19_MEDIDA_CAMINOS_Y_FLECHA_ESTADISTICA/02_PRUEBAS_NUMERICAS/TEST_04_PRODUCCION_ENTROPIA.csv,.csv,1405,d9262ccdf2501e579cfb7f5d4f7c0adbe24bfcc0965f70a3939539b27f086501,COVERED,SOURCE_ZIP_INVENTORY_EXTRACTED_EXACT,COVERED,dataset_catalog_recomputed_exact,NOT_APPLICABLE,NOT_APPLICABLE,NOT_APPLICABLE,NOT_APPLICABLE,,True,COVERED
COV-01244,physical_outer_member,90_FUENTES_INTEGRAS/OMEGA_THEORY_V1_1_ENTREGA_19_MEDIDA_CAMINOS_Y_FLECHA_ESTADISTICA/OMEGA_THEORY_V1_1_ENTREGA_19_MEDIDA_CAMINOS_Y_FLECHA_ESTADISTICA/02_PRUEBAS_NUMERICAS/TEST_05_TEOREMA_FLUCTUACION.csv,.csv,599,a1a25fb50164519c7d69df6cd5f5f30b730bcdd86a62f1730cefc79d9ed0130a,COVERED,SOURCE_ZIP_INVENTORY_EXTRACTED_EXACT,COVERED,dataset_catalog_recomputed_exact,NOT_APPLICABLE,NOT_APPLICABLE,NOT_APPLICABLE,NOT_APPLICABLE,,True,COVERED
COV-01245,physical_outer_member,90_FUENTES_INTEGRAS/OMEGA_THEORY_V1_1_ENTREGA_19_MEDIDA_CAMINOS_Y_FLECHA_ESTADISTICA/OMEGA_THEORY_V1_1_ENTREGA_19_MEDIDA_CAMINOS_Y_FLECHA_ESTADISTICA/02_PRUEBAS_NUMERICAS/TEST_06_CONDICION_INICIAL.csv,.csv,21073,b838a1c7295d2dd44e87ab15576a62b5df7cdf7b931d2541dc33d24c94ec9cee,COVERED,SOURCE_ZIP_INVENTORY_EXTRACTED_EXACT,COVERED,dataset_catalog_recomputed_exact,NOT_APPLICABLE,NOT_APPLICABLE,NOT_APPLICABLE,NOT_APPLICABLE,,True,COVERED
COV-01246,physical_outer_member,90_FUENTES_INTEGRAS/OMEGA_THEORY_V1_1_ENTREGA_19_MEDIDA_CAMINOS_Y_FLECHA_ESTADISTICA/OMEGA_THEORY_V1_1_ENTREGA_19_MEDIDA_CAMINOS_Y_FLECHA_ESTADISTICA/02_PRUEBAS_NUMERICAS/TEST_07_PESOS_GENEALOGIAS.csv,.csv,2370,02f39a783cfd02efa47f9408ddcf06a97cdff0fef796608f24436856597bcb96,COVERED,SOURCE_ZIP_INVENTORY_EXTRACTED_EXACT,COVERED,dataset_catalog_recomputed_exact,NOT_APPLICABLE,NOT_APPLICABLE,NOT_APPLICABLE,NOT_APPLICABLE,,True,COVERED
COV-01247,physical_outer_member,90_FUENTES_INTEGRAS/OMEGA_THEORY_V1_1_ENTREGA_19_MEDIDA_CAMINOS_Y_FLECHA_ESTADISTICA/OMEGA_THEORY_V1_1_ENTREGA_19_MEDIDA_CAMINOS_Y_FLECHA_ESTADISTICA/02_PRUEBAS_NUMERICAS/TEST_08_MEMORIA_NO_MARKOV.csv,.csv,831,4e250022ffd741474d723165c84db1ece6591b71b62f3ba5b970cd96cdab9193,COVERED,SOURCE_ZIP_INVENTORY_EXTRACTED_EXACT,COVERED,dataset_catalog_recomputed_exact,NOT_APPLICABLE,NOT_APPLICABLE,NOT_APPLICABLE,NOT_APPLICABLE,,True,COVERED
COV-01248,physical_outer_member,90_FUENTES_INTEGRAS/OMEGA_THEORY_V1_1_ENTREGA_19_MEDIDA_CAMINOS_Y_FLECHA_ESTADISTICA/OMEGA_THEORY_V1_1_ENTREGA_19_MEDIDA_CAMINOS_Y_FLECHA_ESTADISTICA/02_PRUEBAS_NUMERICAS/TEST_09_VEREDICTO.csv,.csv,952,8eb7ef2c1fd7d92f9816467f169538f57c5843aaddd39d252934aea208297f5d,COVERED,SOURCE_ZIP_INVENTORY_EXTRACTED_EXACT,COVERED,dataset_catalog_recomputed_exact,NOT_APPLICABLE,NOT_APPLICABLE,NOT_APPLICABLE,NOT_APPLICABLE,,True,COVERED
COV-01249,physical_outer_member,90_FUENTES_INTEGRAS/OMEGA_THEORY_V1_1_ENTREGA_19_MEDIDA_CAMINOS_Y_FLECHA_ESTADISTICA/OMEGA_THEORY_V1_1_ENTREGA_19_MEDIDA_CAMINOS_Y_FLECHA_ESTADISTICA/03_CODIGO/reproducir_entrega_19.py,.py,139,d5821650dfed42ded1a07d3ceb6a795ce60daedc8689aa47bdfd70711aa28d03,COVERED,SOURCE_ZIP_INVENTORY_EXTRACTED_EXACT,COVERED,python_ast_and_compile_checked,NOT_APPLICABLE,NOT_APPLICABLE,NOT_APPLICABLE,executed_successfully,,True,COVERED
COV-01250,physical_outer_member,90_FUENTES_INTEGRAS/OMEGA_THEORY_V1_1_ENTREGA_19_MEDIDA_CAMINOS_Y_FLECHA_ESTADISTICA/OMEGA_THEORY_V1_1_ENTREGA_19_MEDIDA_CAMINOS_Y_FLECHA_ESTADISTICA/04_FIGURAS/FIG_01_ENTROPIA_CAMINOS.png,.png,82564,a71fd88fd63c7c419afb6fbcebf1954dc9051f0c2ec40ebb91f91f700c8df726,COVERED,SOURCE_ZIP_INVENTORY_EXTRACTED_EXACT,COVERED,image_structurally_validated,NOT_APPLICABLE,NOT_APPLICABLE,reviewed_pass,NOT_APPLICABLE,,True,COVERED
COV-01251,physical_outer_member,90_FUENTES_INTEGRAS/OMEGA_THEORY_V1_1_ENTREGA_19_MEDIDA_CAMINOS_Y_FLECHA_ESTADISTICA/OMEGA_THEORY_V1_1_ENTREGA_19_MEDIDA_CAMINOS_Y_FLECHA_ESTADISTICA/04_FIGURAS/FIG_02_MEZCLA_KL.png,.png,67831,af83dfacdb8c9a135fe2079249533e1e135ae65d219d0ae4a74d21682f9f8fc4,COVERED,SOURCE_ZIP_INVENTORY_EXTRACTED_EXACT,COVERED,image_structurally_validated,NOT_APPLICABLE,NOT_APPLICABLE,reviewed_pass,NOT_APPLICABLE,,True,COVERED
COV-01252,physical_outer_member,90_FUENTES_INTEGRAS/OMEGA_THEORY_V1_1_ENTREGA_19_MEDIDA_CAMINOS_Y_FLECHA_ESTADISTICA/OMEGA_THEORY_V1_1_ENTREGA_19_MEDIDA_CAMINOS_Y_FLECHA_ESTADISTICA/04_FIGURAS/FIG_03_PRODUCCION_ENTROPIA.png,.png,49339,a5bceb03f123e61f8ac4e39b6b6c182d32a7ad2a3641fbcb18d1cef798969e26,COVERED,SOURCE_ZIP_INVENTORY_EXTRACTED_EXACT,COVERED,image_structurally_validated,NOT_APPLICABLE,NOT_APPLICABLE,reviewed_pass,NOT_APPLICABLE,,True,COVERED
COV-01253,physical_outer_member,90_FUENTES_INTEGRAS/OMEGA_THEORY_V1_1_ENTREGA_19_MEDIDA_CAMINOS_Y_FLECHA_ESTADISTICA/OMEGA_THEORY_V1_1_ENTREGA_19_MEDIDA_CAMINOS_Y_FLECHA_ESTADISTICA/04_FIGURAS/FIG_04_CONDICIONES_INICIALES.png,.png,40505,89143fa3cac4b8d622f1887ff35b28c430a97bac028f49d7c0a19942677d6f6e,COVERED,SOURCE_ZIP_INVENTORY_EXTRACTED_EXACT,COVERED,image_structurally_validated,NOT_APPLICABLE,NOT_APPLICABLE,reviewed_pass,NOT_APPLICABLE,,True,COVERED
COV-01254,physical_outer_member,90_FUENTES_INTEGRAS/OMEGA_THEORY_V1_1_ENTREGA_19_MEDIDA_CAMINOS_Y_FLECHA_ESTADISTICA/OMEGA_THEORY_V1_1_ENTREGA_19_MEDIDA_CAMINOS_Y_FLECHA_ESTADISTICA/05_DATOS/RESUMEN_RESULTADOS.json,.json,767,c7261fd12490d136e576f7d7f65529c91654fe0a99d5507c650288575ba5ea6a,COVERED,SOURCE_ZIP_INVENTORY_EXTRACTED_EXACT,COVERED,json_parsed,NOT_APPLICABLE,NOT_APPLICABLE,NOT_APPLICABLE,NOT_APPLICABLE,,True,COVERED
COV-01255,physical_outer_member,90_FUENTES_INTEGRAS/OMEGA_THEORY_V1_1_ENTREGA_19_MEDIDA_CAMINOS_Y_FLECHA_ESTADISTICA/OMEGA_THEORY_V1_1_ENTREGA_19_MEDIDA_CAMINOS_Y_FLECHA_ESTADISTICA/06_MANIFIESTO/MANIFIESTO_ARCHIVOS.csv,.csv,2635,2155accd459034f506ce5c837677d5d2de2768d805d6f72e17e1d1138baf2c57,COVERED,SOURCE_ZIP_INVENTORY_EXTRACTED_EXACT,COVERED,dataset_catalog_recomputed_exact,NOT_APPLICABLE,NOT_APPLICABLE,NOT_APPLICABLE,NOT_APPLICABLE,,True,COVERED
COV-01256,physical_outer_member,90_FUENTES_INTEGRAS/OMEGA_THEORY_V1_1_ENTREGA_20_ENERGIA_TEMPERATURA_Y_OBSTRUCCION/OMEGA_THEORY_V1_1_ENTREGA_20_ENERGIA_TEMPERATURA_Y_OBSTRUCCION/00_LEEME.md,.md,1465,80de39ba98fddef37baeab956a172a0e15340eecf166cb82bc8a821c6892771c,COVERED,SOURCE_ZIP_INVENTORY_EXTRACTED_EXACT,COVERED,markdown_blocks=33,equation_catalog_occurrences_verified=12,claim_candidates_classified=16,NOT_APPLICABLE,NOT_APPLICABLE,,True,COVERED
COV-01257,physical_outer_member,90_FUENTES_INTEGRAS/OMEGA_THEORY_V1_1_ENTREGA_20_ENERGIA_TEMPERATURA_Y_OBSTRUCCION/OMEGA_THEORY_V1_1_ENTREGA_20_ENERGIA_TEMPERATURA_Y_OBSTRUCCION/01_DOCUMENTOS/01_DERIVACION_DESDE_ONTOLOGIA.md,.md,889,b768dda213c934bd02506fb4e869a9b8f29cf827d153affdb3c88befb7086b40,COVERED,SOURCE_ZIP_INVENTORY_EXTRACTED_EXACT,COVERED,markdown_blocks=19,equation_catalog_occurrences_verified=9,claim_candidates_classified=9,NOT_APPLICABLE,NOT_APPLICABLE,,True,COVERED
COV-01258,physical_outer_member,90_FUENTES_INTEGRAS/OMEGA_THEORY_V1_1_ENTREGA_20_ENERGIA_TEMPERATURA_Y_OBSTRUCCION/OMEGA_THEORY_V1_1_ENTREGA_20_ENERGIA_TEMPERATURA_Y_OBSTRUCCION/01_DOCUMENTOS/02_RESULTADOS_NUMERICOS.md,.md,17670,2f60048a11c5de76b20684fed65f42551141c871b95455dee7908d489a81315e,COVERED,SOURCE_ZIP_INVENTORY_EXTRACTED_EXACT,COVERED,markdown_blocks=19,equation_catalog_occurrences_verified=0,claim_candidates_classified=9,NOT_APPLICABLE,NOT_APPLICABLE,,True,COVERED
COV-01259,physical_outer_member,90_FUENTES_INTEGRAS/OMEGA_THEORY_V1_1_ENTREGA_20_ENERGIA_TEMPERATURA_Y_OBSTRUCCION/OMEGA_THEORY_V1_1_ENTREGA_20_ENERGIA_TEMPERATURA_Y_OBSTRUCCION/01_DOCUMENTOS/03_RESULTADOS_NEGATIVOS.md,.md,649,22fd53e8484cea80004318501ca0be83c7a53e0d48821d4b5f9501b624c71673,COVERED,SOURCE_ZIP_INVENTORY_EXTRACTED_EXACT,COVERED,markdown_blocks=2,equation_catalog_occurrences_verified=0,claim_candidates_classified=1,NOT_APPLICABLE,NOT_APPLICABLE,negative_catalog_occurrences=1,True,COVERED_WITH_NEGATIVE_OR_LIMITATION
COV-01260,physical_outer_member,90_FUENTES_INTEGRAS/OMEGA_THEORY_V1_1_ENTREGA_20_ENERGIA_TEMPERATURA_Y_OBSTRUCCION/OMEGA_THEORY_V1_1_ENTREGA_20_ENERGIA_TEMPERATURA_Y_OBSTRUCCION/01_DOCUMENTOS/04_DUDAS_ONTOLOGICAS.md,.md,533,c8204503d29a6e44ffc17844e4fbe507303e7edd91bd8b604512fe683001d347,COVERED,SOURCE_ZIP_INVENTORY_EXTRACTED_EXACT,COVERED,markdown_blocks=7,equation_catalog_occurrences_verified=1,claim_candidates_classified=0,NOT_APPLICABLE,NOT_APPLICABLE,open_doubt_occurrences=5,True,COVERED_WITH_NEGATIVE_OR_LIMITATION
COV-01261,physical_outer_member,90_FUENTES_INTEGRAS/OMEGA_THEORY_V1_1_ENTREGA_20_ENERGIA_TEMPERATURA_Y_OBSTRUCCION/OMEGA_THEORY_V1_1_ENTREGA_20_ENERGIA_TEMPERATURA_Y_OBSTRUCCION/01_DOCUMENTOS/05_TEOREMA_CANONICO_CONDICIONAL.md,.md,492,bca82d1b3a47693d4a8bae3636f34888ba3f33c1cfb77c111227521d70358dda,COVERED,SOURCE_ZIP_INVENTORY_EXTRACTED_EXACT,COVERED,markdown_blocks=8,equation_catalog_occurrences_verified=4,claim_candidates_classified=3,NOT_APPLICABLE,NOT_APPLICABLE,,True,COVERED
COV-01262,physical_outer_member,90_FUENTES_INTEGRAS/OMEGA_THEORY_V1_1_ENTREGA_20_ENERGIA_TEMPERATURA_Y_OBSTRUCCION/OMEGA_THEORY_V1_1_ENTREGA_20_ENERGIA_TEMPERATURA_Y_OBSTRUCCION/01_DOCUMENTOS/06_SIGUIENTE_PASO.md,.md,609,b4d95a51c447bf4ba7ca56b70ba31854be1b57650065967f538b81a25683c517,COVERED,SOURCE_ZIP_INVENTORY_EXTRACTED_EXACT,COVERED,markdown_blocks=11,equation_catalog_occurrences_verified=1,claim_candidates_classified=7,NOT_APPLICABLE,NOT_APPLICABLE,,True,COVERED
COV-01263,physical_outer_member,90_FUENTES_INTEGRAS/OMEGA_THEORY_V1_1_ENTREGA_20_ENERGIA_TEMPERATURA_Y_OBSTRUCCION/OMEGA_THEORY_V1_1_ENTREGA_20_ENERGIA_TEMPERATURA_Y_OBSTRUCCION/02_PRUEBAS_NUMERICAS/TEST_01_COSTO_LOGARITMICO_CAMINO.csv,.csv,369570,8916d46bd1ddbf982ddd2aa77437ea6ddce01344b73b7999a9d7df564510d40d,COVERED,SOURCE_ZIP_INVENTORY_EXTRACTED_EXACT,COVERED,dataset_catalog_recomputed_exact,NOT_APPLICABLE,NOT_APPLICABLE,NOT_APPLICABLE,NOT_APPLICABLE,,True,COVERED
COV-01264,physical_outer_member,90_FUENTES_INTEGRAS/OMEGA_THEORY_V1_1_ENTREGA_20_ENERGIA_TEMPERATURA_Y_OBSTRUCCION/OMEGA_THEORY_V1_1_ENTREGA_20_ENERGIA_TEMPERATURA_Y_OBSTRUCCION/02_PRUEBAS_NUMERICAS/TEST_02_IDENTIDADES_CANONICAS.csv,.csv,5136,972b5874e5c4f1a1cc5f63ad4e3c23a3093bebdec5d7af03611d50ecb064dfeb,COVERED,SOURCE_ZIP_INVENTORY_EXTRACTED_EXACT,COVERED,dataset_catalog_recomputed_exact,NOT_APPLICABLE,NOT_APPLICABLE,NOT_APPLICABLE,NOT_APPLICABLE,,True,COVERED
COV-01265,physical_outer_member,90_FUENTES_INTEGRAS/OMEGA_THEORY_V1_1_ENTREGA_20_ENERGIA_TEMPERATURA_Y_OBSTRUCCION/OMEGA_THEORY_V1_1_ENTREGA_20_ENERGIA_TEMPERATURA_Y_OBSTRUCCION/02_PRUEBAS_NUMERICAS/TEST_03_CAPACIDAD_CALORIFICA.csv,.csv,23761,55998d7ca8706102e80a0900f0e853fd4ecd6b6399e0fa065ee7ffe62c61cb10,COVERED,SOURCE_ZIP_INVENTORY_EXTRACTED_EXACT,COVERED,dataset_catalog_recomputed_exact,NOT_APPLICABLE,NOT_APPLICABLE,NOT_APPLICABLE,NOT_APPLICABLE,,True,COVERED
COV-01266,physical_outer_member,90_FUENTES_INTEGRAS/OMEGA_THEORY_V1_1_ENTREGA_20_ENERGIA_TEMPERATURA_Y_OBSTRUCCION/OMEGA_THEORY_V1_1_ENTREGA_20_ENERGIA_TEMPERATURA_Y_OBSTRUCCION/02_PRUEBAS_NUMERICAS/TEST_04B_CORRELACIONES.csv,.csv,304,66fbde5013bb994fd918bbd6c53851b28c37d807657c00ff40746f21ca7add23,COVERED,SOURCE_ZIP_INVENTORY_EXTRACTED_EXACT,COVERED,dataset_catalog_recomputed_exact,NOT_APPLICABLE,NOT_APPLICABLE,NOT_APPLICABLE,NOT_APPLICABLE,,True,COVERED
COV-01267,physical_outer_member,90_FUENTES_INTEGRAS/OMEGA_THEORY_V1_1_ENTREGA_20_ENERGIA_TEMPERATURA_Y_OBSTRUCCION/OMEGA_THEORY_V1_1_ENTREGA_20_ENERGIA_TEMPERATURA_Y_OBSTRUCCION/02_PRUEBAS_NUMERICAS/TEST_04_COSTO_VS_OBSTRUCCION.csv,.csv,242581,c5203e8554a6992bf30ce39381a0dbf6d2bac04158359fdb33e03c3d9a6dd240,COVERED,SOURCE_ZIP_INVENTORY_EXTRACTED_EXACT,COVERED,dataset_catalog_recomputed_exact,NOT_APPLICABLE,NOT_APPLICABLE,NOT_APPLICABLE,NOT_APPLICABLE,,True,COVERED
COV-01268,physical_outer_member,90_FUENTES_INTEGRAS/OMEGA_THEORY_V1_1_ENTREGA_20_ENERGIA_TEMPERATURA_Y_OBSTRUCCION/OMEGA_THEORY_V1_1_ENTREGA_20_ENERGIA_TEMPERATURA_Y_OBSTRUCCION/02_PRUEBAS_NUMERICAS/TEST_05_DESCOMPOSICION_SORPRESA.csv,.csv,445235,d110dbf2219add7b1f4b1cd1ad3f7e66e7f2ecbd5371e89b8d4f8ceb52de653b,COVERED,SOURCE_ZIP_INVENTORY_EXTRACTED_EXACT,COVERED,dataset_catalog_recomputed_exact,NOT_APPLICABLE,NOT_APPLICABLE,NOT_APPLICABLE,NOT_APPLICABLE,,True,COVERED
COV-01269,physical_outer_member,90_FUENTES_INTEGRAS/OMEGA_THEORY_V1_1_ENTREGA_20_ENERGIA_TEMPERATURA_Y_OBSTRUCCION/OMEGA_THEORY_V1_1_ENTREGA_20_ENERGIA_TEMPERATURA_Y_OBSTRUCCION/02_PRUEBAS_NUMERICAS/TEST_06_INFERENCIA_BETA.csv,.csv,1642,9350cb86a3a147c12530e3b77850e32e797e780d9ef202c265782d1f24f1ec0e,COVERED,SOURCE_ZIP_INVENTORY_EXTRACTED_EXACT,COVERED,dataset_catalog_recomputed_exact,NOT_APPLICABLE,NOT_APPLICABLE,NOT_APPLICABLE,NOT_APPLICABLE,,True,COVERED
COV-01270,physical_outer_member,90_FUENTES_INTEGRAS/OMEGA_THEORY_V1_1_ENTREGA_20_ENERGIA_TEMPERATURA_Y_OBSTRUCCION/OMEGA_THEORY_V1_1_ENTREGA_20_ENERGIA_TEMPERATURA_Y_OBSTRUCCION/02_PRUEBAS_NUMERICAS/TEST_07_TEMPERATURA_NEGATIVA.csv,.csv,1709,bb4dce7f487018bffdfe99c28cb8d2862cf2f7a2b7c3655da13e1b15036e651f,COVERED,SOURCE_ZIP_INVENTORY_EXTRACTED_EXACT,COVERED,dataset_catalog_recomputed_exact,NOT_APPLICABLE,NOT_APPLICABLE,NOT_APPLICABLE,NOT_APPLICABLE,,True,COVERED
COV-01271,physical_outer_member,90_FUENTES_INTEGRAS/OMEGA_THEORY_V1_1_ENTREGA_20_ENERGIA_TEMPERATURA_Y_OBSTRUCCION/OMEGA_THEORY_V1_1_ENTREGA_20_ENERGIA_TEMPERATURA_Y_OBSTRUCCION/02_PRUEBAS_NUMERICAS/TEST_08_EQUILIBRIO_DOS_SUBSISTEMAS.csv,.csv,421,28d8c246fdbe27e5af17b8db747fec312ba5804ed67bfc83b12b6871aa542e5d,COVERED,SOURCE_ZIP_INVENTORY_EXTRACTED_EXACT,COVERED,dataset_catalog_recomputed_exact,NOT_APPLICABLE,NOT_APPLICABLE,NOT_APPLICABLE,NOT_APPLICABLE,,True,COVERED
COV-01272,physical_outer_member,90_FUENTES_INTEGRAS/OMEGA_THEORY_V1_1_ENTREGA_20_ENERGIA_TEMPERATURA_Y_OBSTRUCCION/OMEGA_THEORY_V1_1_ENTREGA_20_ENERGIA_TEMPERATURA_Y_OBSTRUCCION/02_PRUEBAS_NUMERICAS/TEST_09_VEREDICTO.csv,.csv,1037,a3fd7dadfe1d4e54020dbf8f25db945385ce482b98d0dfb45071ccccae9cd51c,COVERED,SOURCE_ZIP_INVENTORY_EXTRACTED_EXACT,COVERED,dataset_catalog_recomputed_exact,NOT_APPLICABLE,NOT_APPLICABLE,NOT_APPLICABLE,NOT_APPLICABLE,,True,COVERED
COV-01273,physical_outer_member,90_FUENTES_INTEGRAS/OMEGA_THEORY_V1_1_ENTREGA_20_ENERGIA_TEMPERATURA_Y_OBSTRUCCION/OMEGA_THEORY_V1_1_ENTREGA_20_ENERGIA_TEMPERATURA_Y_OBSTRUCCION/03_CODIGO/reproducir_entrega_20.py,.py,118,fd065506e3d29833bee5a0c511d4270eb7a6045cb0cddee670de70388c001373,COVERED,SOURCE_ZIP_INVENTORY_EXTRACTED_EXACT,COVERED,python_ast_and_compile_checked,NOT_APPLICABLE,NOT_APPLICABLE,NOT_APPLICABLE,executed_successfully,,True,COVERED
COV-01274,physical_outer_member,90_FUENTES_INTEGRAS/OMEGA_THEORY_V1_1_ENTREGA_20_ENERGIA_TEMPERATURA_Y_OBSTRUCCION/OMEGA_THEORY_V1_1_ENTREGA_20_ENERGIA_TEMPERATURA_Y_OBSTRUCCION/04_FIGURAS/FIG_01_OBSTRUCCION_VS_SORPRESA.png,.png,244658,5170ce536233e80c46ae8372f4b8e7ae50a6b38e5078805354881c496cb3159b,COVERED,SOURCE_ZIP_INVENTORY_EXTRACTED_EXACT,COVERED,image_structurally_validated,NOT_APPLICABLE,NOT_APPLICABLE,reviewed_pass,NOT_APPLICABLE,,True,COVERED
COV-01275,physical_outer_member,90_FUENTES_INTEGRAS/OMEGA_THEORY_V1_1_ENTREGA_20_ENERGIA_TEMPERATURA_Y_OBSTRUCCION/OMEGA_THEORY_V1_1_ENTREGA_20_ENERGIA_TEMPERATURA_Y_OBSTRUCCION/04_FIGURAS/FIG_02_ENERGIA_TEMPERATURA.png,.png,44022,b0675dd0c30be241527a31c2b5bdc842edc7038fb4e67c27a369bcb3f50d49f1,COVERED,SOURCE_ZIP_INVENTORY_EXTRACTED_EXACT,COVERED,image_structurally_validated,NOT_APPLICABLE,NOT_APPLICABLE,reviewed_pass,NOT_APPLICABLE,,True,COVERED
COV-01276,physical_outer_member,90_FUENTES_INTEGRAS/OMEGA_THEORY_V1_1_ENTREGA_20_ENERGIA_TEMPERATURA_Y_OBSTRUCCION/OMEGA_THEORY_V1_1_ENTREGA_20_ENERGIA_TEMPERATURA_Y_OBSTRUCCION/04_FIGURAS/FIG_03_CAPACIDAD_CALORIFICA.png,.png,56696,be3324b436d8a57a0aa6e139da92eb65a9aa8d8eed73a313d31281f219befe53,COVERED,SOURCE_ZIP_INVENTORY_EXTRACTED_EXACT,COVERED,image_structurally_validated,NOT_APPLICABLE,NOT_APPLICABLE,reviewed_pass,NOT_APPLICABLE,,True,COVERED
COV-01277,physical_outer_member,90_FUENTES_INTEGRAS/OMEGA_THEORY_V1_1_ENTREGA_20_ENERGIA_TEMPERATURA_Y_OBSTRUCCION/OMEGA_THEORY_V1_1_ENTREGA_20_ENERGIA_TEMPERATURA_Y_OBSTRUCCION/04_FIGURAS/FIG_04_BETA_NEGATIVA.png,.png,44682,ea8f49a8a9b345073ec95cdf3a2e26b5cf51d731023f5fda3defa0255f87141d,COVERED,SOURCE_ZIP_INVENTORY_EXTRACTED_EXACT,COVERED,image_structurally_validated,NOT_APPLICABLE,NOT_APPLICABLE,reviewed_pass,NOT_APPLICABLE,,True,COVERED
COV-01278,physical_outer_member,90_FUENTES_INTEGRAS/OMEGA_THEORY_V1_1_ENTREGA_20_ENERGIA_TEMPERATURA_Y_OBSTRUCCION/OMEGA_THEORY_V1_1_ENTREGA_20_ENERGIA_TEMPERATURA_Y_OBSTRUCCION/05_DATOS/RESUMEN_RESULTADOS.json,.json,490,093ed45118c3930a4fb21356f9ba655226c8b381d3d8e82b40bb643725a2538e,COVERED,SOURCE_ZIP_INVENTORY_EXTRACTED_EXACT,COVERED,json_parsed,NOT_APPLICABLE,NOT_APPLICABLE,NOT_APPLICABLE,NOT_APPLICABLE,,True,COVERED
COV-01279,physical_outer_member,90_FUENTES_INTEGRAS/OMEGA_THEORY_V1_1_ENTREGA_20_ENERGIA_TEMPERATURA_Y_OBSTRUCCION/OMEGA_THEORY_V1_1_ENTREGA_20_ENERGIA_TEMPERATURA_Y_OBSTRUCCION/06_MANIFIESTO/MANIFIESTO_ARCHIVOS.csv,.csv,2676,09add348b8f699391ce42f032205643c36a76287ca3dc35b3980875aa454ea97,COVERED,SOURCE_ZIP_INVENTORY_EXTRACTED_EXACT,COVERED,dataset_catalog_recomputed_exact,NOT_APPLICABLE,NOT_APPLICABLE,NOT_APPLICABLE,NOT_APPLICABLE,,True,COVERED
COV-01280,physical_outer_member,90_FUENTES_INTEGRAS/OMEGA_THEORY_V1_1_ENTREGA_20_ENERGIA_TEMPERATURA_Y_OBSTRUCCION/OMEGA_THEORY_V1_1_ENTREGA_20_ENERGIA_TEMPERATURA_Y_OBSTRUCCION/06_MANIFIESTO/METADATA.json,.json,177,451468049a90db4df4b3acec55d5b9c2a2b7bb17e4f7f9cca93c3b4bb0ba8cbf,COVERED,SOURCE_ZIP_INVENTORY_EXTRACTED_EXACT,COVERED,json_parsed,NOT_APPLICABLE,NOT_APPLICABLE,NOT_APPLICABLE,NOT_APPLICABLE,,True,COVERED
COV-01281,physical_outer_member,90_FUENTES_INTEGRAS/OMEGA_THEORY_V1_1_ENTREGA_21_ESCALA_OPERACIONAL_ENERGIA/OMEGA_THEORY_V1_1_ENTREGA_21_ESCALA_OPERACIONAL_ENERGIA/00_LEEME.md,.md,1351,b50534ed099699094a7bb1255c23a05c509e55535f71c0546e531639ec8efeaa,COVERED,SOURCE_ZIP_INVENTORY_EXTRACTED_EXACT,COVERED,markdown_blocks=23,equation_catalog_occurrences_verified=7,claim_candidates_classified=12,NOT_APPLICABLE,NOT_APPLICABLE,,True,COVERED
COV-01282,physical_outer_member,90_FUENTES_INTEGRAS/OMEGA_THEORY_V1_1_ENTREGA_21_ESCALA_OPERACIONAL_ENERGIA/OMEGA_THEORY_V1_1_ENTREGA_21_ESCALA_OPERACIONAL_ENERGIA/01_DOCUMENTOS/01_DERIVACION_DESDE_ONTOLOGIA.md,.md,1188,7235e80f19a2d4cacca70b4567125eec8cf96ebfdb7121259258168a98392e39,COVERED,SOURCE_ZIP_INVENTORY_EXTRACTED_EXACT,COVERED,markdown_blocks=29,equation_catalog_occurrences_verified=10,claim_candidates_classified=13,NOT_APPLICABLE,NOT_APPLICABLE,,True,COVERED
COV-01283,physical_outer_member,90_FUENTES_INTEGRAS/OMEGA_THEORY_V1_1_ENTREGA_21_ESCALA_OPERACIONAL_ENERGIA/OMEGA_THEORY_V1_1_ENTREGA_21_ESCALA_OPERACIONAL_ENERGIA/01_DOCUMENTOS/02_RESULTADOS_NUMERICOS.md,.md,9525,2ac50c43deab1ba25f768193122efff20de8388cc43df10a036ad272a967fdd2,COVERED,SOURCE_ZIP_INVENTORY_EXTRACTED_EXACT,COVERED,markdown_blocks=21,equation_catalog_occurrences_verified=0,claim_candidates_classified=10,NOT_APPLICABLE,NOT_APPLICABLE,,True,COVERED
COV-01284,physical_outer_member,90_FUENTES_INTEGRAS/OMEGA_THEORY_V1_1_ENTREGA_21_ESCALA_OPERACIONAL_ENERGIA/OMEGA_THEORY_V1_1_ENTREGA_21_ESCALA_OPERACIONAL_ENERGIA/01_DOCUMENTOS/03_RESULTADOS_NEGATIVOS.md,.md,642,ab4da67314971bcc88b39e0ce5b6f582c60fefa6f24faa8aa7dc75129a806b57,COVERED,SOURCE_ZIP_INVENTORY_EXTRACTED_EXACT,COVERED,markdown_blocks=2,equation_catalog_occurrences_verified=0,claim_candidates_classified=1,NOT_APPLICABLE,NOT_APPLICABLE,negative_catalog_occurrences=1,True,COVERED_WITH_NEGATIVE_OR_LIMITATION
COV-01285,physical_outer_member,90_FUENTES_INTEGRAS/OMEGA_THEORY_V1_1_ENTREGA_21_ESCALA_OPERACIONAL_ENERGIA/OMEGA_THEORY_V1_1_ENTREGA_21_ESCALA_OPERACIONAL_ENERGIA/01_DOCUMENTOS/04_DUDAS_ONTOLOGICAS.md,.md,537,6cf2f2cbd04a4ca08f12cfb2936e51b0c146e25620b45599ddd0375b515d1b83,COVERED,SOURCE_ZIP_INVENTORY_EXTRACTED_EXACT,COVERED,markdown_blocks=6,equation_catalog_occurrences_verified=0,claim_candidates_classified=0,NOT_APPLICABLE,NOT_APPLICABLE,open_doubt_occurrences=5,True,COVERED_WITH_NEGATIVE_OR_LIMITATION
COV-01286,physical_outer_member,90_FUENTES_INTEGRAS/OMEGA_THEORY_V1_1_ENTREGA_21_ESCALA_OPERACIONAL_ENERGIA/OMEGA_THEORY_V1_1_ENTREGA_21_ESCALA_OPERACIONAL_ENERGIA/01_DOCUMENTOS/05_TEOREMA_GENERADOR_ENERGIA.md,.md,392,bc3f75979b0fa8ead08faf12d12460fdec7beec93f777a82b4a5d29203aca4e6,COVERED,SOURCE_ZIP_INVENTORY_EXTRACTED_EXACT,COVERED,markdown_blocks=7,equation_catalog_occurrences_verified=2,claim_candidates_classified=4,NOT_APPLICABLE,NOT_APPLICABLE,,True,COVERED
COV-01287,physical_outer_member,90_FUENTES_INTEGRAS/OMEGA_THEORY_V1_1_ENTREGA_21_ESCALA_OPERACIONAL_ENERGIA/OMEGA_THEORY_V1_1_ENTREGA_21_ESCALA_OPERACIONAL_ENERGIA/01_DOCUMENTOS/06_SIGUIENTE_PASO.md,.md,658,b8f1a33e02dce46866d9f8ee04559ba08a3eca4e39c787defa22ccdee41b9d77,COVERED,SOURCE_ZIP_INVENTORY_EXTRACTED_EXACT,COVERED,markdown_blocks=7,equation_catalog_occurrences_verified=0,claim_candidates_classified=3,NOT_APPLICABLE,NOT_APPLICABLE,,True,COVERED
COV-01288,physical_outer_member,90_FUENTES_INTEGRAS/OMEGA_THEORY_V1_1_ENTREGA_21_ESCALA_OPERACIONAL_ENERGIA/OMEGA_THEORY_V1_1_ENTREGA_21_ESCALA_OPERACIONAL_ENERGIA/02_PRUEBAS_NUMERICAS/TEST_01_COMPOSICION_GENERADOR.csv,.csv,299864,86d947b3d9e151b1fbbf5a5c3b37598f00aeda477fb2e0b2033820cb6ace5992,COVERED,SOURCE_ZIP_INVENTORY_EXTRACTED_EXACT,COVERED,dataset_catalog_recomputed_exact,NOT_APPLICABLE,NOT_APPLICABLE,NOT_APPLICABLE,NOT_APPLICABLE,,True,COVERED
COV-01289,physical_outer_member,90_FUENTES_INTEGRAS/OMEGA_THEORY_V1_1_ENTREGA_21_ESCALA_OPERACIONAL_ENERGIA/OMEGA_THEORY_V1_1_ENTREGA_21_ESCALA_OPERACIONAL_ENERGIA/02_PRUEBAS_NUMERICAS/TEST_02_ADITIVIDAD_ENERGIA_FRECUENCIA.csv,.csv,320,ad3da39a4e0ac28f161a7f8ec3cdbfdc3a9cfc86a9373560799bfcc6b9911305,COVERED,SOURCE_ZIP_INVENTORY_EXTRACTED_EXACT,COVERED,dataset_catalog_recomputed_exact,NOT_APPLICABLE,NOT_APPLICABLE,NOT_APPLICABLE,NOT_APPLICABLE,,True,COVERED
COV-01290,physical_outer_member,90_FUENTES_INTEGRAS/OMEGA_THEORY_V1_1_ENTREGA_21_ESCALA_OPERACIONAL_ENERGIA/OMEGA_THEORY_V1_1_ENTREGA_21_ESCALA_OPERACIONAL_ENERGIA/02_PRUEBAS_NUMERICAS/TEST_03_TRABAJO_DESDE_Q.csv,.csv,52205,28fee6c0459b30aac518853fe4b59de336c5958829300058b3fe1f010b59e03b,COVERED,SOURCE_ZIP_INVENTORY_EXTRACTED_EXACT,COVERED,dataset_catalog_recomputed_exact,NOT_APPLICABLE,NOT_APPLICABLE,NOT_APPLICABLE,NOT_APPLICABLE,,True,COVERED
COV-01291,physical_outer_member,90_FUENTES_INTEGRAS/OMEGA_THEORY_V1_1_ENTREGA_21_ESCALA_OPERACIONAL_ENERGIA/OMEGA_THEORY_V1_1_ENTREGA_21_ESCALA_OPERACIONAL_ENERGIA/02_PRUEBAS_NUMERICAS/TEST_04_INDEPENDENCIA_CAMINO_TRABAJO.csv,.csv,76888,a351462a78856ded541a8c916cc87a98a43111285529b22fc2d5b4fac593ed25,COVERED,SOURCE_ZIP_INVENTORY_EXTRACTED_EXACT,COVERED,dataset_catalog_recomputed_exact,NOT_APPLICABLE,NOT_APPLICABLE,NOT_APPLICABLE,NOT_APPLICABLE,,True,COVERED
COV-01292,physical_outer_member,90_FUENTES_INTEGRAS/OMEGA_THEORY_V1_1_ENTREGA_21_ESCALA_OPERACIONAL_ENERGIA/OMEGA_THEORY_V1_1_ENTREGA_21_ESCALA_OPERACIONAL_ENERGIA/02_PRUEBAS_NUMERICAS/TEST_05_CUANTO_ELEMENTAL.csv,.csv,415,415772cd1a9b4c1ff597fe99ce920ada9f5885f12185e3cd93877f00f835a376,COVERED,SOURCE_ZIP_INVENTORY_EXTRACTED_EXACT,COVERED,dataset_catalog_recomputed_exact,NOT_APPLICABLE,NOT_APPLICABLE,NOT_APPLICABLE,NOT_APPLICABLE,,True,COVERED
COV-01293,physical_outer_member,90_FUENTES_INTEGRAS/OMEGA_THEORY_V1_1_ENTREGA_21_ESCALA_OPERACIONAL_ENERGIA/OMEGA_THEORY_V1_1_ENTREGA_21_ESCALA_OPERACIONAL_ENERGIA/02_PRUEBAS_NUMERICAS/TEST_06_LIBERTAD_CALIBRACION.csv,.csv,462,49fbfce76744fca2c615fcd8773c9e9dd8fa7050cfdf4288ae9d2235f8e7a7c5,COVERED,SOURCE_ZIP_INVENTORY_EXTRACTED_EXACT,COVERED,dataset_catalog_recomputed_exact,NOT_APPLICABLE,NOT_APPLICABLE,NOT_APPLICABLE,NOT_APPLICABLE,,True,COVERED
COV-01294,physical_outer_member,90_FUENTES_INTEGRAS/OMEGA_THEORY_V1_1_ENTREGA_21_ESCALA_OPERACIONAL_ENERGIA/OMEGA_THEORY_V1_1_ENTREGA_21_ESCALA_OPERACIONAL_ENERGIA/02_PRUEBAS_NUMERICAS/TEST_07_CORRELACIONES_CANDIDATOS.csv,.csv,197,4278e1b625a6c9b980846441769f75af0847363c0f6d2a51dc2198fd5b42ec44,COVERED,SOURCE_ZIP_INVENTORY_EXTRACTED_EXACT,COVERED,dataset_catalog_recomputed_exact,NOT_APPLICABLE,NOT_APPLICABLE,NOT_APPLICABLE,NOT_APPLICABLE,,True,COVERED
COV-01295,physical_outer_member,90_FUENTES_INTEGRAS/OMEGA_THEORY_V1_1_ENTREGA_21_ESCALA_OPERACIONAL_ENERGIA/OMEGA_THEORY_V1_1_ENTREGA_21_ESCALA_OPERACIONAL_ENERGIA/02_PRUEBAS_NUMERICAS/TEST_08_MODELOS_ENERGIA.csv,.csv,528,59c6de87196a5f0b0e1f1647a67a29df32c50352a1493bc16f29f742063f0918,COVERED,SOURCE_ZIP_INVENTORY_EXTRACTED_EXACT,COVERED,dataset_catalog_recomputed_exact,NOT_APPLICABLE,NOT_APPLICABLE,NOT_APPLICABLE,NOT_APPLICABLE,,True,COVERED
COV-01296,physical_outer_member,90_FUENTES_INTEGRAS/OMEGA_THEORY_V1_1_ENTREGA_21_ESCALA_OPERACIONAL_ENERGIA/OMEGA_THEORY_V1_1_ENTREGA_21_ESCALA_OPERACIONAL_ENERGIA/02_PRUEBAS_NUMERICAS/TEST_09_ANALISIS_DIMENSIONAL.csv,.csv,519,c521e2fa3ecf3eefb2120f8d4405aeac95d8aa7b6d3df76aa2001fc6d8069f5a,COVERED,SOURCE_ZIP_INVENTORY_EXTRACTED_EXACT,COVERED,dataset_catalog_recomputed_exact,NOT_APPLICABLE,NOT_APPLICABLE,NOT_APPLICABLE,NOT_APPLICABLE,,True,COVERED
COV-01297,physical_outer_member,90_FUENTES_INTEGRAS/OMEGA_THEORY_V1_1_ENTREGA_21_ESCALA_OPERACIONAL_ENERGIA/OMEGA_THEORY_V1_1_ENTREGA_21_ESCALA_OPERACIONAL_ENERGIA/02_PRUEBAS_NUMERICAS/TEST_10_VEREDICTO.csv,.csv,1184,29f01b2d16c14c9757de3db25e758e5f5ef34d9277b6f3151b36b4c03868a893,COVERED,SOURCE_ZIP_INVENTORY_EXTRACTED_EXACT,COVERED,dataset_catalog_recomputed_exact,NOT_APPLICABLE,NOT_APPLICABLE,NOT_APPLICABLE,NOT_APPLICABLE,,True,COVERED
COV-01298,physical_outer_member,90_FUENTES_INTEGRAS/OMEGA_THEORY_V1_1_ENTREGA_21_ESCALA_OPERACIONAL_ENERGIA/OMEGA_THEORY_V1_1_ENTREGA_21_ESCALA_OPERACIONAL_ENERGIA/03_CODIGO/reproducir_entrega_21.py,.py,105,cd9e0b8a4bbdc02624803d552d8b4a88d9167f972c5ab6f6b6d89b0a46313262,COVERED,SOURCE_ZIP_INVENTORY_EXTRACTED_EXACT,COVERED,python_ast_and_compile_checked,NOT_APPLICABLE,NOT_APPLICABLE,NOT_APPLICABLE,executed_successfully,,True,COVERED
COV-01299,physical_outer_member,90_FUENTES_INTEGRAS/OMEGA_THEORY_V1_1_ENTREGA_21_ESCALA_OPERACIONAL_ENERGIA/OMEGA_THEORY_V1_1_ENTREGA_21_ESCALA_OPERACIONAL_ENERGIA/04_FIGURAS/FIG_01_ADITIVIDAD_GENERADOR.png,.png,59114,50f526fc565bde58a57c05e8a50ba1732473fc38d7d0a9b4ce356cd5031af553,COVERED,SOURCE_ZIP_INVENTORY_EXTRACTED_EXACT,COVERED,image_structurally_validated,NOT_APPLICABLE,NOT_APPLICABLE,reviewed_pass,NOT_APPLICABLE,,True,COVERED
COV-01300,physical_outer_member,90_FUENTES_INTEGRAS/OMEGA_THEORY_V1_1_ENTREGA_21_ESCALA_OPERACIONAL_ENERGIA/OMEGA_THEORY_V1_1_ENTREGA_21_ESCALA_OPERACIONAL_ENERGIA/04_FIGURAS/FIG_02_TRABAJO_CAMINO.png,.png,35528,d0b2bd0bca58ef2c50678f552fc3453c47b9a25bf644b6c1373959096a58b5de,COVERED,SOURCE_ZIP_INVENTORY_EXTRACTED_EXACT,COVERED,image_structurally_validated,NOT_APPLICABLE,NOT_APPLICABLE,reviewed_pass,NOT_APPLICABLE,,True,COVERED
COV-01301,physical_outer_member,90_FUENTES_INTEGRAS/OMEGA_THEORY_V1_1_ENTREGA_21_ESCALA_OPERACIONAL_ENERGIA/OMEGA_THEORY_V1_1_ENTREGA_21_ESCALA_OPERACIONAL_ENERGIA/04_FIGURAS/FIG_03_FRECUENCIA_VS_COSTO.png,.png,134409,811cd9427cf3536c5e52fbf707494a9068e974c0e4889eee7d7735151926ca71,COVERED,SOURCE_ZIP_INVENTORY_EXTRACTED_EXACT,COVERED,image_structurally_validated,NOT_APPLICABLE,NOT_APPLICABLE,reviewed_pass,NOT_APPLICABLE,,True,COVERED
COV-01302,physical_outer_member,90_FUENTES_INTEGRAS/OMEGA_THEORY_V1_1_ENTREGA_21_ESCALA_OPERACIONAL_ENERGIA/OMEGA_THEORY_V1_1_ENTREGA_21_ESCALA_OPERACIONAL_ENERGIA/04_FIGURAS/FIG_04_OBSTRUCCION_VS_COSTO.png,.png,279602,0b0636a9d74c7981eb08ec330cb465573ff3cecc16fe9f495b6695eb4ae031cb,COVERED,SOURCE_ZIP_INVENTORY_EXTRACTED_EXACT,COVERED,image_structurally_validated,NOT_APPLICABLE,NOT_APPLICABLE,reviewed_pass,NOT_APPLICABLE,,True,COVERED
COV-01303,physical_outer_member,90_FUENTES_INTEGRAS/OMEGA_THEORY_V1_1_ENTREGA_21_ESCALA_OPERACIONAL_ENERGIA/OMEGA_THEORY_V1_1_ENTREGA_21_ESCALA_OPERACIONAL_ENERGIA/05_DATOS/RESUMEN_RESULTADOS.json,.json,493,b23fc327b4b3add6cb6125d3a5daeed9d7082adbf28f83f81c8839a02ddb3240,COVERED,SOURCE_ZIP_INVENTORY_EXTRACTED_EXACT,COVERED,json_parsed,NOT_APPLICABLE,NOT_APPLICABLE,NOT_APPLICABLE,NOT_APPLICABLE,,True,COVERED
COV-01304,physical_outer_member,90_FUENTES_INTEGRAS/OMEGA_THEORY_V1_1_ENTREGA_21_ESCALA_OPERACIONAL_ENERGIA/OMEGA_THEORY_V1_1_ENTREGA_21_ESCALA_OPERACIONAL_ENERGIA/06_MANIFIESTO/MANIFIESTO_ARCHIVOS.csv,.csv,2670,e0a898004e91784ce18a2871ef86adf87049570396b0f83ac7fcf89981402bfd,COVERED,SOURCE_ZIP_INVENTORY_EXTRACTED_EXACT,COVERED,dataset_catalog_recomputed_exact,NOT_APPLICABLE,NOT_APPLICABLE,NOT_APPLICABLE,NOT_APPLICABLE,,True,COVERED
COV-01305,physical_outer_member,90_FUENTES_INTEGRAS/OMEGA_THEORY_V1_1_ENTREGA_21_ESCALA_OPERACIONAL_ENERGIA/OMEGA_THEORY_V1_1_ENTREGA_21_ESCALA_OPERACIONAL_ENERGIA/06_MANIFIESTO/METADATA.json,.json,170,b6c3b24617a9e47c4b1b7e377cbad590b4e903bb0c8a786e06384f83838ad9b4,COVERED,SOURCE_ZIP_INVENTORY_EXTRACTED_EXACT,COVERED,json_parsed,NOT_APPLICABLE,NOT_APPLICABLE,NOT_APPLICABLE,NOT_APPLICABLE,,True,COVERED
COV-01306,physical_outer_member,99_ORIGINALES_ZIP/GEOMETRY_OMEGA_TEORIA_COMPLETA_V1_0.zip,.zip,55413489,88534bad58d7b6b4198958f04a09a54ee657b6bac4b8c130f3d8b668c475239e,COVERED,EXACT_OUTER_MEMBER_RECOVERED_AND_ZIP_TESTED_CLEAN,COVERED,zip_members_crc_and_safety_checked,NOT_APPLICABLE,NOT_APPLICABLE,NOT_APPLICABLE,NOT_APPLICABLE,exact_outer_member_override_used_after_truncated_general_extraction,True,COVERED_WITH_NEGATIVE_OR_LIMITATION
COV-01307,physical_outer_member,99_ORIGINALES_ZIP/OMEGA_THEORY_V1_1_ENTREGA_01_GEOMETRIA_TRANSICIONES.zip,.zip,112045,49654bec233390f5a3c68414c9190eb89b7f48e9247f3d216569262ab1284c3f,COVERED,NESTED_ZIP_TESTED_CLEAN,COVERED,zip_members_crc_and_safety_checked,NOT_APPLICABLE,NOT_APPLICABLE,NOT_APPLICABLE,NOT_APPLICABLE,,True,COVERED
COV-01308,physical_outer_member,99_ORIGINALES_ZIP/OMEGA_THEORY_V1_1_ENTREGA_02_INERCIA_RELACIONAL.zip,.zip,162173,35956b63166f0fdee81592fb076d7b53633c6c8776787ab4ac9a041d511ce2b2,COVERED,NESTED_ZIP_TESTED_CLEAN,COVERED,zip_members_crc_and_safety_checked,NOT_APPLICABLE,NOT_APPLICABLE,NOT_APPLICABLE,NOT_APPLICABLE,,True,COVERED
COV-01309,physical_outer_member,99_ORIGINALES_ZIP/OMEGA_THEORY_V1_1_ENTREGA_03_RELOJ_EMERGENTE.zip,.zip,254574,8a48e289c065bb1418ea4be16a29a2370fc6fcffc449c28b840479df26f6c689,COVERED,NESTED_ZIP_TESTED_CLEAN,COVERED,zip_members_crc_and_safety_checked,NOT_APPLICABLE,NOT_APPLICABLE,NOT_APPLICABLE,NOT_APPLICABLE,,True,COVERED
COV-01310,physical_outer_member,99_ORIGINALES_ZIP/OMEGA_THEORY_V1_1_ENTREGA_04_RELOJES_OPERACIONALES.zip,.zip,274158,81dbfb62ac19e616de137c2c4e007b9138a9b3bfd72519ba7459941237ac2758,COVERED,NESTED_ZIP_TESTED_CLEAN,COVERED,zip_members_crc_and_safety_checked,NOT_APPLICABLE,NOT_APPLICABLE,NOT_APPLICABLE,NOT_APPLICABLE,,True,COVERED
COV-01311,physical_outer_member,99_ORIGINALES_ZIP/OMEGA_THEORY_V1_1_ENTREGA_05_TRAYECTORIAS_GRADIENTES.zip,.zip,204129,80cb158068171d35859b522a35b3a612708a40ff139f792c472c197f03684fda,COVERED,NESTED_ZIP_TESTED_CLEAN,COVERED,zip_members_crc_and_safety_checked,NOT_APPLICABLE,NOT_APPLICABLE,NOT_APPLICABLE,NOT_APPLICABLE,,True,COVERED
COV-01312,physical_outer_member,99_ORIGINALES_ZIP/OMEGA_THEORY_V1_1_ENTREGA_06_ECUACION_FUENTE_RELOJ.zip,.zip,204410,7142655509f3928f5bf9918f8e471d37cafd690407382bc923fb28f3506be376,COVERED,NESTED_ZIP_TESTED_CLEAN,COVERED,zip_members_crc_and_safety_checked,NOT_APPLICABLE,NOT_APPLICABLE,NOT_APPLICABLE,NOT_APPLICABLE,,True,COVERED
COV-01313,physical_outer_member,99_ORIGINALES_ZIP/OMEGA_THEORY_V1_1_ENTREGA_07_FUENTE_MICROSCOPICA.zip,.zip,390571,810441863f0f22edb01f2d4e08a13ce79daa50a8962a642ffe68e5b521a95388,COVERED,NESTED_ZIP_TESTED_CLEAN,COVERED,zip_members_crc_and_safety_checked,NOT_APPLICABLE,NOT_APPLICABLE,NOT_APPLICABLE,NOT_APPLICABLE,,True,COVERED
COV-01314,physical_outer_member,99_ORIGINALES_ZIP/OMEGA_THEORY_V1_1_ENTREGA_08_MASA_INERCIAL.zip,.zip,622323,6fea57ee42f00baff1101d936c2d68808714cd86606b5f99ecce95403597d5a9,COVERED,NESTED_ZIP_TESTED_CLEAN,COVERED,zip_members_crc_and_safety_checked,NOT_APPLICABLE,NOT_APPLICABLE,NOT_APPLICABLE,NOT_APPLICABLE,,True,COVERED
COV-01315,physical_outer_member,99_ORIGINALES_ZIP/OMEGA_THEORY_V1_1_ENTREGA_09_RESPUESTA_UNIVERSAL_Y_ALPHA.zip,.zip,380841,a89701e925b053546612b53371f9e2f5b6ebde6e780245258775f859ca40a3e2,COVERED,NESTED_ZIP_TESTED_CLEAN,COVERED,zip_members_crc_and_safety_checked,NOT_APPLICABLE,NOT_APPLICABLE,NOT_APPLICABLE,NOT_APPLICABLE,,True,COVERED
COV-01316,physical_outer_member,99_ORIGINALES_ZIP/OMEGA_THEORY_V1_1_ENTREGA_10_CONEXION_ABElIANA_Y_ACOPLAMIENTO.zip,.zip,365007,7d1282576bbde6efac370299561ae7e7ad9f5eda0c60af5384d8f43ba4959b65,COVERED,NESTED_ZIP_TESTED_CLEAN,COVERED,zip_members_crc_and_safety_checked,NOT_APPLICABLE,NOT_APPLICABLE,NOT_APPLICABLE,NOT_APPLICABLE,,True,COVERED
COV-01317,physical_outer_member,99_ORIGINALES_ZIP/OMEGA_THEORY_V1_1_ENTREGA_11_CAMPO_UNIVERSAL_Y_VARIACION_ALPHA.zip,.zip,275646,6aea67374782dee475d29f45538fa48fb7b71477fb242b6a1109adf5cd9d4221,COVERED,NESTED_ZIP_TESTED_CLEAN,COVERED,zip_members_crc_and_safety_checked,NOT_APPLICABLE,NOT_APPLICABLE,NOT_APPLICABLE,NOT_APPLICABLE,,True,COVERED
COV-01318,physical_outer_member,99_ORIGINALES_ZIP/OMEGA_THEORY_V1_1_ENTREGA_12_MEDIDA_COMUN_Y_PROTECCION_ALPHA.zip,.zip,331317,4c126e96d93b2da914f7a5b0ad41e968b9993ffd135b5ce56df6e8202e62e171,COVERED,NESTED_ZIP_TESTED_CLEAN,COVERED,zip_members_crc_and_safety_checked,NOT_APPLICABLE,NOT_APPLICABLE,NOT_APPLICABLE,NOT_APPLICABLE,,True,COVERED
COV-01319,physical_outer_member,99_ORIGINALES_ZIP/OMEGA_THEORY_V1_1_ENTREGA_13_CARACTER_UNIVERSAL_DESDE_CONTINUIDAD.zip,.zip,265988,d53a35e652ea80b8c750a2885876108196543ae36d96951ff7e948d85f449934,COVERED,NESTED_ZIP_TESTED_CLEAN,COVERED,zip_members_crc_and_safety_checked,NOT_APPLICABLE,NOT_APPLICABLE,NOT_APPLICABLE,NOT_APPLICABLE,,True,COVERED
COV-01320,physical_outer_member,99_ORIGINALES_ZIP/OMEGA_THEORY_V1_1_ENTREGA_14_MODO_UNIVERSAL_Y_DESVIACIONES.zip,.zip,337989,9e6b1cfed8732fe899e1fce7fbfd51bf0234b5c29195ccfdb306d1868f3b8076,COVERED,NESTED_ZIP_TESTED_CLEAN,COVERED,zip_members_crc_and_safety_checked,NOT_APPLICABLE,NOT_APPLICABLE,NOT_APPLICABLE,NOT_APPLICABLE,,True,COVERED
COV-01321,physical_outer_member,99_ORIGINALES_ZIP/OMEGA_THEORY_V1_1_ENTREGA_15_IRREVERSIBILIDAD_IDENTIDAD_CONTINUIDAD.zip,.zip,176381,3e8538ea78512421cb2f1dbec3903cca8e6379890c894b519eb3e874a30d1c77,COVERED,NESTED_ZIP_TESTED_CLEAN,COVERED,zip_members_crc_and_safety_checked,NOT_APPLICABLE,NOT_APPLICABLE,NOT_APPLICABLE,NOT_APPLICABLE,,True,COVERED
COV-01322,physical_outer_member,99_ORIGINALES_ZIP/OMEGA_THEORY_V1_1_ENTREGA_16_ORDEN_DE_CONTINUACION.zip,.zip,166629,229a7ceb7c5c7099271bddbf3f014b86070615fe4cc716095180a187f594b007,COVERED,NESTED_ZIP_TESTED_CLEAN,COVERED,zip_members_crc_and_safety_checked,NOT_APPLICABLE,NOT_APPLICABLE,NOT_APPLICABLE,NOT_APPLICABLE,,True,COVERED
COV-01323,physical_outer_member,99_ORIGINALES_ZIP/OMEGA_THEORY_V1_1_ENTREGA_17_DERIVACION_NO_RETORNO.zip,.zip,89665,e3f99f9fd87d6ad7e2a28ab0f422d06f86cea0893dca4e72c6a150521be20687,COVERED,NESTED_ZIP_TESTED_CLEAN,COVERED,zip_members_crc_and_safety_checked,NOT_APPLICABLE,NOT_APPLICABLE,NOT_APPLICABLE,NOT_APPLICABLE,,True,COVERED
COV-01324,physical_outer_member,99_ORIGINALES_ZIP/OMEGA_THEORY_V1_1_ENTREGA_18_ENTROPIA_GENEALOGICA.zip,.zip,563641,5330f5ac13a4826bd004ad6269ef5954cba7fce17010fe8ee278d238286861f1,COVERED,NESTED_ZIP_TESTED_CLEAN,COVERED,zip_members_crc_and_safety_checked,NOT_APPLICABLE,NOT_APPLICABLE,NOT_APPLICABLE,NOT_APPLICABLE,,True,COVERED
COV-01325,physical_outer_member,99_ORIGINALES_ZIP/OMEGA_THEORY_V1_1_ENTREGA_19_MEDIDA_CAMINOS_Y_FLECHA_ESTADISTICA.zip,.zip,245041,e1d0a926fddb0923d67f76d1c18482373725eefc44926699a4644ffc69b8e531,COVERED,NESTED_ZIP_TESTED_CLEAN,COVERED,zip_members_crc_and_safety_checked,NOT_APPLICABLE,NOT_APPLICABLE,NOT_APPLICABLE,NOT_APPLICABLE,,True,COVERED
COV-01326,physical_outer_member,99_ORIGINALES_ZIP/OMEGA_THEORY_V1_1_ENTREGA_20_ENERGIA_TEMPERATURA_Y_OBSTRUCCION.zip,.zip,740861,dbb9728c43562cf32b47cd07d4274e2e8d1d8f0fb156af9903e387729ccfbd7a,COVERED,NESTED_ZIP_TESTED_CLEAN,COVERED,zip_members_crc_and_safety_checked,NOT_APPLICABLE,NOT_APPLICABLE,NOT_APPLICABLE,NOT_APPLICABLE,,True,COVERED
COV-01327,physical_outer_member,99_ORIGINALES_ZIP/OMEGA_THEORY_V1_1_ENTREGA_21_ESCALA_OPERACIONAL_ENERGIA.zip,.zip,645060,665fda9dc8d3cc96fcddacaabf4972e798a019d7b78355017a9875fcff8a1947,COVERED,NESTED_ZIP_TESTED_CLEAN,COVERED,zip_members_crc_and_safety_checked,NOT_APPLICABLE,NOT_APPLICABLE,NOT_APPLICABLE,NOT_APPLICABLE,,True,COVERED
COV-01328,embedded_logical_member,Omega_Corpus_Completo_2026-08-01/Omega_Corpus_Completo/INDICE_ARCHIVOS.md,.md,8610,3d1a03d1b6587e97e97f44ca9dc7d079096171ce2e3a10e718fcc6641ce62485,COVERED,EMBEDDED_ZIP_MEMBER_PROCESSED,COVERED,markdown_blocks=4,embedded_markdown_segmented,claim_candidates_classified=2,NOT_APPLICABLE,NOT_APPLICABLE,,True,COVERED
COV-01329,embedded_logical_member,Omega_Corpus_Completo_2026-08-01/Omega_Corpus_Completo/MANIFIESTO_SHA256.csv,.csv,11941,08a03bba7e3afc75fbc450ffabc305ff0bd232c910a13cc0467724bbd952a78b,COVERED,EMBEDDED_ZIP_MEMBER_PROCESSED,COVERED,csv_structurally_parsed_not_in_outer_dataset_catalog,NOT_APPLICABLE,NOT_APPLICABLE,NOT_APPLICABLE,NOT_APPLICABLE,,True,COVERED
COV-01330,embedded_logical_member,Omega_Corpus_Completo_2026-08-01/Omega_Corpus_Completo/OMEGA_CORPUS_COMPLETO.md,.md,716631,a92572d747337012721f8585e6623b5df1848cf4a83c8420dd1fb3f337042f4e,COVERED,EMBEDDED_ZIP_MEMBER_PROCESSED,COVERED,markdown_blocks=11908,embedded_markdown_segmented,claim_candidates_classified=6642,NOT_APPLICABLE,NOT_APPLICABLE,,True,COVERED
COV-01331,embedded_logical_member,Omega_Corpus_Completo_2026-08-01/Omega_Corpus_Completo/README.md,.md,590,e34d451851d9c28c9e8f3b94f114abd5b32d87b32ee6202ba39cdf714df7b2e2,COVERED,EMBEDDED_ZIP_MEMBER_PROCESSED,COVERED,markdown_blocks=4,embedded_markdown_segmented,claim_candidates_classified=3,NOT_APPLICABLE,NOT_APPLICABLE,,True,COVERED
COV-01332,embedded_logical_member,Omega_Corpus_Completo_2026-08-01/Omega_Corpus_Completo/datos_asociados/Geometry_Omega_Abelian_Charged_Branch_v9_2026-07-31.csv,.csv,2122,b9c5ae0457ea7092f1551ab6b3d4829c1cc097e9cc74e178bad50b2b472b87b5,COVERED,EMBEDDED_ZIP_MEMBER_PROCESSED,COVERED,csv_structurally_parsed_not_in_outer_dataset_catalog,NOT_APPLICABLE,NOT_APPLICABLE,NOT_APPLICABLE,NOT_APPLICABLE,,True,COVERED
COV-01333,embedded_logical_member,Omega_Corpus_Completo_2026-08-01/Omega_Corpus_Completo/datos_asociados/Geometry_Omega_Abelian_Charged_Solver_v9_2026-07-31.py,.py,343,4df244f8a8b933d385dac744c5df9707ad836a3dea88d2961741470cb1a72c30,COVERED,EMBEDDED_ZIP_MEMBER_PROCESSED,COVERED,python_ast_and_compile_checked,NOT_APPLICABLE,NOT_APPLICABLE,NOT_APPLICABLE,no_executable_logic,code_status=no_executable_logic,True,COVERED_WITH_NEGATIVE_OR_LIMITATION
COV-01334,embedded_logical_member,Omega_Corpus_Completo_2026-08-01/Omega_Corpus_Completo/datos_asociados/Geometry_Omega_Abelian_Controls_v9_2026-07-31.csv,.csv,294,25ff6179dc166d7049af0ca33c6fac0062a22b4245dd61607f22dc828a041102,COVERED,EMBEDDED_ZIP_MEMBER_PROCESSED,COVERED,csv_structurally_parsed_not_in_outer_dataset_catalog,NOT_APPLICABLE,NOT_APPLICABLE,NOT_APPLICABLE,NOT_APPLICABLE,,True,COVERED
COV-01335,embedded_logical_member,Omega_Corpus_Completo_2026-08-01/Omega_Corpus_Completo/datos_asociados/Geometry_Omega_Abelian_Profile_e_0.200_v9_2026-07-31.csv,.csv,351468,f939a48e0c86689578dc6b257225a9071e3993c2c689c1f8700cac986ffb23d8,COVERED,EMBEDDED_ZIP_MEMBER_PROCESSED,COVERED,csv_structurally_parsed_not_in_outer_dataset_catalog,NOT_APPLICABLE,NOT_APPLICABLE,NOT_APPLICABLE,NOT_APPLICABLE,,True,COVERED
COV-01336,embedded_logical_member,Omega_Corpus_Completo_2026-08-01/Omega_Corpus_Completo/datos_asociados/Geometry_Omega_Adaptive_Charge_Continuation_v20_2026-07-31.csv,.csv,1301,5af5e50337ac9563b10e2115e1060d9767233999e5186653d0251f88fd9024ba,COVERED,EMBEDDED_ZIP_MEMBER_PROCESSED,COVERED,csv_structurally_parsed_not_in_outer_dataset_catalog,NOT_APPLICABLE,NOT_APPLICABLE,NOT_APPLICABLE,NOT_APPLICABLE,,True,COVERED
COV-01337,embedded_logical_member,Omega_Corpus_Completo_2026-08-01/Omega_Corpus_Completo/datos_asociados/Geometry_Omega_Adaptive_Charge_Continuation_v20_CORRECTED_2026-07-31.csv,.csv,1291,1f5bb2ff1574996b397e1f421aaeef2467ba43a075ea07b0f5c38ad0d31f1b2b,COVERED,EMBEDDED_ZIP_MEMBER_PROCESSED,COVERED,csv_structurally_parsed_not_in_outer_dataset_catalog,NOT_APPLICABLE,NOT_APPLICABLE,NOT_APPLICABLE,NOT_APPLICABLE,,True,COVERED
COV-01338,embedded_logical_member,Omega_Corpus_Completo_2026-08-01/Omega_Corpus_Completo/datos_asociados/Geometry_Omega_Adaptive_Charge_Profiles_v20_2026-07-31.csv,.csv,237947,cf77dc46dcbeaa84436485912388c17389251abb45c4d3b4b0d0a6545c32bbde,COVERED,EMBEDDED_ZIP_MEMBER_PROCESSED,COVERED,csv_structurally_parsed_not_in_outer_dataset_catalog,NOT_APPLICABLE,NOT_APPLICABLE,NOT_APPLICABLE,NOT_APPLICABLE,,True,COVERED
COV-01339,embedded_logical_member,Omega_Corpus_Completo_2026-08-01/Omega_Corpus_Completo/datos_asociados/Geometry_Omega_Adaptive_Charge_Profiles_v20_CORRECTED_2026-07-31.csv,.csv,224339,205795173bd0f5ecf30b3756dfaaa9f34a0db8b66ac3659f46de6d1df0b942c2,COVERED,EMBEDDED_ZIP_MEMBER_PROCESSED,COVERED,csv_structurally_parsed_not_in_outer_dataset_catalog,NOT_APPLICABLE,NOT_APPLICABLE,NOT_APPLICABLE,NOT_APPLICABLE,,True,COVERED
COV-01340,embedded_logical_member,Omega_Corpus_Completo_2026-08-01/Omega_Corpus_Completo/datos_asociados/Geometry_Omega_Adjacency_Metric_Toy_v47_2026-08-01.csv,.csv,624,ba29d57f9c6470c17a6842bd50d4a4b45814918995e73705968ad32c2ec56867,COVERED,EMBEDDED_ZIP_MEMBER_PROCESSED,COVERED,csv_structurally_parsed_not_in_outer_dataset_catalog,NOT_APPLICABLE,NOT_APPLICABLE,NOT_APPLICABLE,NOT_APPLICABLE,,True,COVERED
COV-01341,embedded_logical_member,Omega_Corpus_Completo_2026-08-01/Omega_Corpus_Completo/datos_asociados/Geometry_Omega_Area_Law_Summary_v53_2026-08-01.csv,.csv,276,b2651c5b5515d015dcc0967c178976d2183f5244c5bff384730a7a6ecfb433e4,COVERED,EMBEDDED_ZIP_MEMBER_PROCESSED,COVERED,csv_structurally_parsed_not_in_outer_dataset_catalog,NOT_APPLICABLE,NOT_APPLICABLE,NOT_APPLICABLE,NOT_APPLICABLE,,True,COVERED
COV-01342,embedded_logical_member,Omega_Corpus_Completo_2026-08-01/Omega_Corpus_Completo/datos_asociados/Geometry_Omega_Area_Volume_Counting_v53_2026-08-01.csv,.csv,1790,3400c8b8595b14af202d3a12abe6504df497337a0a4a0ffc09f4760174d69a8f,COVERED,EMBEDDED_ZIP_MEMBER_PROCESSED,COVERED,csv_structurally_parsed_not_in_outer_dataset_catalog,NOT_APPLICABLE,NOT_APPLICABLE,NOT_APPLICABLE,NOT_APPLICABLE,,True,COVERED
COV-01343,embedded_logical_member,Omega_Corpus_Completo_2026-08-01/Omega_Corpus_Completo/datos_asociados/Geometry_Omega_Brecha_Espectral_Limite_v37_2026-08-01.csv,.csv,1276,0ee375a25196674d88e294e45f6fce80388902671452d6480695add0f7aa8a61,COVERED,EMBEDDED_ZIP_MEMBER_PROCESSED,COVERED,csv_structurally_parsed_not_in_outer_dataset_catalog,NOT_APPLICABLE,NOT_APPLICABLE,NOT_APPLICABLE,NOT_APPLICABLE,,True,COVERED
COV-01344,embedded_logical_member,Omega_Corpus_Completo_2026-08-01/Omega_Corpus_Completo/datos_asociados/Geometry_Omega_Canales_Cuanticos_Fase_v41_2026-08-01.csv,.csv,33717,b1058aff39be7466601cbada532966123b9f6dc9f9f54d550eabbedd72109a80,COVERED,EMBEDDED_ZIP_MEMBER_PROCESSED,COVERED,csv_structurally_parsed_not_in_outer_dataset_catalog,NOT_APPLICABLE,NOT_APPLICABLE,NOT_APPLICABLE,NOT_APPLICABLE,,True,COVERED
COV-01345,embedded_logical_member,Omega_Corpus_Completo_2026-08-01/Omega_Corpus_Completo/datos_asociados/Geometry_Omega_Cargado_Neutral_Limit_v15_2026-07-31.csv,.csv,1098,4db9cddaa10acf418aa0cd4778c3485ebe067b9284fed7f06cf8209e54df7c9f,COVERED,EMBEDDED_ZIP_MEMBER_PROCESSED,COVERED,csv_structurally_parsed_not_in_outer_dataset_catalog,NOT_APPLICABLE,NOT_APPLICABLE,NOT_APPLICABLE,NOT_APPLICABLE,,True,COVERED
COV-01346,embedded_logical_member,Omega_Corpus_Completo_2026-08-01/Omega_Corpus_Completo/datos_asociados/Geometry_Omega_Charged_Conservation_Checks_v11_2026-07-31.csv,.csv,853,239a58500da6ada4784fa82f57d347c3542dbd13873f9b64acc86cde450207e4,COVERED,EMBEDDED_ZIP_MEMBER_PROCESSED,COVERED,csv_structurally_parsed_not_in_outer_dataset_catalog,NOT_APPLICABLE,NOT_APPLICABLE,NOT_APPLICABLE,NOT_APPLICABLE,,True,COVERED
COV-01347,embedded_logical_member,Omega_Corpus_Completo_2026-08-01/Omega_Corpus_Completo/datos_asociados/Geometry_Omega_Charged_Critical_Points_Refined_v23_2026-07-31.csv,.csv,664,11cc92b2cd7521c561a8c730310ca7e1a90ede5777f20dd86c00390ad42f382b,COVERED,EMBEDDED_ZIP_MEMBER_PROCESSED,COVERED,csv_structurally_parsed_not_in_outer_dataset_catalog,NOT_APPLICABLE,NOT_APPLICABLE,NOT_APPLICABLE,NOT_APPLICABLE,,True,COVERED
COV-01348,embedded_logical_member,Omega_Corpus_Completo_2026-08-01/Omega_Corpus_Completo/datos_asociados/Geometry_Omega_Charged_Critical_Points_v10_2026-07-31.csv,.csv,298,7be05d1d75f5ce211e19b77a88c00d3fcb9157b724838d52c630a130a7b61bb8,COVERED,EMBEDDED_ZIP_MEMBER_PROCESSED,COVERED,csv_structurally_parsed_not_in_outer_dataset_catalog,NOT_APPLICABLE,NOT_APPLICABLE,NOT_APPLICABLE,NOT_APPLICABLE,,True,COVERED
COV-01349,embedded_logical_member,Omega_Corpus_Completo_2026-08-01/Omega_Corpus_Completo/datos_asociados/Geometry_Omega_Charged_Full_Branches_v10.csv,.csv,26582,abca41ad310f9a2b04a5a8095549c5c09bf49ca58d5da3fd08ca65647c93a48e,COVERED,EMBEDDED_ZIP_MEMBER_PROCESSED,COVERED,csv_structurally_parsed_not_in_outer_dataset_catalog,NOT_APPLICABLE,NOT_APPLICABLE,NOT_APPLICABLE,NOT_APPLICABLE,,True,COVERED
COV-01350,embedded_logical_member,Omega_Corpus_Completo_2026-08-01/Omega_Corpus_Completo/datos_asociados/Geometry_Omega_Charged_Pulsation_BVP_v14_2026-07-31.py,.py,5605,9e8fa983a8e74a9622d95e9dcaca2e92ad9f70914c012dd5d60034fc5e491184,COVERED,EMBEDDED_ZIP_MEMBER_PROCESSED,COVERED,python_ast_and_compile_checked,NOT_APPLICABLE,NOT_APPLICABLE,NOT_APPLICABLE,expected_interface_guard,code_status=expected_interface_guard,True,COVERED_WITH_NEGATIVE_OR_LIMITATION
COV-01351,embedded_logical_member,Omega_Corpus_Completo_2026-08-01/Omega_Corpus_Completo/datos_asociados/Geometry_Omega_Charged_Pulsation_Spec_v12_2026-07-31.yaml,.yaml,716,4c1db3bd96c099ec2e4f2dfce8a18f2c7b1d34b178a75ede90f6a5ae4d8df924,COVERED,EMBEDDED_ZIP_MEMBER_PROCESSED,COVERED,yaml_parsed,NOT_APPLICABLE,NOT_APPLICABLE,NOT_APPLICABLE,NOT_APPLICABLE,,True,COVERED
COV-01352,embedded_logical_member,Omega_Corpus_Completo_2026-08-01/Omega_Corpus_Completo/datos_asociados/Geometry_Omega_Charged_Reverse_Branches_v10.csv,.csv,2092,b865f6b23f72b866d9abeaf60f0fbf5bd65ce393dbd45219179790807af57d2d,COVERED,EMBEDDED_ZIP_MEMBER_PROCESSED,COVERED,csv_structurally_parsed_not_in_outer_dataset_catalog,NOT_APPLICABLE,NOT_APPLICABLE,NOT_APPLICABLE,NOT_APPLICABLE,,True,COVERED
COV-01353,embedded_logical_member,Omega_Corpus_Completo_2026-08-01/Omega_Corpus_Completo/datos_asociados/Geometry_Omega_Charged_Static_Tangent_Profiles_v22_2026-07-31.csv,.csv,1996333,51367700acf435895800db203d61fb456b92accf019802bc7a265ecf5c8d0aad,COVERED,EMBEDDED_ZIP_MEMBER_PROCESSED,COVERED,csv_structurally_parsed_not_in_outer_dataset_catalog,NOT_APPLICABLE,NOT_APPLICABLE,NOT_APPLICABLE,NOT_APPLICABLE,,True,COVERED
COV-01354,embedded_logical_member,Omega_Corpus_Completo_2026-08-01/Omega_Corpus_Completo/datos_asociados/Geometry_Omega_Charged_Static_Zero_Mode_Check_v22_2026-07-31.csv,.csv,4878,d91064ecce412971a2743e72a90cc5c6b9d2c6e25939c0c9527faf16bbac34ba,COVERED,EMBEDDED_ZIP_MEMBER_PROCESSED,COVERED,csv_structurally_parsed_not_in_outer_dataset_catalog,NOT_APPLICABLE,NOT_APPLICABLE,NOT_APPLICABLE,NOT_APPLICABLE,,True,COVERED
COV-01355,embedded_logical_member,Omega_Corpus_Completo_2026-08-01/Omega_Corpus_Completo/datos_asociados/Geometry_Omega_Ciclos_Dimension_Phase_v40_2026-08-01.csv,.csv,2499436,7fe5066e7ab9868f8112057bef35d5c0c8565816422476f1b2108788b66b48b9,COVERED,EMBEDDED_ZIP_MEMBER_PROCESSED,COVERED,csv_structurally_parsed_not_in_outer_dataset_catalog,NOT_APPLICABLE,NOT_APPLICABLE,NOT_APPLICABLE,NOT_APPLICABLE,,True,COVERED
COV-01356,embedded_logical_member,Omega_Corpus_Completo_2026-08-01/Omega_Corpus_Completo/datos_asociados/Geometry_Omega_Ciclos_Marginales_v40_2026-08-01.csv,.csv,2641,3f6fee820c565242c5946d1b31ebc1940374704fdfba4a0bf93c0b4b300b557a,COVERED,EMBEDDED_ZIP_MEMBER_PROCESSED,COVERED,csv_structurally_parsed_not_in_outer_dataset_catalog,NOT_APPLICABLE,NOT_APPLICABLE,NOT_APPLICABLE,NOT_APPLICABLE,,True,COVERED
COV-01357,embedded_logical_member,Omega_Corpus_Completo_2026-08-01/Omega_Corpus_Completo/datos_asociados/Geometry_Omega_Cierre_Ciclos_Rango_Interno_v43_2026-08-01.csv,.csv,220,97cbc6a70451fb0f755055577e0cb8a9da1c8f65902b4bc4669c601d9ae6e0fb,COVERED,EMBEDDED_ZIP_MEMBER_PROCESSED,COVERED,csv_structurally_parsed_not_in_outer_dataset_catalog,NOT_APPLICABLE,NOT_APPLICABLE,NOT_APPLICABLE,NOT_APPLICABLE,,True,COVERED
COV-01358,embedded_logical_member,Omega_Corpus_Completo_2026-08-01/Omega_Corpus_Completo/datos_asociados/Geometry_Omega_Cierre_Ciclos_Rangos_v43_2026-08-01.csv,.csv,873,8a51d26f9a648a132f20fd19590306ec8307d01206322d55536a1e5cbd49e516,COVERED,EMBEDDED_ZIP_MEMBER_PROCESSED,COVERED,csv_structurally_parsed_not_in_outer_dataset_catalog,NOT_APPLICABLE,NOT_APPLICABLE,NOT_APPLICABLE,NOT_APPLICABLE,,True,COVERED
COV-01359,embedded_logical_member,Omega_Corpus_Completo_2026-08-01/Omega_Corpus_Completo/datos_asociados/Geometry_Omega_Clifford_Minimal_Dimensions_v42_2026-08-01.csv,.csv,205,8757df889a99d4889314637e650bccf490d31af6f4795d80feae13699174c12d,COVERED,EMBEDDED_ZIP_MEMBER_PROCESSED,COVERED,csv_structurally_parsed_not_in_outer_dataset_catalog,NOT_APPLICABLE,NOT_APPLICABLE,NOT_APPLICABLE,NOT_APPLICABLE,,True,COVERED
COV-01360,embedded_logical_member,Omega_Corpus_Completo_2026-08-01/Omega_Corpus_Completo/datos_asociados/Geometry_Omega_Collision_Collapse_Trajectory_v51_2026-08-01.csv,.csv,46503,c87c71f900594d260efa2cd786c0399ef114011f151dba5bb7cc5d802dbba474,COVERED,EMBEDDED_ZIP_MEMBER_PROCESSED,COVERED,csv_structurally_parsed_not_in_outer_dataset_catalog,NOT_APPLICABLE,NOT_APPLICABLE,NOT_APPLICABLE,NOT_APPLICABLE,,True,COVERED
COV-01361,embedded_logical_member,Omega_Corpus_Completo_2026-08-01/Omega_Corpus_Completo/datos_asociados/Geometry_Omega_Collision_Conservation_Checks_v51_2026-08-01.csv,.csv,333,5489f14b6d08e65c0b2588dfdf090e7f878b1c4ccb10a3f58bb5f671cbfcd5a1,COVERED,EMBEDDED_ZIP_MEMBER_PROCESSED,COVERED,csv_structurally_parsed_not_in_outer_dataset_catalog,NOT_APPLICABLE,NOT_APPLICABLE,NOT_APPLICABLE,NOT_APPLICABLE,,True,COVERED
COV-01362,embedded_logical_member,Omega_Corpus_Completo_2026-08-01/Omega_Corpus_Completo/datos_asociados/Geometry_Omega_Collision_Effective_Generator_v51_2026-08-01.csv,.csv,220,63090c847b6027bb8c27d71685bdffb9d6c1a7cbe7e2dd907034a3e00bb5e41a,COVERED,EMBEDDED_ZIP_MEMBER_PROCESSED,COVERED,csv_structurally_parsed_not_in_outer_dataset_catalog,NOT_APPLICABLE,NOT_APPLICABLE,NOT_APPLICABLE,NOT_APPLICABLE,,True,COVERED
COV-01363,embedded_logical_member,Omega_Corpus_Completo_2026-08-01/Omega_Corpus_Completo/datos_asociados/Geometry_Omega_Collision_Reversal_Cost_v51_2026-08-01.csv,.csv,716,945f6bce129557436bfee746fd5cf7f9436a07217c39814f3a66c4fdffc7b45f,COVERED,EMBEDDED_ZIP_MEMBER_PROCESSED,COVERED,csv_structurally_parsed_not_in_outer_dataset_catalog,NOT_APPLICABLE,NOT_APPLICABLE,NOT_APPLICABLE,NOT_APPLICABLE,,True,COVERED
COV-01364,embedded_logical_member,Omega_Corpus_Completo_2026-08-01/Omega_Corpus_Completo/datos_asociados/Geometry_Omega_Conditional_Area_Thermodynamics_v53_2026-08-01.csv,.csv,13933,b2f84b3753d4b67c2658fb426e5713c00595c41db0761db831604ae1d6e4cf47,COVERED,EMBEDDED_ZIP_MEMBER_PROCESSED,COVERED,csv_structurally_parsed_not_in_outer_dataset_catalog,NOT_APPLICABLE,NOT_APPLICABLE,NOT_APPLICABLE,NOT_APPLICABLE,,True,COVERED
COV-01365,embedded_logical_member,Omega_Corpus_Completo_2026-08-01/Omega_Corpus_Completo/datos_asociados/Geometry_Omega_Conservative_Mode_Profiles_e_to_zero_v19_2026-07-31.csv,.csv,192409,aa11e0b9384998ce819dcceb694046cf9338c9f7476601784775789d391dd1e2,COVERED,EMBEDDED_ZIP_MEMBER_PROCESSED,COVERED,csv_structurally_parsed_not_in_outer_dataset_catalog,NOT_APPLICABLE,NOT_APPLICABLE,NOT_APPLICABLE,NOT_APPLICABLE,,True,COVERED
COV-01366,embedded_logical_member,Omega_Corpus_Completo_2026-08-01/Omega_Corpus_Completo/datos_asociados/Geometry_Omega_Conservative_Mode_e_to_zero_v19_2026-07-31.csv,.csv,375,5f6672ecd608126565fd5cd4f4b8258e18b60948995c710953ed795c07dd9002,COVERED,EMBEDDED_ZIP_MEMBER_PROCESSED,COVERED,csv_structurally_parsed_not_in_outer_dataset_catalog,NOT_APPLICABLE,NOT_APPLICABLE,NOT_APPLICABLE,NOT_APPLICABLE,,True,COVERED
COV-01367,embedded_logical_member,Omega_Corpus_Completo_2026-08-01/Omega_Corpus_Completo/datos_asociados/Geometry_Omega_Conservative_TwoBand_Profiles_v18_2026-07-31.csv,.csv,190118,00c3c6690b3a3bb141940b11c60a983e9e92ee3f2db05048db59e8b2d0dc72ab,COVERED,EMBEDDED_ZIP_MEMBER_PROCESSED,COVERED,csv_structurally_parsed_not_in_outer_dataset_catalog,NOT_APPLICABLE,NOT_APPLICABLE,NOT_APPLICABLE,NOT_APPLICABLE,,True,COVERED
COV-01368,embedded_logical_member,Omega_Corpus_Completo_2026-08-01/Omega_Corpus_Completo/datos_asociados/Geometry_Omega_Conservative_TwoBand_v18_2026-07-31.csv,.csv,1274,6489eb93218c5a38cea1b9e01c26fe7bf021af5cde5b0ff08faf0c86b317b4d5,COVERED,EMBEDDED_ZIP_MEMBER_PROCESSED,COVERED,csv_structurally_parsed_not_in_outer_dataset_catalog,NOT_APPLICABLE,NOT_APPLICABLE,NOT_APPLICABLE,NOT_APPLICABLE,,True,COVERED
COV-01369,embedded_logical_member,Omega_Corpus_Completo_2026-08-01/Omega_Corpus_Completo/datos_asociados/Geometry_Omega_Conteo_Canales_Cuanticos_v41_2026-08-01.csv,.csv,1739,84ab696643c0a4e428681ae193465eac7af27c616922d47d6ca49bb52a9d1853,COVERED,EMBEDDED_ZIP_MEMBER_PROCESSED,COVERED,csv_structurally_parsed_not_in_outer_dataset_catalog,NOT_APPLICABLE,NOT_APPLICABLE,NOT_APPLICABLE,NOT_APPLICABLE,,True,COVERED
COV-01370,embedded_logical_member,Omega_Corpus_Completo_2026-08-01/Omega_Corpus_Completo/datos_asociados/Geometry_Omega_Conteo_Modos_v46_2026-08-01.csv,.csv,647,6c44ac81827a90d5e867ffd79031b6ee05f8b311f2ebe5bda3b02428a83bf0ea,COVERED,EMBEDDED_ZIP_MEMBER_PROCESSED,COVERED,csv_structurally_parsed_not_in_outer_dataset_catalog,NOT_APPLICABLE,NOT_APPLICABLE,NOT_APPLICABLE,NOT_APPLICABLE,,True,COVERED
COV-01371,embedded_logical_member,Omega_Corpus_Completo_2026-08-01/Omega_Corpus_Completo/datos_asociados/Geometry_Omega_Curva_Fractal_3D_Escalamiento_v38_2026-08-01.csv,.csv,553,afab7a392fda43213893fc66308aa7e133a64f6d2561e8aa39a915c43329fc0c,COVERED,EMBEDDED_ZIP_MEMBER_PROCESSED,COVERED,csv_structurally_parsed_not_in_outer_dataset_catalog,NOT_APPLICABLE,NOT_APPLICABLE,NOT_APPLICABLE,NOT_APPLICABLE,,True,COVERED
COV-01372,embedded_logical_member,Omega_Corpus_Completo_2026-08-01/Omega_Corpus_Completo/datos_asociados/Geometry_Omega_Descomposicion_1_3_5_Checks_v45_2026-08-01.csv,.csv,69983,e9075ee741efe7c509cb6370417bdd639fede46a9649dd669733bc060a38647b,COVERED,EMBEDDED_ZIP_MEMBER_PROCESSED,COVERED,csv_structurally_parsed_not_in_outer_dataset_catalog,NOT_APPLICABLE,NOT_APPLICABLE,NOT_APPLICABLE,NOT_APPLICABLE,,True,COVERED
COV-01373,embedded_logical_member,Omega_Corpus_Completo_2026-08-01/Omega_Corpus_Completo/datos_asociados/Geometry_Omega_Descomposicion_Polar_Checks_v45_2026-08-01.csv,.csv,21307,f808c5ce857f0a2e90537e49ce12ab57af790e2c9dcfc086fbcb43ddbd575611,COVERED,EMBEDDED_ZIP_MEMBER_PROCESSED,COVERED,csv_structurally_parsed_not_in_outer_dataset_catalog,NOT_APPLICABLE,NOT_APPLICABLE,NOT_APPLICABLE,NOT_APPLICABLE,,True,COVERED
COV-01374,embedded_logical_member,Omega_Corpus_Completo_2026-08-01/Omega_Corpus_Completo/datos_asociados/Geometry_Omega_DoubleWell_Bulk_Degeneracy_v56_2026-08-01.csv,.csv,661,a1ece3fd3a4c173456bb2fb2e09ade7e4a2514eacfd4c141fe6a7e477b08e150,COVERED,EMBEDDED_ZIP_MEMBER_PROCESSED,COVERED,csv_structurally_parsed_not_in_outer_dataset_catalog,NOT_APPLICABLE,NOT_APPLICABLE,NOT_APPLICABLE,NOT_APPLICABLE,,True,COVERED
COV-01375,embedded_logical_member,Omega_Corpus_Completo_2026-08-01/Omega_Corpus_Completo/datos_asociados/Geometry_Omega_Dynamic_Class_Sizes_v57_2026-08-01.csv,.csv,18525,f9820428747c0324edbf8b2bfd51676e587433ca332ff10186180ce7bd5ee7f6,COVERED,EMBEDDED_ZIP_MEMBER_PROCESSED,COVERED,csv_structurally_parsed_not_in_outer_dataset_catalog,NOT_APPLICABLE,NOT_APPLICABLE,NOT_APPLICABLE,NOT_APPLICABLE,,True,COVERED
COV-01376,embedded_logical_member,Omega_Corpus_Completo_2026-08-01/Omega_Corpus_Completo/datos_asociados/Geometry_Omega_Dynamic_Equivalence_Scaling_v57_2026-08-01.csv,.csv,284,9194627a362364f8dedb7b605b56c7eaa781739a7cd1557d2acc09aa59d2f5f8,COVERED,EMBEDDED_ZIP_MEMBER_PROCESSED,COVERED,csv_structurally_parsed_not_in_outer_dataset_catalog,NOT_APPLICABLE,NOT_APPLICABLE,NOT_APPLICABLE,NOT_APPLICABLE,,True,COVERED
COV-01377,embedded_logical_member,Omega_Corpus_Completo_2026-08-01/Omega_Corpus_Completo/datos_asociados/Geometry_Omega_Dynamic_Exterior_Equivalence_v57_2026-08-01.csv,.csv,698,c5dd3ce13d52090e696a9bd503e7744edb3a99d5eb9b605a5b0345baa90a348e,COVERED,EMBEDDED_ZIP_MEMBER_PROCESSED,COVERED,csv_structurally_parsed_not_in_outer_dataset_catalog,NOT_APPLICABLE,NOT_APPLICABLE,NOT_APPLICABLE,NOT_APPLICABLE,,True,COVERED
COV-01378,embedded_logical_member,Omega_Corpus_Completo_2026-08-01/Omega_Corpus_Completo/datos_asociados/Geometry_Omega_Ejemplos_Grafos_Transicion_v32_2026-07-31.csv,.csv,596,c63ce20ca5640c271e4853ef728f601f6b95674c407aab66258b38064bcf23a6,COVERED,EMBEDDED_ZIP_MEMBER_PROCESSED,COVERED,csv_structurally_parsed_not_in_outer_dataset_catalog,NOT_APPLICABLE,NOT_APPLICABLE,NOT_APPLICABLE,NOT_APPLICABLE,,True,COVERED
COV-01379,embedded_logical_member,Omega_Corpus_Completo_2026-08-01/Omega_Corpus_Completo/datos_asociados/Geometry_Omega_Entropia_Canales_Simplex_v44_2026-08-01.csv,.csv,1541529,0eeca78a65c749b251c615135ba59453bd5dc8410135fcae76842cc61a00ced5,COVERED,EMBEDDED_ZIP_MEMBER_PROCESSED,COVERED,csv_structurally_parsed_not_in_outer_dataset_catalog,NOT_APPLICABLE,NOT_APPLICABLE,NOT_APPLICABLE,NOT_APPLICABLE,,True,COVERED
COV-01380,embedded_logical_member,Omega_Corpus_Completo_2026-08-01/Omega_Corpus_Completo/datos_asociados/Geometry_Omega_Entropia_Perturbativa_v45_2026-08-01.csv,.csv,4180,351951c174171186ac95eed68928ef233428f00dd2181faa0ff1eb08eab5346c,COVERED,EMBEDDED_ZIP_MEMBER_PROCESSED,COVERED,csv_structurally_parsed_not_in_outer_dataset_catalog,NOT_APPLICABLE,NOT_APPLICABLE,NOT_APPLICABLE,NOT_APPLICABLE,,True,COVERED
COV-01381,embedded_logical_member,Omega_Corpus_Completo_2026-08-01/Omega_Corpus_Completo/datos_asociados/Geometry_Omega_Entropy_Scaling_Phase_v53_2026-08-01.csv,.csv,704,b5f53a5f40b4e9a9a42f3d0daffe58c8f909a681bbee33fe0cb0294db20d32ca,COVERED,EMBEDDED_ZIP_MEMBER_PROCESSED,COVERED,csv_structurally_parsed_not_in_outer_dataset_catalog,NOT_APPLICABLE,NOT_APPLICABLE,NOT_APPLICABLE,NOT_APPLICABLE,,True,COVERED
COV-01382,embedded_logical_member,Omega_Corpus_Completo_2026-08-01/Omega_Corpus_Completo/datos_asociados/Geometry_Omega_Exact_TwoBand_ChargeFixed_v17_2026-07-31.csv,.csv,1290,41006781a1643121489cad8278136f2d26fae258bb898c280de5d94727db4928,COVERED,EMBEDDED_ZIP_MEMBER_PROCESSED,COVERED,csv_structurally_parsed_not_in_outer_dataset_catalog,NOT_APPLICABLE,NOT_APPLICABLE,NOT_APPLICABLE,NOT_APPLICABLE,,True,COVERED
COV-01383,embedded_logical_member,Omega_Corpus_Completo_2026-08-01/Omega_Corpus_Completo/datos_asociados/Geometry_Omega_Exact_TwoBand_Profiles_v17_2026-07-31.csv,.csv,188504,b6f7e4c66c525b1cd46f80af27302b59e16721be835a480adc13582ad1964f40,COVERED,EMBEDDED_ZIP_MEMBER_PROCESSED,COVERED,csv_structurally_parsed_not_in_outer_dataset_catalog,NOT_APPLICABLE,NOT_APPLICABLE,NOT_APPLICABLE,NOT_APPLICABLE,,True,COVERED
COV-01384,embedded_logical_member,Omega_Corpus_Completo_2026-08-01/Omega_Corpus_Completo/datos_asociados/Geometry_Omega_Funcional_Cuadratico_Ortogonalidad_v46_2026-08-01.csv,.csv,56189,4dfa815b98a5d58c598b062ba96eddce18c9bfa6b0434897f6a942a1fe067945,COVERED,EMBEDDED_ZIP_MEMBER_PROCESSED,COVERED,csv_structurally_parsed_not_in_outer_dataset_catalog,NOT_APPLICABLE,NOT_APPLICABLE,NOT_APPLICABLE,NOT_APPLICABLE,,True,COVERED
COV-01385,embedded_logical_member,Omega_Corpus_Completo_2026-08-01/Omega_Corpus_Completo/datos_asociados/Geometry_Omega_Graviton_DOF_v47_2026-08-01.csv,.csv,213,372d8f1a3cf0a07ba34f228c1d8d05c17ab6729f61394b7002a9e503e3b56cc6,COVERED,EMBEDDED_ZIP_MEMBER_PROCESSED,COVERED,csv_structurally_parsed_not_in_outer_dataset_catalog,NOT_APPLICABLE,NOT_APPLICABLE,NOT_APPLICABLE,NOT_APPLICABLE,,True,COVERED
COV-01386,embedded_logical_member,Omega_Corpus_Completo_2026-08-01/Omega_Corpus_Completo/datos_asociados/Geometry_Omega_Hamiltoniano_Interno_Tests_v34_2026-07-31.csv,.csv,1074,cd5cafb3da827ac21cec5c8ae4091e41ef653b611bb42ee3fc34f234e7b550c3,COVERED,EMBEDDED_ZIP_MEMBER_PROCESSED,COVERED,csv_structurally_parsed_not_in_outer_dataset_catalog,NOT_APPLICABLE,NOT_APPLICABLE,NOT_APPLICABLE,NOT_APPLICABLE,,True,COVERED
COV-01387,embedded_logical_member,Omega_Corpus_Completo_2026-08-01/Omega_Corpus_Completo/datos_asociados/Geometry_Omega_Internal_Group_Candidates_v33_2026-07-31.csv,.csv,616,6ce8b491b6476ecf0ecebe013c5cbc96f842627804c123f9f5f360917f446782,COVERED,EMBEDDED_ZIP_MEMBER_PROCESSED,COVERED,csv_structurally_parsed_not_in_outer_dataset_catalog,NOT_APPLICABLE,NOT_APPLICABLE,NOT_APPLICABLE,NOT_APPLICABLE,,True,COVERED
COV-01388,embedded_logical_member,Omega_Corpus_Completo_2026-08-01/Omega_Corpus_Completo/datos_asociados/Geometry_Omega_Kernel_Anisotropy_v48_2026-08-01.csv,.csv,7918,d3a2f8adc0ab336ca4b628ff20f64732b55266eee96cd4e74d0aababf5ed81ff,COVERED,EMBEDDED_ZIP_MEMBER_PROCESSED,COVERED,csv_structurally_parsed_not_in_outer_dataset_catalog,NOT_APPLICABLE,NOT_APPLICABLE,NOT_APPLICABLE,NOT_APPLICABLE,,True,COVERED
COV-01389,embedded_logical_member,Omega_Corpus_Completo_2026-08-01/Omega_Corpus_Completo/datos_asociados/Geometry_Omega_Kernel_Constraint_Scaling_v55_2026-08-01.csv,.csv,1128,252a8d872a15d7a2d0105d79d1e8916584171eea28264d7c6b2c0604a4c0ee34,COVERED,EMBEDDED_ZIP_MEMBER_PROCESSED,COVERED,csv_structurally_parsed_not_in_outer_dataset_catalog,NOT_APPLICABLE,NOT_APPLICABLE,NOT_APPLICABLE,NOT_APPLICABLE,,True,COVERED
COV-01390,embedded_logical_member,Omega_Corpus_Completo_2026-08-01/Omega_Corpus_Completo/datos_asociados/Geometry_Omega_Kernel_Dispersion_Curves_v48_2026-08-01.csv,.csv,17105,995ecf11c4078f9d25f7a960d96d92b9f5de43548e5096c2b8d98a3013634ea0,COVERED,EMBEDDED_ZIP_MEMBER_PROCESSED,COVERED,csv_structurally_parsed_not_in_outer_dataset_catalog,NOT_APPLICABLE,NOT_APPLICABLE,NOT_APPLICABLE,NOT_APPLICABLE,,True,COVERED
COV-01391,embedded_logical_member,Omega_Corpus_Completo_2026-08-01/Omega_Corpus_Completo/datos_asociados/Geometry_Omega_Kernel_Expansion_Fits_v48_2026-08-01.csv,.csv,224,60eb17a3ca95e21e85fb7862c26d9c60975f9547556f843f9d5fce0f68f10404,COVERED,EMBEDDED_ZIP_MEMBER_PROCESSED,COVERED,csv_structurally_parsed_not_in_outer_dataset_catalog,NOT_APPLICABLE,NOT_APPLICABLE,NOT_APPLICABLE,NOT_APPLICABLE,,True,COVERED
COV-01392,embedded_logical_member,Omega_Corpus_Completo_2026-08-01/Omega_Corpus_Completo/datos_asociados/Geometry_Omega_Kernel_Information_Dimension_v55_2026-08-01.csv,.csv,213,a14d273b569101428ffbb61d32eaec9e2dfc88982bea36239596d74230da5264,COVERED,EMBEDDED_ZIP_MEMBER_PROCESSED,COVERED,csv_structurally_parsed_not_in_outer_dataset_catalog,NOT_APPLICABLE,NOT_APPLICABLE,NOT_APPLICABLE,NOT_APPLICABLE,,True,COVERED
COV-01393,embedded_logical_member,Omega_Corpus_Completo_2026-08-01/Omega_Corpus_Completo/datos_asociados/Geometry_Omega_Lindblad_Inverse_Instability_v50_2026-08-01.csv,.csv,391,ae99b9090f592837334bc875d0bdc191a2a7ba7af60d8d26904fa1ae9acd77af,COVERED,EMBEDDED_ZIP_MEMBER_PROCESSED,COVERED,csv_structurally_parsed_not_in_outer_dataset_catalog,NOT_APPLICABLE,NOT_APPLICABLE,NOT_APPLICABLE,NOT_APPLICABLE,,True,COVERED
COV-01394,embedded_logical_member,Omega_Corpus_Completo_2026-08-01/Omega_Corpus_Completo/datos_asociados/Geometry_Omega_Lindblad_Relational_Time_v50_2026-08-01.csv,.csv,2010783,9ac12066f586db3b6e987df2433289e9f975f902d318a037d5cee68e94f58ed8,COVERED,EMBEDDED_ZIP_MEMBER_PROCESSED,COVERED,csv_structurally_parsed_not_in_outer_dataset_catalog,NOT_APPLICABLE,NOT_APPLICABLE,NOT_APPLICABLE,NOT_APPLICABLE,,True,COVERED
COV-01395,embedded_logical_member,Omega_Corpus_Completo_2026-08-01/Omega_Corpus_Completo/datos_asociados/Geometry_Omega_Lindblad_Semigroup_Check_v50_2026-08-01.csv,.csv,1105,988e5db04218778decd72db7ba26199c4e2a1154aad360e5e79349ff6709c0dc,COVERED,EMBEDDED_ZIP_MEMBER_PROCESSED,COVERED,csv_structurally_parsed_not_in_outer_dataset_catalog,NOT_APPLICABLE,NOT_APPLICABLE,NOT_APPLICABLE,NOT_APPLICABLE,,True,COVERED
COV-01396,embedded_logical_member,Omega_Corpus_Completo_2026-08-01/Omega_Corpus_Completo/datos_asociados/Geometry_Omega_Macro_Crossover_v60_2026-08-01.csv,.csv,909,3da661bb233d8f470aeb9990dd6969c037ce503888437510f848330e3e228b48,COVERED,EMBEDDED_ZIP_MEMBER_PROCESSED,COVERED,csv_structurally_parsed_not_in_outer_dataset_catalog,NOT_APPLICABLE,NOT_APPLICABLE,NOT_APPLICABLE,NOT_APPLICABLE,,True,COVERED
COV-01397,embedded_logical_member,Omega_Corpus_Completo_2026-08-01/Omega_Corpus_Completo/datos_asociados/Geometry_Omega_Macroscopic_Protection_Fits_v59_2026-08-01.csv,.csv,294,ae82a0c9767804550e5c128d2584ccf5fce4869f637d2064466a93dfd9c893ea,COVERED,EMBEDDED_ZIP_MEMBER_PROCESSED,COVERED,csv_structurally_parsed_not_in_outer_dataset_catalog,NOT_APPLICABLE,NOT_APPLICABLE,NOT_APPLICABLE,NOT_APPLICABLE,,True,COVERED
COV-01398,embedded_logical_member,Omega_Corpus_Completo_2026-08-01/Omega_Corpus_Completo/datos_asociados/Geometry_Omega_Macroscopic_Protection_Size_v59_2026-08-01.csv,.csv,2407,0d08bb632df11050e73e8e7a1df45eb856b2fbd81dbf26cedaeedf823402100c,COVERED,EMBEDDED_ZIP_MEMBER_PROCESSED,COVERED,csv_structurally_parsed_not_in_outer_dataset_catalog,NOT_APPLICABLE,NOT_APPLICABLE,NOT_APPLICABLE,NOT_APPLICABLE,,True,COVERED
COV-01399,embedded_logical_member,Omega_Corpus_Completo_2026-08-01/Omega_Corpus_Completo/datos_asociados/Geometry_Omega_Manifest_v8_2026-07-31.csv,.csv,1030,f5601981b07ce9af9e47fc78ff1ffc39ac411640fe6adaec3d5e6f20bbf7f76e,COVERED,EMBEDDED_ZIP_MEMBER_PROCESSED,COVERED,csv_structurally_parsed_not_in_outer_dataset_catalog,NOT_APPLICABLE,NOT_APPLICABLE,NOT_APPLICABLE,NOT_APPLICABLE,,True,COVERED
COV-01400,embedded_logical_member,Omega_Corpus_Completo_2026-08-01/Omega_Corpus_Completo/datos_asociados/Geometry_Omega_Markov_Lyapunov_v49_2026-08-01.csv,.csv,683914,375205e86358dc88fb0d8cd013dd4695be34de3d946dcd31ee429dc57e5ca498,COVERED,EMBEDDED_ZIP_MEMBER_PROCESSED,COVERED,csv_structurally_parsed_not_in_outer_dataset_catalog,NOT_APPLICABLE,NOT_APPLICABLE,NOT_APPLICABLE,NOT_APPLICABLE,,True,COVERED
COV-01401,embedded_logical_member,Omega_Corpus_Completo_2026-08-01/Omega_Corpus_Completo/datos_asociados/Geometry_Omega_Microcanonical_Emission_Spectra_v52_2026-08-01.csv,.csv,560371,388fe7274fe79162923f70301587127a7c8ffd988548a41d2f9315773a69a5a1,COVERED,EMBEDDED_ZIP_MEMBER_PROCESSED,COVERED,csv_structurally_parsed_not_in_outer_dataset_catalog,NOT_APPLICABLE,NOT_APPLICABLE,NOT_APPLICABLE,NOT_APPLICABLE,,True,COVERED
COV-01402,embedded_logical_member,Omega_Corpus_Completo_2026-08-01/Omega_Corpus_Completo/datos_asociados/Geometry_Omega_Microcanonical_Evaporation_v52_2026-08-01.csv,.csv,84647,531a5e22c0c08e604db000ec2049bc2efd2dfa361c506257c54efb47467f42f9,COVERED,EMBEDDED_ZIP_MEMBER_PROCESSED,COVERED,csv_structurally_parsed_not_in_outer_dataset_catalog,NOT_APPLICABLE,NOT_APPLICABLE,NOT_APPLICABLE,NOT_APPLICABLE,,True,COVERED
COV-01403,embedded_logical_member,Omega_Corpus_Completo_2026-08-01/Omega_Corpus_Completo/datos_asociados/Geometry_Omega_Microcanonical_Thermal_Fits_v52_2026-08-01.csv,.csv,1043,24a4367a93f194f325b699f774a32ea7cecd4977848417eec6499fd8656424c9,COVERED,EMBEDDED_ZIP_MEMBER_PROCESSED,COVERED,csv_structurally_parsed_not_in_outer_dataset_catalog,NOT_APPLICABLE,NOT_APPLICABLE,NOT_APPLICABLE,NOT_APPLICABLE,,True,COVERED
COV-01404,embedded_logical_member,Omega_Corpus_Completo_2026-08-01/Omega_Corpus_Completo/datos_asociados/Geometry_Omega_Modal_Validation_v7_2026-07-31.csv,.csv,1372,3e23d716ada1bb376088c36ce4f703287bb6c329d288abd539ab481b6e344103,COVERED,EMBEDDED_ZIP_MEMBER_PROCESSED,COVERED,csv_structurally_parsed_not_in_outer_dataset_catalog,NOT_APPLICABLE,NOT_APPLICABLE,NOT_APPLICABLE,NOT_APPLICABLE,,True,COVERED
COV-01405,embedded_logical_member,Omega_Corpus_Completo_2026-08-01/Omega_Corpus_Completo/datos_asociados/Geometry_Omega_Mode_Continuation_e0_to_e005_v16_2026-07-31.csv,.csv,2245,868030c8091f1ba58bb3b0fbb887eed355ffd66b2a5c887b8e8d702602e181b8,COVERED,EMBEDDED_ZIP_MEMBER_PROCESSED,COVERED,csv_structurally_parsed_not_in_outer_dataset_catalog,NOT_APPLICABLE,NOT_APPLICABLE,NOT_APPLICABLE,NOT_APPLICABLE,,True,COVERED
COV-01406,embedded_logical_member,Omega_Corpus_Completo_2026-08-01/Omega_Corpus_Completo/datos_asociados/Geometry_Omega_Mode_Profiles_e_Continuation_v16_2026-07-31.csv,.csv,3941247,1a85f5d0bf2943618bb1d27174b75df6218d36b8d6d963caf66eee36d32bb422,COVERED,EMBEDDED_ZIP_MEMBER_PROCESSED,COVERED,csv_structurally_parsed_not_in_outer_dataset_catalog,NOT_APPLICABLE,NOT_APPLICABLE,NOT_APPLICABLE,NOT_APPLICABLE,,True,COVERED
COV-01407,embedded_logical_member,Omega_Corpus_Completo_2026-08-01/Omega_Corpus_Completo/datos_asociados/Geometry_Omega_NearestNeighbor_Expansion_v48_2026-08-01.csv,.csv,14676,715a0781d70bda6b3c1155b319ee4b4029444b7091f21cc4ef2ba79c4ccba432,COVERED,EMBEDDED_ZIP_MEMBER_PROCESSED,COVERED,csv_structurally_parsed_not_in_outer_dataset_catalog,NOT_APPLICABLE,NOT_APPLICABLE,NOT_APPLICABLE,NOT_APPLICABLE,,True,COVERED
COV-01408,embedded_logical_member,Omega_Corpus_Completo_2026-08-01/Omega_Corpus_Completo/datos_asociados/Geometry_Omega_Neutral_Mode_Search_fc0p1_v16b_2026-07-31.csv,.csv,480,ff6be55d33e904e6a75cada3b63fd9897c099041a6c937e1b778f788d6d0fdb2,COVERED,EMBEDDED_ZIP_MEMBER_PROCESSED,COVERED,csv_structurally_parsed_not_in_outer_dataset_catalog,NOT_APPLICABLE,NOT_APPLICABLE,NOT_APPLICABLE,NOT_APPLICABLE,,True,COVERED
COV-01409,embedded_logical_member,Omega_Corpus_Completo_2026-08-01/Omega_Corpus_Completo/datos_asociados/Geometry_Omega_Neutral_Selected_Mode_fc0p1_v16b_2026-07-31.csv,.csv,63969,34b52a8c916871cecbb0e208c440c9974edc123b2f1a0549f672869101b02eca,COVERED,EMBEDDED_ZIP_MEMBER_PROCESSED,COVERED,csv_structurally_parsed_not_in_outer_dataset_catalog,NOT_APPLICABLE,NOT_APPLICABLE,NOT_APPLICABLE,NOT_APPLICABLE,,True,COVERED
COV-01410,embedded_logical_member,Omega_Corpus_Completo_2026-08-01/Omega_Corpus_Completo/datos_asociados/Geometry_Omega_Neutral_fc0p1_Standardized_v17.csv,.csv,343204,c053165ff43b0f9c7c14b78df2f62e8ba9ce3f7d9ea3239ddd0fe100e2e42cc3,COVERED,EMBEDDED_ZIP_MEMBER_PROCESSED,COVERED,csv_structurally_parsed_not_in_outer_dataset_catalog,NOT_APPLICABLE,NOT_APPLICABLE,NOT_APPLICABLE,NOT_APPLICABLE,,True,COVERED
COV-01411,embedded_logical_member,Omega_Corpus_Completo_2026-08-01/Omega_Corpus_Completo/datos_asociados/Geometry_Omega_Nonlinear_Minima_Exact_v56_2026-08-01.csv,.csv,366,d1856c5fef2a3bd7188a8f31ea91c495a70e8546a8f2d2ff166b3359a46af9c3,COVERED,EMBEDDED_ZIP_MEMBER_PROCESSED,COVERED,csv_structurally_parsed_not_in_outer_dataset_catalog,NOT_APPLICABLE,NOT_APPLICABLE,NOT_APPLICABLE,NOT_APPLICABLE,,True,COVERED
COV-01412,embedded_logical_member,Omega_Corpus_Completo_2026-08-01/Omega_Corpus_Completo/datos_asociados/Geometry_Omega_Nonlinear_Minima_Scaling_v56_2026-08-01.csv,.csv,248,ee6812b6dec11d7a7c5df5b94b1fcd2e747e87c878a4f8486157af94a4d25a47,COVERED,EMBEDDED_ZIP_MEMBER_PROCESSED,COVERED,csv_structurally_parsed_not_in_outer_dataset_catalog,NOT_APPLICABLE,NOT_APPLICABLE,NOT_APPLICABLE,NOT_APPLICABLE,,True,COVERED
COV-01413,embedded_logical_member,Omega_Corpus_Completo_2026-08-01/Omega_Corpus_Completo/datos_asociados/Geometry_Omega_Operador_Canonico_v25.yaml,.yaml,837,934efc395203b3050a6fd6825cd9a2d02b8a4a6b8df5cbe227d024ed465563d2,COVERED,EMBEDDED_ZIP_MEMBER_PROCESSED,COVERED,yaml_parsed,NOT_APPLICABLE,NOT_APPLICABLE,NOT_APPLICABLE,NOT_APPLICABLE,,True,COVERED
COV-01414,embedded_logical_member,Omega_Corpus_Completo_2026-08-01/Omega_Corpus_Completo/datos_asociados/Geometry_Omega_Pauli_Algebra_Checks_v42_2026-08-01.csv,.csv,244,4559649e454167c6aed5d7461ed88c917f2d8c221342fdac2986c575e57e3b35,COVERED,EMBEDDED_ZIP_MEMBER_PROCESSED,COVERED,csv_structurally_parsed_not_in_outer_dataset_catalog,NOT_APPLICABLE,NOT_APPLICABLE,NOT_APPLICABLE,NOT_APPLICABLE,,True,COVERED
COV-01415,embedded_logical_member,Omega_Corpus_Completo_2026-08-01/Omega_Corpus_Completo/datos_asociados/Geometry_Omega_Phase_Conditions_v59_2026-08-01.csv,.csv,341,b7be6f739d02c1f71302146bf94a5cb292388c8d7bc6469514134eb90801036b,COVERED,EMBEDDED_ZIP_MEMBER_PROCESSED,COVERED,csv_structurally_parsed_not_in_outer_dataset_catalog,NOT_APPLICABLE,NOT_APPLICABLE,NOT_APPLICABLE,NOT_APPLICABLE,,True,COVERED
COV-01416,embedded_logical_member,Omega_Corpus_Completo_2026-08-01/Omega_Corpus_Completo/datos_asociados/Geometry_Omega_Plegamientos_Metricas_v39_2026-08-01.csv,.csv,783,82e2683b34a4f4d1acbd0d310e30f10431595d0c5d41fc192af0818b507ee3c0,COVERED,EMBEDDED_ZIP_MEMBER_PROCESSED,COVERED,csv_structurally_parsed_not_in_outer_dataset_catalog,NOT_APPLICABLE,NOT_APPLICABLE,NOT_APPLICABLE,NOT_APPLICABLE,,True,COVERED
COV-01417,embedded_logical_member,Omega_Corpus_Completo_2026-08-01/Omega_Corpus_Completo/datos_asociados/Geometry_Omega_Potencial_Entropico_v46_2026-08-01.csv,.csv,6847,ba8d6d2e3026388d7393a4530ee72be174a35234d179f789ee483207c3f976f8,COVERED,EMBEDDED_ZIP_MEMBER_PROCESSED,COVERED,csv_structurally_parsed_not_in_outer_dataset_catalog,NOT_APPLICABLE,NOT_APPLICABLE,NOT_APPLICABLE,NOT_APPLICABLE,,True,COVERED
COV-01418,embedded_logical_member,Omega_Corpus_Completo_2026-08-01/Omega_Corpus_Completo/datos_asociados/Geometry_Omega_PseudoArclength_FirstStep_Summary_v21_2026-07-31.csv,.csv,201,1fb0cfec593b703355a57d55e5aeb2e2372f1135c2bbafbfedaa091334d94d01,COVERED,EMBEDDED_ZIP_MEMBER_PROCESSED,COVERED,csv_structurally_parsed_not_in_outer_dataset_catalog,NOT_APPLICABLE,NOT_APPLICABLE,NOT_APPLICABLE,NOT_APPLICABLE,,True,COVERED
COV-01419,embedded_logical_member,Omega_Corpus_Completo_2026-08-01/Omega_Corpus_Completo/datos_asociados/Geometry_Omega_PseudoArclength_Transformed_v21_2026-07-31.csv,.csv,184,f0d1a3d3d2da1edbe99e8da044d3f47486f1c13a3b655f739d89234e311de37d,COVERED,EMBEDDED_ZIP_MEMBER_PROCESSED,COVERED,csv_structurally_parsed_not_in_outer_dataset_catalog,NOT_APPLICABLE,NOT_APPLICABLE,NOT_APPLICABLE,NOT_APPLICABLE,,True,COVERED
COV-01420,embedded_logical_member,Omega_Corpus_Completo_2026-08-01/Omega_Corpus_Completo/datos_asociados/Geometry_Omega_Rango_Efectivo_MonteCarlo_v44_2026-08-01.csv,.csv,139973,b1b5b94abf4518740ba4acb2aa25e3a65f10723103bda2fd0dbb12ac98363dac,COVERED,EMBEDDED_ZIP_MEMBER_PROCESSED,COVERED,csv_structurally_parsed_not_in_outer_dataset_catalog,NOT_APPLICABLE,NOT_APPLICABLE,NOT_APPLICABLE,NOT_APPLICABLE,,True,COVERED
COV-01421,embedded_logical_member,Omega_Corpus_Completo_2026-08-01/Omega_Corpus_Completo/datos_asociados/Geometry_Omega_Rango_Efectivo_Resumen_v44_2026-08-01.csv,.csv,1416,d9dbda34648e190cb87b14b16917b7b0bd723d6e68bea394d666cafa50d8f076,COVERED,EMBEDDED_ZIP_MEMBER_PROCESSED,COVERED,csv_structurally_parsed_not_in_outer_dataset_catalog,NOT_APPLICABLE,NOT_APPLICABLE,NOT_APPLICABLE,NOT_APPLICABLE,,True,COVERED
COV-01422,embedded_logical_member,Omega_Corpus_Completo_2026-08-01/Omega_Corpus_Completo/datos_asociados/Geometry_Omega_Rango_Optimo_Costo_v44_2026-08-01.csv,.csv,18545,e0a46953cc2a8d538f96f29513c898721039b89f97519a59d09941683d690719,COVERED,EMBEDDED_ZIP_MEMBER_PROCESSED,COVERED,csv_structurally_parsed_not_in_outer_dataset_catalog,NOT_APPLICABLE,NOT_APPLICABLE,NOT_APPLICABLE,NOT_APPLICABLE,,True,COVERED
COV-01423,embedded_logical_member,Omega_Corpus_Completo_2026-08-01/Omega_Corpus_Completo/datos_asociados/Geometry_Omega_Relational_Inertia_Phases_v60_2026-08-01.csv,.csv,332772,9e36d9329e38584bcd4788ae5be1d0b8cbc9bd7bb4eafebcc765e8f00e3df0b1,COVERED,EMBEDDED_ZIP_MEMBER_PROCESSED,COVERED,csv_structurally_parsed_not_in_outer_dataset_catalog,NOT_APPLICABLE,NOT_APPLICABLE,NOT_APPLICABLE,NOT_APPLICABLE,,True,COVERED
COV-01424,embedded_logical_member,Omega_Corpus_Completo_2026-08-01/Omega_Corpus_Completo/datos_asociados/Geometry_Omega_Relational_Inertia_Relations_v60_2026-08-01.csv,.csv,259,09187900245aee1f5030e587ca812834ae69d9ac262967f61a591c340f686c76,COVERED,EMBEDDED_ZIP_MEMBER_PROCESSED,COVERED,csv_structurally_parsed_not_in_outer_dataset_catalog,NOT_APPLICABLE,NOT_APPLICABLE,NOT_APPLICABLE,NOT_APPLICABLE,,True,COVERED
COV-01425,embedded_logical_member,Omega_Corpus_Completo_2026-08-01/Omega_Corpus_Completo/datos_asociados/Geometry_Omega_Relational_Inertia_Scaling_v60_2026-08-01.csv,.csv,996,66b84c4ae10f9260d8aaaeb9948b3c6e5621c98e0ab5ad2c742d275068fd8ee5,COVERED,EMBEDDED_ZIP_MEMBER_PROCESSED,COVERED,csv_structurally_parsed_not_in_outer_dataset_catalog,NOT_APPLICABLE,NOT_APPLICABLE,NOT_APPLICABLE,NOT_APPLICABLE,,True,COVERED
COV-01426,embedded_logical_member,Omega_Corpus_Completo_2026-08-01/Omega_Corpus_Completo/datos_asociados/Geometry_Omega_Sectores_1_3_5_v45_2026-08-01.csv,.csv,136,23463bb3348eb120cd8ef921511fb4cca1ba639c8def37dda0d81f5405ce5bdd,COVERED,EMBEDDED_ZIP_MEMBER_PROCESSED,COVERED,csv_structurally_parsed_not_in_outer_dataset_catalog,NOT_APPLICABLE,NOT_APPLICABLE,NOT_APPLICABLE,NOT_APPLICABLE,,True,COVERED
COV-01427,embedded_logical_member,Omega_Corpus_Completo_2026-08-01/Omega_Corpus_Completo/datos_asociados/Geometry_Omega_Seleccion_Dimension_Fase_v39_2026-08-01.csv,.csv,95050,9ccb8827a6ed830556f31609b7b93efb2871c4ad49a6b5f10d88cbfc2278071f,COVERED,EMBEDDED_ZIP_MEMBER_PROCESSED,COVERED,csv_structurally_parsed_not_in_outer_dataset_catalog,NOT_APPLICABLE,NOT_APPLICABLE,NOT_APPLICABLE,NOT_APPLICABLE,,True,COVERED
COV-01428,embedded_logical_member,Omega_Corpus_Completo_2026-08-01/Omega_Corpus_Completo/datos_asociados/Geometry_Omega_Selected_Mode_Continuation_e_v16c_2026-07-31.csv,.csv,1160,ef1e4bbe96f01b884e7e824ae4fdc35fd0f0d4f7f40a43bfba437057256930dd,COVERED,EMBEDDED_ZIP_MEMBER_PROCESSED,COVERED,csv_structurally_parsed_not_in_outer_dataset_catalog,NOT_APPLICABLE,NOT_APPLICABLE,NOT_APPLICABLE,NOT_APPLICABLE,,True,COVERED
COV-01429,embedded_logical_member,Omega_Corpus_Completo_2026-08-01/Omega_Corpus_Completo/datos_asociados/Geometry_Omega_Selected_Mode_Profiles_e_v16c_2026-07-31.csv,.csv,602134,da12127e75f4543f0a3c3d8e76dea6c4bf0c7eaf67eddc5a990813ca81c15f34,COVERED,EMBEDDED_ZIP_MEMBER_PROCESSED,COVERED,csv_structurally_parsed_not_in_outer_dataset_catalog,NOT_APPLICABLE,NOT_APPLICABLE,NOT_APPLICABLE,NOT_APPLICABLE,,True,COVERED
COV-01430,embedded_logical_member,Omega_Corpus_Completo_2026-08-01/Omega_Corpus_Completo/datos_asociados/Geometry_Omega_Semigroup_Amplification_v49_2026-08-01.csv,.csv,1076,2db9d2da95695da026ad495262cc39e47e94b9c121fdb8fd38ca37ad951d7bd9,COVERED,EMBEDDED_ZIP_MEMBER_PROCESSED,COVERED,csv_structurally_parsed_not_in_outer_dataset_catalog,NOT_APPLICABLE,NOT_APPLICABLE,NOT_APPLICABLE,NOT_APPLICABLE,,True,COVERED
COV-01431,embedded_logical_member,Omega_Corpus_Completo_2026-08-01/Omega_Corpus_Completo/datos_asociados/Geometry_Omega_Static_Tangent_Operator_Check_v23_2026-07-31.csv,.csv,4437,5f6456c5d5a34afe9bf782a53a889d5cc6d1c4350facee47665e45cdc4e98568,COVERED,EMBEDDED_ZIP_MEMBER_PROCESSED,COVERED,csv_structurally_parsed_not_in_outer_dataset_catalog,NOT_APPLICABLE,NOT_APPLICABLE,NOT_APPLICABLE,NOT_APPLICABLE,,True,COVERED
COV-01432,embedded_logical_member,Omega_Corpus_Completo_2026-08-01/Omega_Corpus_Completo/datos_asociados/Geometry_Omega_Static_Tangent_Profiles_v23_2026-07-31.csv,.csv,2128537,9b1c45fe72cf038c871040fadb41636fe66a53b6b318bdcc2743267168ad57ad,COVERED,EMBEDDED_ZIP_MEMBER_PROCESSED,COVERED,csv_structurally_parsed_not_in_outer_dataset_catalog,NOT_APPLICABLE,NOT_APPLICABLE,NOT_APPLICABLE,NOT_APPLICABLE,,True,COVERED
COV-01433,embedded_logical_member,Omega_Corpus_Completo_2026-08-01/Omega_Corpus_Completo/datos_asociados/Geometry_Omega_Symbolic_Verifier_v13_2026-07-31.py,.py,1649,1069695438e99023b8dce64a50a178f17c21160765c490d4654a8769fc4a665e,COVERED,EMBEDDED_ZIP_MEMBER_PROCESSED,COVERED,python_ast_and_compile_checked,NOT_APPLICABLE,NOT_APPLICABLE,NOT_APPLICABLE,execution_failed,code_status=execution_failed,True,COVERED_WITH_NEGATIVE_OR_LIMITATION
COV-01434,embedded_logical_member,Omega_Corpus_Completo_2026-08-01/Omega_Corpus_Completo/datos_asociados/Geometry_Omega_Three_Scenarios_Scaling_v58_2026-08-01.csv,.csv,2775,67d8d1da270061519059619f76cb87fc05a4eb6f519ef514477d087e13ca0e9d,COVERED,EMBEDDED_ZIP_MEMBER_PROCESSED,COVERED,csv_structurally_parsed_not_in_outer_dataset_catalog,NOT_APPLICABLE,NOT_APPLICABLE,NOT_APPLICABLE,NOT_APPLICABLE,,True,COVERED
COV-01435,embedded_logical_member,Omega_Corpus_Completo_2026-08-01/Omega_Corpus_Completo/datos_asociados/Geometry_Omega_Three_Scenarios_ScoreTotals_v58_2026-08-01.csv,.csv,125,6ad1d2db9b1799e55ef3aa9a65369c3289249203fe78b9b9829e455aab0aca9a,COVERED,EMBEDDED_ZIP_MEMBER_PROCESSED,COVERED,csv_structurally_parsed_not_in_outer_dataset_catalog,NOT_APPLICABLE,NOT_APPLICABLE,NOT_APPLICABLE,NOT_APPLICABLE,,True,COVERED
COV-01436,embedded_logical_member,Omega_Corpus_Completo_2026-08-01/Omega_Corpus_Completo/datos_asociados/Geometry_Omega_Three_Scenarios_Scorecard_v58_2026-08-01.csv,.csv,369,74d2596ca741cb05be3c1a7e63ec98f3a94f6c68fb4d1cec5a9d89a7c275db4f,COVERED,EMBEDDED_ZIP_MEMBER_PROCESSED,COVERED,csv_structurally_parsed_not_in_outer_dataset_catalog,NOT_APPLICABLE,NOT_APPLICABLE,NOT_APPLICABLE,NOT_APPLICABLE,,True,COVERED
COV-01437,embedded_logical_member,Omega_Corpus_Completo_2026-08-01/Omega_Corpus_Completo/datos_asociados/Geometry_Omega_Three_Scenarios_Spectra_v58_2026-08-01.csv,.csv,10265,cca93e388e60f11f92fa3e3f9ca8a7513ec90705155d0ea2d78160f2c7bb9ca0,COVERED,EMBEDDED_ZIP_MEMBER_PROCESSED,COVERED,csv_structurally_parsed_not_in_outer_dataset_catalog,NOT_APPLICABLE,NOT_APPLICABLE,NOT_APPLICABLE,NOT_APPLICABLE,,True,COVERED
COV-01438,embedded_logical_member,Omega_Corpus_Completo_2026-08-01/Omega_Corpus_Completo/datos_asociados/Geometry_Omega_Tiempo_Emergente_Trajectory_v49_2026-08-01.csv,.csv,247702,b2cb1ddb52006c2d1b19f2bf74b1fb2205135596bf1cf47df5d6c8be44e23d7c,COVERED,EMBEDDED_ZIP_MEMBER_PROCESSED,COVERED,csv_structurally_parsed_not_in_outer_dataset_catalog,NOT_APPLICABLE,NOT_APPLICABLE,NOT_APPLICABLE,NOT_APPLICABLE,,True,COVERED
COV-01439,embedded_logical_member,Omega_Corpus_Completo_2026-08-01/Omega_Corpus_Completo/datos_asociados/Geometry_Omega_Unified_Asymptotic_Fits_v59_2026-08-01.csv,.csv,725,f5115f36dc0724202248e60cb2defc59c69e5042198710d6a5ce5c640d0ca021,COVERED,EMBEDDED_ZIP_MEMBER_PROCESSED,COVERED,csv_structurally_parsed_not_in_outer_dataset_catalog,NOT_APPLICABLE,NOT_APPLICABLE,NOT_APPLICABLE,NOT_APPLICABLE,,True,COVERED
COV-01440,embedded_logical_member,Omega_Corpus_Completo_2026-08-01/Omega_Corpus_Completo/datos_asociados/Geometry_Omega_Unified_Mobility_Locking_v59_2026-08-01.csv,.csv,90421,564c6c218e107c2ebd4542c3dd9b65074f6f3bad247071321ceed022443039eb,COVERED,EMBEDDED_ZIP_MEMBER_PROCESSED,COVERED,csv_structurally_parsed_not_in_outer_dataset_catalog,NOT_APPLICABLE,NOT_APPLICABLE,NOT_APPLICABLE,NOT_APPLICABLE,,True,COVERED
COV-01441,embedded_logical_member,Omega_Corpus_Completo_2026-08-01/Omega_Corpus_Completo/datos_asociados/Geometry_Omega_background_branch_corrected_2026-07-31.csv,.csv,6682,4cf9a13a6a3166fd296c8eac6dffec69b854df7418bad1ef9d35134450b4243e,COVERED,EMBEDDED_ZIP_MEMBER_PROCESSED,COVERED,csv_structurally_parsed_not_in_outer_dataset_catalog,NOT_APPLICABLE,NOT_APPLICABLE,NOT_APPLICABLE,NOT_APPLICABLE,,True,COVERED
COV-01442,embedded_logical_member,Omega_Corpus_Completo_2026-08-01/Omega_Corpus_Completo/datos_asociados/Geometry_Omega_background_branch_corrected_2026-07-31.json,.json,13748,7fba07aec6a4dce5d8fcf4cc1ccfa7b229b116fae8cbf6c5380ab20779c559cf,COVERED,EMBEDDED_ZIP_MEMBER_PROCESSED,COVERED,json_parsed,NOT_APPLICABLE,NOT_APPLICABLE,NOT_APPLICABLE,NOT_APPLICABLE,,True,COVERED
COV-01443,embedded_logical_member,Omega_Corpus_Completo_2026-08-01/Omega_Corpus_Completo/datos_asociados/Geometry_Omega_background_continuation_solver_2026-07-31.py,.py,2508,c4573389d495102f4041d373a21b16eecfd8c11e1bd39abf8bf2641e591b317f,COVERED,EMBEDDED_ZIP_MEMBER_PROCESSED,COVERED,python_ast_and_compile_checked,NOT_APPLICABLE,NOT_APPLICABLE,NOT_APPLICABLE,executed_successfully,,True,COVERED
COV-01444,embedded_logical_member,Omega_Corpus_Completo_2026-08-01/Omega_Corpus_Completo/datos_asociados/Geometry_Omega_branch_profiles_v6.csv,.csv,19807,b9a2d88b6b3beaa203ccb1b466f1ccea70a72176d9726264bfaed01f34afa66b,COVERED,EMBEDDED_ZIP_MEMBER_PROCESSED,COVERED,csv_structurally_parsed_not_in_outer_dataset_catalog,NOT_APPLICABLE,NOT_APPLICABLE,NOT_APPLICABLE,NOT_APPLICABLE,,True,COVERED
COV-01445,embedded_logical_member,Omega_Corpus_Completo_2026-08-01/Omega_Corpus_Completo/datos_asociados/Geometry_Omega_critical_points_R99_v6.csv,.csv,432,d5a3ad6368c9420ea9710c17b127dbffaa8bb2b1335693c6f155ecc8b9bafe72,COVERED,EMBEDDED_ZIP_MEMBER_PROCESSED,COVERED,csv_structurally_parsed_not_in_outer_dataset_catalog,NOT_APPLICABLE,NOT_APPLICABLE,NOT_APPLICABLE,NOT_APPLICABLE,,True,COVERED
COV-01446,embedded_logical_member,Omega_Corpus_Completo_2026-08-01/Omega_Corpus_Completo/datos_asociados/Geometry_Omega_critical_points_stability_2026-07-31.csv,.csv,472,70548993df01793695e8022d7fbcaac3419f96d5c2afacdbb582cfa7e6605d6a,COVERED,EMBEDDED_ZIP_MEMBER_PROCESSED,COVERED,csv_structurally_parsed_not_in_outer_dataset_catalog,NOT_APPLICABLE,NOT_APPLICABLE,NOT_APPLICABLE,NOT_APPLICABLE,,True,COVERED
COV-01447,embedded_logical_member,Omega_Corpus_Completo_2026-08-01/Omega_Corpus_Completo/datos_asociados/Geometry_Omega_pulsation_solver_preliminary_v6_2026-07-31.py,.py,2971,5785a026722f750dd20f9c9f0d083f6f4eea1c25ac6ebeeed229f6e133cdf535,COVERED,EMBEDDED_ZIP_MEMBER_PROCESSED,COVERED,python_ast_and_compile_checked,NOT_APPLICABLE,NOT_APPLICABLE,NOT_APPLICABLE,executed_successfully,,True,COVERED
COV-01448,embedded_logical_member,Omega_Corpus_Completo_2026-08-01/Omega_Corpus_Completo/datos_asociados/Geometry_Omega_saturated_direct_modes_v6.csv,.csv,572,1939fa703620da9ae8af9d28abfe999b4a8f573672e0fb7dc1a80546982755f2,COVERED,EMBEDDED_ZIP_MEMBER_PROCESSED,COVERED,csv_structurally_parsed_not_in_outer_dataset_catalog,NOT_APPLICABLE,NOT_APPLICABLE,NOT_APPLICABLE,NOT_APPLICABLE,,True,COVERED
COV-01449,embedded_logical_member,Omega_Corpus_Completo_2026-08-01/Omega_Corpus_Completo/datos_asociados/Geometry_Omega_saturated_profile_fc_0p9998_2026-07-31.csv,.csv,276678,ef786527fc8dcf91714584c7fae7e8bea0c8cc12b7b2d2799736382bdda9d329,COVERED,EMBEDDED_ZIP_MEMBER_PROCESSED,COVERED,csv_structurally_parsed_not_in_outer_dataset_catalog,NOT_APPLICABLE,NOT_APPLICABLE,NOT_APPLICABLE,NOT_APPLICABLE,,True,COVERED
COV-01450,embedded_logical_member,Omega_Corpus_Completo_2026-08-01/Omega_Corpus_Completo/originales_markdown/Geometry_Omega_Accesibilidad_y_Rango_3_v44_2026-08-01.md,.md,12354,4f2fe5c6c29ee4e3946c9309c810a86169f241e49da88a74cc78b66a93defabe,COVERED,EMBEDDED_ZIP_MEMBER_PROCESSED,COVERED,markdown_blocks=213,embedded_markdown_segmented,claim_candidates_classified=113,NOT_APPLICABLE,NOT_APPLICABLE,,True,COVERED
COV-01451,embedded_logical_member,Omega_Corpus_Completo_2026-08-01/Omega_Corpus_Completo/originales_markdown/Geometry_Omega_Accion_Cuadratica_Canonica_v24_2026-07-31.md,.md,7525,b83a4e26bc02922d97b6a73e588a30f6acebe0ebd4b754b5ab31e225d40c50f7,COVERED,EMBEDDED_ZIP_MEMBER_PROCESSED,COVERED,markdown_blocks=157,embedded_markdown_segmented,claim_candidates_classified=85,NOT_APPLICABLE,NOT_APPLICABLE,,True,COVERED
COV-01452,embedded_logical_member,Omega_Corpus_Completo_2026-08-01/Omega_Corpus_Completo/originales_markdown/Geometry_Omega_BVP_Cargado_Adimensional_v14_2026-07-31.md,.md,7237,672020e8821aaaad4e275dea6ed7fe9883d5173587e0becde71bac4c72c3b354,COVERED,EMBEDDED_ZIP_MEMBER_PROCESSED,COVERED,markdown_blocks=138,embedded_markdown_segmented,claim_candidates_classified=66,NOT_APPLICABLE,NOT_APPLICABLE,,True,COVERED
COV-01453,embedded_logical_member,Omega_Corpus_Completo_2026-08-01/Omega_Corpus_Completo/originales_markdown/Geometry_Omega_Brecha_Espectral_y_Existencia_v37_2026-08-01.md,.md,5058,65dbd602f486d3f7cb3587acb4556ddf6009e17d0c4bcc8a901dbef72d7d5d3b,COVERED,EMBEDDED_ZIP_MEMBER_PROCESSED,COVERED,markdown_blocks=58,embedded_markdown_segmented,claim_candidates_classified=28,NOT_APPLICABLE,NOT_APPLICABLE,,True,COVERED
COV-01454,embedded_logical_member,Omega_Corpus_Completo_2026-08-01/Omega_Corpus_Completo/originales_markdown/Geometry_Omega_Canales_Cuanticos_Dimension_v41_2026-08-01.md,.md,14809,f2ab82603bb7cfaae03cb3ab4ea9c0417d17c34d3a44ffd8e1d7ace1fe2cd287,COVERED,EMBEDDED_ZIP_MEMBER_PROCESSED,COVERED,markdown_blocks=203,embedded_markdown_segmented,claim_candidates_classified=118,NOT_APPLICABLE,NOT_APPLICABLE,,True,COVERED
COV-01455,embedded_logical_member,Omega_Corpus_Completo_2026-08-01/Omega_Corpus_Completo/originales_markdown/Geometry_Omega_Ciclos_y_Seleccion_Dimensional_v40_2026-08-01.md,.md,11842,ad50b33d152705fac479176ba73da87c5e47966111987685d4a3c6cc4ddb07dd,COVERED,EMBEDDED_ZIP_MEMBER_PROCESSED,COVERED,markdown_blocks=167,embedded_markdown_segmented,claim_candidates_classified=99,NOT_APPLICABLE,NOT_APPLICABLE,,True,COVERED
COV-01456,embedded_logical_member,Omega_Corpus_Completo_2026-08-01/Omega_Corpus_Completo/originales_markdown/Geometry_Omega_Cierre_Ciclos_Integrabilidad_v43_2026-08-01.md,.md,10812,34b8a49ec7eb9e5c9fbcbcb54f16c413ee9157c4cbede1fa7f84b7dba794cbfc,COVERED,EMBEDDED_ZIP_MEMBER_PROCESSED,COVERED,markdown_blocks=174,embedded_markdown_segmented,claim_candidates_classified=107,NOT_APPLICABLE,NOT_APPLICABLE,,True,COVERED
COV-01457,embedded_logical_member,Omega_Corpus_Completo_2026-08-01/Omega_Corpus_Completo/originales_markdown/Geometry_Omega_Clasificacion_Puntos_Criticos_v5_2026-07-31.md,.md,4661,4920e3dcf50b982fd2161ea08bfbdee4b12edbf0365faa30658f33c2267ae5cb,COVERED,EMBEDDED_ZIP_MEMBER_PROCESSED,COVERED,markdown_blocks=83,embedded_markdown_segmented,claim_candidates_classified=37,NOT_APPLICABLE,NOT_APPLICABLE,,True,COVERED
COV-01458,embedded_logical_member,Omega_Corpus_Completo_2026-08-01/Omega_Corpus_Completo/originales_markdown/Geometry_Omega_Colapso_Conservativo_Sin_Rebote_v51_2026-08-01.md,.md,15961,3d3165f94b331f9ad92f27914f527312638da6426bfbf13e17f1d7614790727d,COVERED,EMBEDDED_ZIP_MEMBER_PROCESSED,COVERED,markdown_blocks=246,embedded_markdown_segmented,claim_candidates_classified=144,NOT_APPLICABLE,NOT_APPLICABLE,,True,COVERED
COV-01459,embedded_logical_member,Omega_Corpus_Completo_2026-08-01/Omega_Corpus_Completo/originales_markdown/Geometry_Omega_Composicion_Potencialidad_v29_2026-07-31.md,.md,12243,ad5ea298342b3a388738b88928e972f4ddbe115ab153329c415781bbbd4e29ae,COVERED,EMBEDDED_ZIP_MEMBER_PROCESSED,COVERED,markdown_blocks=256,embedded_markdown_segmented,claim_candidates_classified=142,NOT_APPLICABLE,NOT_APPLICABLE,,True,COVERED
COV-01460,embedded_logical_member,Omega_Corpus_Completo_2026-08-01/Omega_Corpus_Completo/originales_markdown/Geometry_Omega_Configuraciones_Isoenergeticas_v31_2026-07-31.md,.md,11419,5882e82e0f8b1a7444cc1a71994176b94f47af9ce317508c63acedc35f65b7b2,COVERED,EMBEDDED_ZIP_MEMBER_PROCESSED,COVERED,markdown_blocks=228,embedded_markdown_segmented,claim_candidates_classified=129,NOT_APPLICABLE,NOT_APPLICABLE,,True,COVERED
COV-01461,embedded_logical_member,Omega_Corpus_Completo_2026-08-01/Omega_Corpus_Completo/originales_markdown/Geometry_Omega_Continuacion_Carga_Diagnostico_v16_2026-07-31.md,.md,4850,52d7c91ecc9236e5f0847944bfa5e7d5f2ab6dfca802616692ef77678d140f57,COVERED,EMBEDDED_ZIP_MEMBER_PROCESSED,COVERED,markdown_blocks=77,embedded_markdown_segmented,claim_candidates_classified=43,NOT_APPLICABLE,NOT_APPLICABLE,,True,COVERED
COV-01462,embedded_logical_member,Omega_Corpus_Completo_2026-08-01/Omega_Corpus_Completo/originales_markdown/Geometry_Omega_Control_Neutro_Cargado_v15_2026-07-31.md,.md,6727,0a9516b5a87028abc5b3e946ba7bf0157491c522d1fe727ce0cc50f06dc8d564,COVERED,EMBEDDED_ZIP_MEMBER_PROCESSED,COVERED,markdown_blocks=102,embedded_markdown_segmented,claim_candidates_classified=49,NOT_APPLICABLE,NOT_APPLICABLE,,True,COVERED
COV-01463,embedded_logical_member,Omega_Corpus_Completo_2026-08-01/Omega_Corpus_Completo/originales_markdown/Geometry_Omega_Descomposicion_Relacional_1_3_5_v45_2026-08-01.md,.md,10365,802b7d0c56b9efe227abe542b4c9f8b23b2b640c88b83349aed259d675ad29c8,COVERED,EMBEDDED_ZIP_MEMBER_PROCESSED,COVERED,markdown_blocks=224,embedded_markdown_segmented,claim_candidates_classified=121,NOT_APPLICABLE,NOT_APPLICABLE,,True,COVERED
COV-01464,embedded_logical_member,Omega_Corpus_Completo_2026-08-01/Omega_Corpus_Completo/originales_markdown/Geometry_Omega_Diagnostico_Adaptativo_v20_2026-07-31.md,.md,3375,a73d379abece2f86d3032863e1995e2f430f5700c2f345835a5d62a2517d024d,COVERED,EMBEDDED_ZIP_MEMBER_PROCESSED,COVERED,markdown_blocks=59,embedded_markdown_segmented,claim_candidates_classified=29,NOT_APPLICABLE,NOT_APPLICABLE,,True,COVERED
COV-01465,embedded_logical_member,Omega_Corpus_Completo_2026-08-01/Omega_Corpus_Completo/originales_markdown/Geometry_Omega_Diagnostico_Pseudolongitud_v21_2026-07-31.md,.md,6871,bc777f9869373ea2d55100e33cd45542af0d8570392deb86ae54e6a6fcae8008,COVERED,EMBEDDED_ZIP_MEMBER_PROCESSED,COVERED,markdown_blocks=130,embedded_markdown_segmented,claim_candidates_classified=70,NOT_APPLICABLE,NOT_APPLICABLE,,True,COVERED
COV-01466,embedded_logical_member,Omega_Corpus_Completo_2026-08-01/Omega_Corpus_Completo/originales_markdown/Geometry_Omega_Dimension_Interna_Minima_v33_2026-07-31.md,.md,12991,ea145a12cce9f15218485ee33bbb39e9cd6ae30470deb305ca48c8a0987c694e,COVERED,EMBEDDED_ZIP_MEMBER_PROCESSED,COVERED,markdown_blocks=196,embedded_markdown_segmented,claim_candidates_classified=123,NOT_APPLICABLE,NOT_APPLICABLE,,True,COVERED
COV-01467,embedded_logical_member,Omega_Corpus_Completo_2026-08-01/Omega_Corpus_Completo/originales_markdown/Geometry_Omega_Documento_Maestro_Congelado_v8_2026-07-31.md,.md,83396,9ad0153e6367c177bbb87821b632c427f0be1b931e0f6ab1c049c340b3138f45,COVERED,EMBEDDED_ZIP_MEMBER_PROCESSED,COVERED,markdown_blocks=1361,embedded_markdown_segmented,claim_candidates_classified=678,NOT_APPLICABLE,NOT_APPLICABLE,,True,COVERED
COV-01468,embedded_logical_member,Omega_Corpus_Completo_2026-08-01/Omega_Corpus_Completo/originales_markdown/Geometry_Omega_Emision_Microcanonica_y_Temperatura_v52_2026-08-01.md,.md,15046,e46ffb5fd2bb9b0a69daa152251271a6a40b91ecbec0b486594512a593720ea2,COVERED,EMBEDDED_ZIP_MEMBER_PROCESSED,COVERED,markdown_blocks=264,embedded_markdown_segmented,claim_candidates_classified=132,NOT_APPLICABLE,NOT_APPLICABLE,,True,COVERED
COV-01469,embedded_logical_member,Omega_Corpus_Completo_2026-08-01/Omega_Corpus_Completo/originales_markdown/Geometry_Omega_Entropia_Geometrica_y_Ley_Area_v53_2026-08-01.md,.md,15904,ba7a389cab637b22e0c59f775d812391165df4b084bced2339921512c644f274,COVERED,EMBEDDED_ZIP_MEMBER_PROCESSED,COVERED,markdown_blocks=293,embedded_markdown_segmented,claim_candidates_classified=158,NOT_APPLICABLE,NOT_APPLICABLE,,True,COVERED
COV-01470,embedded_logical_member,Omega_Corpus_Completo_2026-08-01/Omega_Corpus_Completo/originales_markdown/Geometry_Omega_Equivalencia_Dinamica_y_Duda_Ontologica_v57_2026-08-01.md,.md,13692,3832c93576662b9e098bfe3836929273b2fc96d4743303cbd758a86df0b92f39,COVERED,EMBEDDED_ZIP_MEMBER_PROCESSED,COVERED,markdown_blocks=190,embedded_markdown_segmented,claim_candidates_classified=121,NOT_APPLICABLE,NOT_APPLICABLE,,True,COVERED
COV-01471,embedded_logical_member,Omega_Corpus_Completo_2026-08-01/Omega_Corpus_Completo/originales_markdown/Geometry_Omega_Espectro_Radial_Preliminar_v6_2026-07-31.md,.md,5896,aece0335d0d38c245b698d850eed57d0753bbfbdb37f93cc067833abd768e5ba,COVERED,EMBEDDED_ZIP_MEMBER_PROCESSED,COVERED,markdown_blocks=79,embedded_markdown_segmented,claim_candidates_classified=37,NOT_APPLICABLE,NOT_APPLICABLE,,True,COVERED
COV-01472,embedded_logical_member,Omega_Corpus_Completo_2026-08-01/Omega_Corpus_Completo/originales_markdown/Geometry_Omega_Estabilidad_Radial_Registro_v3_2026-07-31.md,.md,10744,85291e57964e11dbb544d859f82c3b50f15c5a4bc2f713d05d147b8d5f96d5f4,COVERED,EMBEDDED_ZIP_MEMBER_PROCESSED,COVERED,markdown_blocks=179,embedded_markdown_segmented,claim_candidates_classified=88,NOT_APPLICABLE,NOT_APPLICABLE,,True,COVERED
COV-01473,embedded_logical_member,Omega_Corpus_Completo_2026-08-01/Omega_Corpus_Completo/originales_markdown/Geometry_Omega_Estructura_Relacional_Completa_v27_2026-07-31.md,.md,10840,36964c042e916cb7017f4d9f461dce1a6c97bd67b89e853a4eefa294c7cca867,COVERED,EMBEDDED_ZIP_MEMBER_PROCESSED,COVERED,markdown_blocks=171,embedded_markdown_segmented,claim_candidates_classified=105,NOT_APPLICABLE,NOT_APPLICABLE,,True,COVERED
COV-01474,embedded_logical_member,Omega_Corpus_Completo_2026-08-01/Omega_Corpus_Completo/originales_markdown/Geometry_Omega_Existencia_y_Saturacion_v36_2026-08-01.md,.md,10819,8578907f621870928f059f4c7cc23f49918954f217b83d276aff65583634d334,COVERED,EMBEDDED_ZIP_MEMBER_PROCESSED,COVERED,markdown_blocks=240,embedded_markdown_segmented,claim_candidates_classified=124,NOT_APPLICABLE,NOT_APPLICABLE,,True,COVERED
COV-01475,embedded_logical_member,Omega_Corpus_Completo_2026-08-01/Omega_Corpus_Completo/originales_markdown/Geometry_Omega_Expansion_Kernel_y_Dispersion_v48_2026-08-01.md,.md,10121,8f6940c41345346cf76d614e45d8db119af03f1f6b95572ed6bbae52d06104fc,COVERED,EMBEDDED_ZIP_MEMBER_PROCESSED,COVERED,markdown_blocks=191,embedded_markdown_segmented,claim_candidates_classified=104,NOT_APPLICABLE,NOT_APPLICABLE,,True,COVERED
COV-01476,embedded_logical_member,Omega_Corpus_Completo_2026-08-01/Omega_Corpus_Completo/originales_markdown/Geometry_Omega_Extension_Abeliana_v9_2026-07-31.md,.md,8274,74595b23e90eae0b3e50290f98abb289b51b71d487b6ce1c178a17429b295717,COVERED,EMBEDDED_ZIP_MEMBER_PROCESSED,COVERED,markdown_blocks=78,embedded_markdown_segmented,claim_candidates_classified=23,NOT_APPLICABLE,NOT_APPLICABLE,,True,COVERED
COV-01477,embedded_logical_member,Omega_Corpus_Completo_2026-08-01/Omega_Corpus_Completo/originales_markdown/Geometry_Omega_Frozen_Report_2026-07-31.md,.md,5082,c804e951b70e190cabb6710633fc840665e2e09caba93fcb2b80fbbe60776585,COVERED,EMBEDDED_ZIP_MEMBER_PROCESSED,COVERED,markdown_blocks=95,embedded_markdown_segmented,claim_candidates_classified=49,NOT_APPLICABLE,NOT_APPLICABLE,,True,COVERED
COV-01478,embedded_logical_member,Omega_Corpus_Completo_2026-08-01/Omega_Corpus_Completo/originales_markdown/Geometry_Omega_Funcional_Cuadratico_v46_2026-08-01.md,.md,14999,2282ab10e5f705e6b61b3187ac029f814f653bf8a7de3f94fb1934616b30b783,COVERED,EMBEDDED_ZIP_MEMBER_PROCESSED,COVERED,markdown_blocks=268,embedded_markdown_segmented,claim_candidates_classified=155,NOT_APPLICABLE,NOT_APPLICABLE,,True,COVERED
COV-01479,embedded_logical_member,Omega_Corpus_Completo_2026-08-01/Omega_Corpus_Completo/originales_markdown/Geometry_Omega_Generacion_2_Congelado_2026-07-31.md,.md,4292,33435eed24d727a976a7bb09b38607b4127367b12560050874a1ad53398978f1,COVERED,EMBEDDED_ZIP_MEMBER_PROCESSED,COVERED,markdown_blocks=73,embedded_markdown_segmented,claim_candidates_classified=31,NOT_APPLICABLE,NOT_APPLICABLE,,True,COVERED
COV-01480,embedded_logical_member,Omega_Corpus_Completo_2026-08-01/Omega_Corpus_Completo/originales_markdown/Geometry_Omega_Hamiltoniano_Interno_v34_2026-07-31.md,.md,13312,6c4283289a3f4b6c9ec77d79928506679e14a72056712853583519785e8fb11b,COVERED,EMBEDDED_ZIP_MEMBER_PROCESSED,COVERED,markdown_blocks=208,embedded_markdown_segmented,claim_candidates_classified=125,NOT_APPLICABLE,NOT_APPLICABLE,,True,COVERED
COV-01481,embedded_logical_member,Omega_Corpus_Completo_2026-08-01/Omega_Corpus_Completo/originales_markdown/Geometry_Omega_Hilo_Fractal_Prueba_Destruccion_v38_2026-08-01.md,.md,14879,09a339dd7ca885d96f979616bf4c11fe85a1c7208df3359aefcdc51d4052d322,COVERED,EMBEDDED_ZIP_MEMBER_PROCESSED,COVERED,markdown_blocks=257,embedded_markdown_segmented,claim_candidates_classified=151,NOT_APPLICABLE,NOT_APPLICABLE,,True,COVERED
COV-01482,embedded_logical_member,Omega_Corpus_Completo_2026-08-01/Omega_Corpus_Completo/originales_markdown/Geometry_Omega_Inercia_Relacional_y_Tres_Fases_v60_2026-08-01.md,.md,13261,bae72f95dc27e0876be28d11997c1dfa51d882563fc9a1c85bb8b5df0172a44d,COVERED,EMBEDDED_ZIP_MEMBER_PROCESSED,COVERED,markdown_blocks=248,embedded_markdown_segmented,claim_candidates_classified=143,NOT_APPLICABLE,NOT_APPLICABLE,,True,COVERED
COV-01483,embedded_logical_member,Omega_Corpus_Completo_2026-08-01/Omega_Corpus_Completo/originales_markdown/Geometry_Omega_Modo_Cargado_Conservativo_v19_2026-07-31.md,.md,11089,7c082626ef436375312f20c840aea91227f8e65385e09786399ec040dbb3957f,COVERED,EMBEDDED_ZIP_MEMBER_PROCESSED,COVERED,markdown_blocks=135,embedded_markdown_segmented,claim_candidates_classified=74,NOT_APPLICABLE,NOT_APPLICABLE,,True,COVERED
COV-01484,embedded_logical_member,Omega_Corpus_Completo_2026-08-01/Omega_Corpus_Completo/originales_markdown/Geometry_Omega_Modos_Cero_Estaticos_Cargados_v23_2026-07-31.md,.md,12156,82302fde331928e6f33ffbda7840ce98a163c65550f89f783ec101066fc4e675,COVERED,EMBEDDED_ZIP_MEMBER_PROCESSED,COVERED,markdown_blocks=114,embedded_markdown_segmented,claim_candidates_classified=68,NOT_APPLICABLE,NOT_APPLICABLE,,True,COVERED
COV-01485,embedded_logical_member,Omega_Corpus_Completo_2026-08-01/Omega_Corpus_Completo/originales_markdown/Geometry_Omega_Modos_Red_Relacional_v26_2026-07-31.md,.md,4747,1663967b887b75d5c5f6f13d3a58cf2f21847919bad3f6d7e244e3a6e73156e2,COVERED,EMBEDDED_ZIP_MEMBER_PROCESSED,COVERED,markdown_blocks=78,embedded_markdown_segmented,claim_candidates_classified=35,NOT_APPLICABLE,NOT_APPLICABLE,,True,COVERED
COV-01486,embedded_logical_member,Omega_Corpus_Completo_2026-08-01/Omega_Corpus_Completo/originales_markdown/Geometry_Omega_Movilidad_y_Bloqueo_Unificado_v59_2026-08-01.md,.md,14375,a850b40a509fcffb903139e3686488aff740729d18499cf9bf8c25d92a001c23,COVERED,EMBEDDED_ZIP_MEMBER_PROCESSED,COVERED,markdown_blocks=240,embedded_markdown_segmented,claim_candidates_classified=143,NOT_APPLICABLE,NOT_APPLICABLE,,True,COVERED
COV-01487,embedded_logical_member,Omega_Corpus_Completo_2026-08-01/Omega_Corpus_Completo/originales_markdown/Geometry_Omega_NoLinealidad_y_Degeneracion_v56_2026-08-01.md,.md,15038,10c208d2fd4c0fc0c101c8b1f20633d547c44bb9fbfe264d091b01b0cc528a22,COVERED,EMBEDDED_ZIP_MEMBER_PROCESSED,COVERED,markdown_blocks=226,embedded_markdown_segmented,claim_candidates_classified=138,NOT_APPLICABLE,NOT_APPLICABLE,,True,COVERED
COV-01488,embedded_logical_member,Omega_Corpus_Completo_2026-08-01/Omega_Corpus_Completo/originales_markdown/Geometry_Omega_Operador_Canonico_Gravitatorio_v25_2026-07-31.md,.md,10021,4333707643043198374e4616fa7aa643b338acc6c7506c37c0f4c0e95848d794,COVERED,EMBEDDED_ZIP_MEMBER_PROCESSED,COVERED,markdown_blocks=206,embedded_markdown_segmented,claim_candidates_classified=105,NOT_APPLICABLE,NOT_APPLICABLE,,True,COVERED
COV-01489,embedded_logical_member,Omega_Corpus_Completo_2026-08-01/Omega_Corpus_Completo/originales_markdown/Geometry_Omega_Operador_Cargado_Completo_v13_2026-07-31.md,.md,10900,fb06f5f79751c2487e4ff9d14355468c356c8a65860f7d549ba85b271dad024d,COVERED,EMBEDDED_ZIP_MEMBER_PROCESSED,COVERED,markdown_blocks=193,embedded_markdown_segmented,claim_candidates_classified=79,NOT_APPLICABLE,NOT_APPLICABLE,,True,COVERED
COV-01490,embedded_logical_member,Omega_Corpus_Completo_2026-08-01/Omega_Corpus_Completo/originales_markdown/Geometry_Omega_Operador_Cargado_Gauge_Invariante_v12_2026-07-31.md,.md,10304,ceda84e715c15b990fb1d8795d62381285026d9c517d8ca585191af84be6f781,COVERED,EMBEDDED_ZIP_MEMBER_PROCESSED,COVERED,markdown_blocks=195,embedded_markdown_segmented,claim_candidates_classified=98,NOT_APPLICABLE,NOT_APPLICABLE,,True,COVERED
COV-01491,embedded_logical_member,Omega_Corpus_Completo_2026-08-01/Omega_Corpus_Completo/originales_markdown/Geometry_Omega_Operador_Compatibilidad_y_Area_v55_2026-08-01.md,.md,14325,ecff42c67ac3f47fd7847301c9d5145c4e8f699017132959256e0fda969647c1,COVERED,EMBEDDED_ZIP_MEMBER_PROCESSED,COVERED,markdown_blocks=265,embedded_markdown_segmented,claim_candidates_classified=160,NOT_APPLICABLE,NOT_APPLICABLE,,True,COVERED
COV-01492,embedded_logical_member,Omega_Corpus_Completo_2026-08-01/Omega_Corpus_Completo/originales_markdown/Geometry_Omega_Operador_Transiciones_v32_2026-07-31.md,.md,13084,8abb798be66b7d8cee488af3d226c591ac849094d51ad97525dbeea074c187af,COVERED,EMBEDDED_ZIP_MEMBER_PROCESSED,COVERED,markdown_blocks=223,embedded_markdown_segmented,claim_candidates_classified=138,NOT_APPLICABLE,NOT_APPLICABLE,,True,COVERED
COV-01493,embedded_logical_member,Omega_Corpus_Completo_2026-08-01/Omega_Corpus_Completo/originales_markdown/Geometry_Omega_Optimizacion_Relacional_v39_2026-08-01.md,.md,13688,d1c9f7aa005f9763c77e6677046cc76409aa733fd6ade375e20b8569789d1833,COVERED,EMBEDDED_ZIP_MEMBER_PROCESSED,COVERED,markdown_blocks=218,embedded_markdown_segmented,claim_candidates_classified=135,NOT_APPLICABLE,NOT_APPLICABLE,,True,COVERED
COV-01494,embedded_logical_member,Omega_Corpus_Completo_2026-08-01/Omega_Corpus_Completo/originales_markdown/Geometry_Omega_Programa_Demostracion_Ley_Area_v54_2026-08-01.md,.md,12891,e24675e7d5395ed0dea78214d8f44a62902500ea9b3e4ad5bc4af8d17f341240,COVERED,EMBEDDED_ZIP_MEMBER_PROCESSED,COVERED,markdown_blocks=247,embedded_markdown_segmented,claim_candidates_classified=138,NOT_APPLICABLE,NOT_APPLICABLE,,True,COVERED
COV-01495,embedded_logical_member,Omega_Corpus_Completo_2026-08-01/Omega_Corpus_Completo/originales_markdown/Geometry_Omega_Quiralidad_Bloqueo_v35_2026-07-31.md,.md,12039,e6edb7ce053abc15dcfec7fb952683538de826151047d6069e81c18b252b1733,COVERED,EMBEDDED_ZIP_MEMBER_PROCESSED,COVERED,markdown_blocks=222,embedded_markdown_segmented,claim_candidates_classified=139,NOT_APPLICABLE,NOT_APPLICABLE,,True,COVERED
COV-01496,embedded_logical_member,Omega_Corpus_Completo_2026-08-01/Omega_Corpus_Completo/originales_markdown/Geometry_Omega_Ramas_Cargadas_v10_2026-07-31.md,.md,6571,6edb0dbbbc655d0776e4d3addb7dc71a10cfef86852e37c0b8abc435e4f69c6e,COVERED,EMBEDDED_ZIP_MEMBER_PROCESSED,COVERED,markdown_blocks=105,embedded_markdown_segmented,claim_candidates_classified=61,NOT_APPLICABLE,NOT_APPLICABLE,,True,COVERED
COV-01497,embedded_logical_member,Omega_Corpus_Completo_2026-08-01/Omega_Corpus_Completo/originales_markdown/Geometry_Omega_Reconstruccion_Fondo_v4_2026-07-31.md,.md,4026,4bdb3ea33f36f2104dc0d61279809f780b830e83a58117aa5d445f17790a0a25,COVERED,EMBEDDED_ZIP_MEMBER_PROCESSED,COVERED,markdown_blocks=58,embedded_markdown_segmented,claim_candidates_classified=29,NOT_APPLICABLE,NOT_APPLICABLE,,True,COVERED
COV-01498,embedded_logical_member,Omega_Corpus_Completo_2026-08-01/Omega_Corpus_Completo/originales_markdown/Geometry_Omega_Relacion_Binaria_y_3D_v42_2026-08-01.md,.md,12843,59b346a6f158880cfecb06b874a4bd0984d01b74c6700fc5ad2ac16dd66d3924,COVERED,EMBEDDED_ZIP_MEMBER_PROCESSED,COVERED,markdown_blocks=216,embedded_markdown_segmented,claim_candidates_classified=131,NOT_APPLICABLE,NOT_APPLICABLE,,True,COVERED
COV-01499,embedded_logical_member,Omega_Corpus_Completo_2026-08-01/Omega_Corpus_Completo/originales_markdown/Geometry_Omega_Tensor_Restriccion_v30_2026-07-31.md,.md,12080,29ee6d09cd03c7e5dda6a7d8a1917669903609a61120786eb16d1ac7d9c63a93,COVERED,EMBEDDED_ZIP_MEMBER_PROCESSED,COVERED,markdown_blocks=229,embedded_markdown_segmented,claim_candidates_classified=135,NOT_APPLICABLE,NOT_APPLICABLE,,True,COVERED
COV-01500,embedded_logical_member,Omega_Corpus_Completo_2026-08-01/Omega_Corpus_Completo/originales_markdown/Geometry_Omega_Tiempo_Emergente_y_Agujero_Blanco_v49_2026-08-01.md,.md,16691,81eb35213d920b70d98380a61b994aa585117fdf476a45e3990513ed2cf32868,COVERED,EMBEDDED_ZIP_MEMBER_PROCESSED,COVERED,markdown_blocks=275,embedded_markdown_segmented,claim_candidates_classified=165,NOT_APPLICABLE,NOT_APPLICABLE,,True,COVERED
COV-01501,embedded_logical_member,Omega_Corpus_Completo_2026-08-01/Omega_Corpus_Completo/originales_markdown/Geometry_Omega_Tiempo_Reducido_Unitariedad_v50_2026-08-01.md,.md,13476,948a5717a643fcf79b5c7e4123d74698f08665a6a630a91aaedc2f8b8231cade,COVERED,EMBEDDED_ZIP_MEMBER_PROCESSED,COVERED,markdown_blocks=226,embedded_markdown_segmented,claim_candidates_classified=129,NOT_APPLICABLE,NOT_APPLICABLE,,True,COVERED
COV-01502,embedded_logical_member,Omega_Corpus_Completo_2026-08-01/Omega_Corpus_Completo/originales_markdown/Geometry_Omega_Tres_Escenarios_Nucleo_Extremo_v58_2026-08-01.md,.md,20458,f6c22ffd162835d381d41520282fec64e6e3bfea8ec9be4ddb181c9ef6df8a86,COVERED,EMBEDDED_ZIP_MEMBER_PROCESSED,COVERED,markdown_blocks=395,embedded_markdown_segmented,claim_candidates_classified=215,NOT_APPLICABLE,NOT_APPLICABLE,,True,COVERED
COV-01503,embedded_logical_member,Omega_Corpus_Completo_2026-08-01/Omega_Corpus_Completo/originales_markdown/Geometry_Omega_Vacio_Basal_Escalar_Compuesto_v28_2026-07-31.md,.md,10285,de42781b15f27b8fbe463d79266bb2490d0d9e6d0538bb76d32370bebec0ad27,COVERED,EMBEDDED_ZIP_MEMBER_PROCESSED,COVERED,markdown_blocks=197,embedded_markdown_segmented,claim_candidates_classified=108,NOT_APPLICABLE,NOT_APPLICABLE,,True,COVERED
COV-01504,embedded_logical_member,Omega_Corpus_Completo_2026-08-01/Omega_Corpus_Completo/originales_markdown/Geometry_Omega_Validacion_Conservativa_Cargada_v11_2026-07-31.md,.md,6635,3055999a54afb806374ae22d21c46b6f2a08ef7af2d8e3ea8355b054cd404ec2,COVERED,EMBEDDED_ZIP_MEMBER_PROCESSED,COVERED,markdown_blocks=97,embedded_markdown_segmented,claim_candidates_classified=48,NOT_APPLICABLE,NOT_APPLICABLE,,True,COVERED
COV-01505,embedded_logical_member,Omega_Corpus_Completo_2026-08-01/Omega_Corpus_Completo/originales_markdown/Geometry_Omega_Validacion_Modal_v7_2026-07-31.md,.md,7056,7327148a3620ccea6f7dcc5221a01a52201e3fac838da4c7e09b94cca458d618,COVERED,EMBEDDED_ZIP_MEMBER_PROCESSED,COVERED,markdown_blocks=141,embedded_markdown_segmented,claim_candidates_classified=74,NOT_APPLICABLE,NOT_APPLICABLE,,True,COVERED
COV-01506,embedded_logical_member,Omega_Corpus_Completo_2026-08-01/Omega_Corpus_Completo/originales_markdown/Geometry_Omega_Vecindad_Dinamica_y_Gravedad_v47_2026-08-01.md,.md,13744,888a56454a3f77dbc4548722846b25b5d68b1522b2350d4b95c7234ec64798c7,COVERED,EMBEDDED_ZIP_MEMBER_PROCESSED,COVERED,markdown_blocks=227,embedded_markdown_segmented,claim_candidates_classified=136,NOT_APPLICABLE,NOT_APPLICABLE,,True,COVERED
COV-01507,embedded_logical_member,Omega_Corpus_Completo_2026-08-01/Omega_Corpus_Completo/originales_markdown/Informe_Geometry_Omega_2026-07-31.md,.md,5063,c16e912c75de18846dff696de2c6aed60fa6b7837280df96845e59e200af6eca,COVERED,EMBEDDED_ZIP_MEMBER_PROCESSED,COVERED,markdown_blocks=92,embedded_markdown_segmented,claim_candidates_classified=55,NOT_APPLICABLE,NOT_APPLICABLE,,True,COVERED
COV-01508,embedded_logical_member,Omega_Master_Consolidacion/Omega_Master_Consolidacion_Completa.md,.md,3173,8defc3ecee8b0b0b3e61138e17469a258797efe8ed83a188762bca508f2df7a4,COVERED,EMBEDDED_ZIP_MEMBER_PROCESSED,COVERED,markdown_blocks=32,embedded_markdown_segmented,claim_candidates_classified=20,NOT_APPLICABLE,NOT_APPLICABLE,,True,COVERED
