record_id,record_source,normalized_state,semantic_role,package,file,line,text,evidence_layer,independence_note
NEG-CANON-0001,CATALOGO_NEGATIVOS_CANON,NEGATIVO_O_LIMITACION_DECLARADA,MENCION_METODOLOGICA_O_DE_INDICE,GEOMETRY_OMEGA_TEORIA_COMPLETA_V1_0,90_FUENTES_INTEGRAS/GEOMETRY_OMEGA_TEORIA_COMPLETA_V1_0/GEOMETRY_OMEGA_TEORIA_COMPLETA_V1_0/00_INICIO/00_LEEME.md,9,"1. **Núcleo canónico actual:** conceptos que sobrevivieron a la auditoría. 2. **Resultados demostrados dentro de modelos:** válidos bajo los ansätze y condiciones indicados. 3. **Hipótesis y programas abiertos:** todavía no derivados. 4. **Historia y resultados negativos:** rutas abandonadas, corregidas o refutadas.",DOCUMENTO_DEL_PAQUETE,OCURRENCIA; PUEDE_DUPLICAR_OTRA_FUENTE
NEG-CANON-0002,CATALOGO_NEGATIVOS_CANON,NEGATIVO_O_LIMITACION_DECLARADA,MENCION_METODOLOGICA_O_DE_INDICE,GEOMETRY_OMEGA_TEORIA_COMPLETA_V1_0,90_FUENTES_INTEGRAS/GEOMETRY_OMEGA_TEORIA_COMPLETA_V1_0/GEOMETRY_OMEGA_TEORIA_COMPLETA_V1_0/00_INICIO/00_LEEME.md,16,- Ontología canónica. - Axiomas mínimos provisionales. - Formalismo y ecuaciones clave. - Catálogo automático de ecuaciones de todos los Markdown canónicos. - Mapa de derivaciones y dependencias. - Base maestra de validaciones numéricas. - Parámetros y condiciones de prueba. - Fenomenología de decaimiento alfa. - Resultados negativos y correcciones. - Problemas abiertos y programa prioritario. - Auditorías completas. - Fuentes originales deduplicadas. - Código y materiales de reproducibilidad.,DOCUMENTO_DEL_PAQUETE,OCURRENCIA; PUEDE_DUPLICAR_OTRA_FUENTE
NEG-CANON-0003,CATALOGO_NEGATIVOS_CANON,NEGATIVO_O_LIMITACION_DECLARADA,NEGATIVO_LIMITACION_O_NO_DERIVACION_SUSTANTIVA_DECLARADA,GEOMETRY_OMEGA_TEORIA_COMPLETA_V1_0,90_FUENTES_INTEGRAS/GEOMETRY_OMEGA_TEORIA_COMPLETA_V1_0/GEOMETRY_OMEGA_TEORIA_COMPLETA_V1_0/00_INICIO/00_LEEME.md,34,- `CANÓNICO`: definición o principio actual. - `DERIVADO_EN_MODELO`: demostrado bajo un modelo concreto. - `APOYADO_NUMÉRICAMENTE`: respaldado por pruebas computacionales. - `HIPÓTESIS`: propuesta aún no derivada. - `REFUTADO/SUPERADO`: no debe usarse como parte vigente de la teoría.,DOCUMENTO_DEL_PAQUETE,OCURRENCIA; PUEDE_DUPLICAR_OTRA_FUENTE
NEG-CANON-0004,CATALOGO_NEGATIVOS_CANON,NEGATIVO_O_LIMITACION_DECLARADA,OCURRENCIA_EN_AGREGADO_NO_INDEPENDIENTE,GEOMETRY_OMEGA_TEORIA_COMPLETA_V1_0,90_FUENTES_INTEGRAS/GEOMETRY_OMEGA_TEORIA_COMPLETA_V1_0/GEOMETRY_OMEGA_TEORIA_COMPLETA_V1_0/02_FORMALISMO_MATEMATICO/03_CATALOGO_TODAS_ECUACIONES_EXTRAIDAS.md,42095,"\[ \boxed{ \text{III realiza la intuición de una “partícula cuántica macroscópica”, pero requiere protección adicional que todavía no se ha derivado}. } \]",AGREGADO_DERIVADO_CATALOGO,OCURRENCIA; PUEDE_DUPLICAR_OTRA_FUENTE
NEG-CANON-0005,CATALOGO_NEGATIVOS_CANON,NEGATIVO_O_LIMITACION_DECLARADA,OCURRENCIA_EN_AGREGADO_NO_INDEPENDIENTE,GEOMETRY_OMEGA_TEORIA_COMPLETA_V1_0,90_FUENTES_INTEGRAS/GEOMETRY_OMEGA_TEORIA_COMPLETA_V1_0/GEOMETRY_OMEGA_TEORIA_COMPLETA_V1_0/02_FORMALISMO_MATEMATICO/03_CATALOGO_TODAS_ECUACIONES_EXTRAIDAS.md,59325,**Fecha:** 2026-07-31 **Versión:** 33.0 **Estado:** se obtienen cotas mínimas desde la ontología y una selección condicional de \(SU(3)\) y \(SU(2)\). No se ha derivado todavía el Modelo Estándar completo.,AGREGADO_DERIVADO_CATALOGO,OCURRENCIA; PUEDE_DUPLICAR_OTRA_FUENTE
NEG-CANON-0006,CATALOGO_NEGATIVOS_CANON,NEGATIVO_O_LIMITACION_DECLARADA,OCURRENCIA_EN_AGREGADO_NO_INDEPENDIENTE,GEOMETRY_OMEGA_TEORIA_COMPLETA_V1_0,90_FUENTES_INTEGRAS/GEOMETRY_OMEGA_TEORIA_COMPLETA_V1_0/GEOMETRY_OMEGA_TEORIA_COMPLETA_V1_0/02_FORMALISMO_MATEMATICO/03_CATALOGO_TODAS_ECUACIONES_EXTRAIDAS.md,74392,"\[ \boxed{ \text{III realiza la intuición de una “partícula cuántica macroscópica”, pero requiere protección adicional que todavía no se ha derivado}. } \]",AGREGADO_DERIVADO_CATALOGO,OCURRENCIA; PUEDE_DUPLICAR_OTRA_FUENTE
NEG-CANON-0007,CATALOGO_NEGATIVOS_CANON,NEGATIVO_O_LIMITACION_DECLARADA,MENCION_METODOLOGICA_O_DE_INDICE,GEOMETRY_OMEGA_TEORIA_COMPLETA_V1_0,90_FUENTES_INTEGRAS/GEOMETRY_OMEGA_TEORIA_COMPLETA_V1_0/GEOMETRY_OMEGA_TEORIA_COMPLETA_V1_0/04_VALIDACION_NUMERICA/00_GUIA_VALIDACIONES.md,9,- bloque/documento/versión; - modelo o rama; - pregunta probada; - método; - parámetros; - resultado; - precisión o residuo cuando existe; - estatus; - archivo fuente; - limitación.,DOCUMENTO_DEL_PAQUETE,OCURRENCIA; PUEDE_DUPLICAR_OTRA_FUENTE
NEG-CANON-0008,CATALOGO_NEGATIVOS_CANON,NEGATIVO_O_LIMITACION_DECLARADA,ENCABEZADO_O_MENCION_BREVE,GEOMETRY_OMEGA_TEORIA_COMPLETA_V1_0,90_FUENTES_INTEGRAS/GEOMETRY_OMEGA_TEORIA_COMPLETA_V1_0/GEOMETRY_OMEGA_TEORIA_COMPLETA_V1_0/05_RESULTADOS_NEGATIVOS_Y_CORRECCIONES/00_SINTESIS.md,1,# Síntesis de resultados negativos,DOCUMENTO_DEL_PAQUETE,OCURRENCIA; PUEDE_DUPLICAR_OTRA_FUENTE
NEG-CANON-0009,CATALOGO_NEGATIVOS_CANON,NEGATIVO_O_LIMITACION_DECLARADA,ENCABEZADO_O_MENCION_BREVE,GEOMETRY_OMEGA_TEORIA_COMPLETA_V1_0,90_FUENTES_INTEGRAS/GEOMETRY_OMEGA_TEORIA_COMPLETA_V1_0/GEOMETRY_OMEGA_TEORIA_COMPLETA_V1_0/06_FENOMENOLOGIA/ALFA_DATOS/Geometry_Omega_Derivacion_Restriccion_Alfa_v68_2026-08-02.md,632,### No se ha derivado el perfil \(f(\ell)\),DOCUMENTO_DEL_PAQUETE,OCURRENCIA; PUEDE_DUPLICAR_OTRA_FUENTE
NEG-CANON-0010,CATALOGO_NEGATIVOS_CANON,NEGATIVO_O_LIMITACION_DECLARADA,NEGATIVO_LIMITACION_O_NO_DERIVACION_SUSTANTIVA_DECLARADA,GEOMETRY_OMEGA_TEORIA_COMPLETA_V1_0,90_FUENTES_INTEGRAS/GEOMETRY_OMEGA_TEORIA_COMPLETA_V1_0/GEOMETRY_OMEGA_TEORIA_COMPLETA_V1_0/06_FENOMENOLOGIA/ALFA_DATOS/Geometry_Omega_Derivacion_Restriccion_Alfa_v68_2026-08-02.md,638,No se ha derivado la carga desde las relaciones orientadas.,DOCUMENTO_DEL_PAQUETE,OCURRENCIA; PUEDE_DUPLICAR_OTRA_FUENTE
NEG-CANON-0011,CATALOGO_NEGATIVOS_CANON,NEGATIVO_O_LIMITACION_DECLARADA,NEGATIVO_LIMITACION_O_NO_DERIVACION_SUSTANTIVA_DECLARADA,GEOMETRY_OMEGA_TEORIA_COMPLETA_V1_0,90_FUENTES_INTEGRAS/GEOMETRY_OMEGA_TEORIA_COMPLETA_V1_0/GEOMETRY_OMEGA_TEORIA_COMPLETA_V1_0/08_HISTORIA_Y_EVOLUCION/00_INFORME_MAESTRO_OMEGA_0_90.md,72,"El mayor valor de esta etapa es metodológico: desarrolla control de ramas, condiciones de frontera, estabilidad, conservación y continuidad numérica. Su mayor limitación es que la interpretación ontológica se superpone a una teoría efectiva ya conocida.",DOCUMENTO_DEL_PAQUETE,OCURRENCIA; PUEDE_DUPLICAR_OTRA_FUENTE
NEG-CANON-0012,CATALOGO_NEGATIVOS_CANON,NEGATIVO_O_LIMITACION_DECLARADA,MENCION_METODOLOGICA_O_DE_INDICE,GEOMETRY_OMEGA_TEORIA_COMPLETA_V1_0,90_FUENTES_INTEGRAS/GEOMETRY_OMEGA_TEORIA_COMPLETA_V1_0/GEOMETRY_OMEGA_TEORIA_COMPLETA_V1_0/09_AUDITORIAS_COMPLETAS/OMEGA_AUDITORIA_FASE_0/00_LEEME_FASE_0.md,71,- objetivo; - ontología; - ecuaciones; - postulados; - pruebas numéricas; - parámetros; - resultados; - residuos y controles; - limitaciones; - dependencias; - estado científico posterior.,AUDITORIA_SECUNDARIA,OCURRENCIA; PUEDE_DUPLICAR_OTRA_FUENTE
NEG-CANON-0013,CATALOGO_NEGATIVOS_CANON,NEGATIVO_O_LIMITACION_DECLARADA,NEGATIVO_LIMITACION_O_NO_DERIVACION_SUSTANTIVA_DECLARADA,GEOMETRY_OMEGA_TEORIA_COMPLETA_V1_0,90_FUENTES_INTEGRAS/GEOMETRY_OMEGA_TEORIA_COMPLETA_V1_0/GEOMETRY_OMEGA_TEORIA_COMPLETA_V1_0/09_AUDITORIAS_COMPLETAS/OMEGA_AUDITORIA_FASE_2_DOCS_11_20/03_AUDITORIAS_DOCUMENTALES/DOC_17_AUDITORIA.md,32,Resultado negativo decisivo: no sirve para estabilidad física.,AUDITORIA_SECUNDARIA,OCURRENCIA; PUEDE_DUPLICAR_OTRA_FUENTE
NEG-CANON-0014,CATALOGO_NEGATIVOS_CANON,NEGATIVO_O_LIMITACION_DECLARADA,NEGATIVO_LIMITACION_O_NO_DERIVACION_SUSTANTIVA_DECLARADA,GEOMETRY_OMEGA_TEORIA_COMPLETA_V1_0,90_FUENTES_INTEGRAS/GEOMETRY_OMEGA_TEORIA_COMPLETA_V1_0/GEOMETRY_OMEGA_TEORIA_COMPLETA_V1_0/09_AUDITORIAS_COMPLETAS/OMEGA_AUDITORIA_FASE_2_DOCS_11_20/03_AUDITORIAS_DOCUMENTALES/DOC_20_AUDITORIA.md,33,Resultado negativo útil: hay que reemplazar u/ν por variables regulares.,AUDITORIA_SECUNDARIA,OCURRENCIA; PUEDE_DUPLICAR_OTRA_FUENTE
NEG-CANON-0015,CATALOGO_NEGATIVOS_CANON,NEGATIVO_O_LIMITACION_DECLARADA,ENCABEZADO_O_MENCION_BREVE,GEOMETRY_OMEGA_TEORIA_COMPLETA_V1_0,90_FUENTES_INTEGRAS/GEOMETRY_OMEGA_TEORIA_COMPLETA_V1_0/GEOMETRY_OMEGA_TEORIA_COMPLETA_V1_0/09_AUDITORIAS_COMPLETAS/OMEGA_AUDITORIA_FASE_2_DOCS_11_20/06_ESTADO_CIENTIFICO/SINTESIS_CIENTIFICA_DOCS_11_20.md,44,## Resultado negativo central,AUDITORIA_SECUNDARIA,OCURRENCIA; PUEDE_DUPLICAR_OTRA_FUENTE
NEG-CANON-0016,CATALOGO_NEGATIVOS_CANON,NEGATIVO_O_LIMITACION_DECLARADA,MENCION_METODOLOGICA_O_DE_INDICE,GEOMETRY_OMEGA_TEORIA_COMPLETA_V1_0,90_FUENTES_INTEGRAS/GEOMETRY_OMEGA_TEORIA_COMPLETA_V1_0/GEOMETRY_OMEGA_TEORIA_COMPLETA_V1_0/09_AUDITORIAS_COMPLETAS/OMEGA_AUDITORIA_FASE_4_DOCS_31_40/00_LEEME_FASE_4.md,5,"- 10 auditorías individuales. - 68 registros numéricos/algebraicos. - Parámetros, dependencias, correcciones y preguntas abiertas. - Registro separado de resultados negativos sobre dimensión.",AUDITORIA_SECUNDARIA,OCURRENCIA; PUEDE_DUPLICAR_OTRA_FUENTE
NEG-CANON-0017,CATALOGO_NEGATIVOS_CANON,NEGATIVO_O_LIMITACION_DECLARADA,ENCABEZADO_O_MENCION_BREVE,GEOMETRY_OMEGA_TEORIA_COMPLETA_V1_0,90_FUENTES_INTEGRAS/GEOMETRY_OMEGA_TEORIA_COMPLETA_V1_0/GEOMETRY_OMEGA_TEORIA_COMPLETA_V1_0/09_AUDITORIAS_COMPLETAS/OMEGA_AUDITORIA_FASE_4_DOCS_31_40/03_AUDITORIAS_DOCUMENTALES/DOC_31_AUDITORIA.md,18,## Limitación principal,AUDITORIA_SECUNDARIA,OCURRENCIA; PUEDE_DUPLICAR_OTRA_FUENTE
NEG-CANON-0018,CATALOGO_NEGATIVOS_CANON,NEGATIVO_O_LIMITACION_DECLARADA,ENCABEZADO_O_MENCION_BREVE,GEOMETRY_OMEGA_TEORIA_COMPLETA_V1_0,90_FUENTES_INTEGRAS/GEOMETRY_OMEGA_TEORIA_COMPLETA_V1_0/GEOMETRY_OMEGA_TEORIA_COMPLETA_V1_0/09_AUDITORIAS_COMPLETAS/OMEGA_AUDITORIA_FASE_4_DOCS_31_40/03_AUDITORIAS_DOCUMENTALES/DOC_32_AUDITORIA.md,18,## Limitación principal,AUDITORIA_SECUNDARIA,OCURRENCIA; PUEDE_DUPLICAR_OTRA_FUENTE
NEG-CANON-0019,CATALOGO_NEGATIVOS_CANON,NEGATIVO_O_LIMITACION_DECLARADA,ENCABEZADO_O_MENCION_BREVE,GEOMETRY_OMEGA_TEORIA_COMPLETA_V1_0,90_FUENTES_INTEGRAS/GEOMETRY_OMEGA_TEORIA_COMPLETA_V1_0/GEOMETRY_OMEGA_TEORIA_COMPLETA_V1_0/09_AUDITORIAS_COMPLETAS/OMEGA_AUDITORIA_FASE_4_DOCS_31_40/03_AUDITORIAS_DOCUMENTALES/DOC_33_AUDITORIA.md,18,## Limitación principal,AUDITORIA_SECUNDARIA,OCURRENCIA; PUEDE_DUPLICAR_OTRA_FUENTE
NEG-CANON-0020,CATALOGO_NEGATIVOS_CANON,NEGATIVO_O_LIMITACION_DECLARADA,ENCABEZADO_O_MENCION_BREVE,GEOMETRY_OMEGA_TEORIA_COMPLETA_V1_0,90_FUENTES_INTEGRAS/GEOMETRY_OMEGA_TEORIA_COMPLETA_V1_0/GEOMETRY_OMEGA_TEORIA_COMPLETA_V1_0/09_AUDITORIAS_COMPLETAS/OMEGA_AUDITORIA_FASE_4_DOCS_31_40/03_AUDITORIAS_DOCUMENTALES/DOC_34_AUDITORIA.md,18,## Limitación principal,AUDITORIA_SECUNDARIA,OCURRENCIA; PUEDE_DUPLICAR_OTRA_FUENTE
NEG-CANON-0021,CATALOGO_NEGATIVOS_CANON,NEGATIVO_O_LIMITACION_DECLARADA,ENCABEZADO_O_MENCION_BREVE,GEOMETRY_OMEGA_TEORIA_COMPLETA_V1_0,90_FUENTES_INTEGRAS/GEOMETRY_OMEGA_TEORIA_COMPLETA_V1_0/GEOMETRY_OMEGA_TEORIA_COMPLETA_V1_0/09_AUDITORIAS_COMPLETAS/OMEGA_AUDITORIA_FASE_4_DOCS_31_40/03_AUDITORIAS_DOCUMENTALES/DOC_35_AUDITORIA.md,18,## Limitación principal,AUDITORIA_SECUNDARIA,OCURRENCIA; PUEDE_DUPLICAR_OTRA_FUENTE
NEG-CANON-0022,CATALOGO_NEGATIVOS_CANON,NEGATIVO_O_LIMITACION_DECLARADA,ENCABEZADO_O_MENCION_BREVE,GEOMETRY_OMEGA_TEORIA_COMPLETA_V1_0,90_FUENTES_INTEGRAS/GEOMETRY_OMEGA_TEORIA_COMPLETA_V1_0/GEOMETRY_OMEGA_TEORIA_COMPLETA_V1_0/09_AUDITORIAS_COMPLETAS/OMEGA_AUDITORIA_FASE_4_DOCS_31_40/03_AUDITORIAS_DOCUMENTALES/DOC_36_AUDITORIA.md,18,## Limitación principal,AUDITORIA_SECUNDARIA,OCURRENCIA; PUEDE_DUPLICAR_OTRA_FUENTE
NEG-CANON-0023,CATALOGO_NEGATIVOS_CANON,NEGATIVO_O_LIMITACION_DECLARADA,ENCABEZADO_O_MENCION_BREVE,GEOMETRY_OMEGA_TEORIA_COMPLETA_V1_0,90_FUENTES_INTEGRAS/GEOMETRY_OMEGA_TEORIA_COMPLETA_V1_0/GEOMETRY_OMEGA_TEORIA_COMPLETA_V1_0/09_AUDITORIAS_COMPLETAS/OMEGA_AUDITORIA_FASE_4_DOCS_31_40/03_AUDITORIAS_DOCUMENTALES/DOC_37_AUDITORIA.md,18,## Limitación principal,AUDITORIA_SECUNDARIA,OCURRENCIA; PUEDE_DUPLICAR_OTRA_FUENTE
NEG-CANON-0024,CATALOGO_NEGATIVOS_CANON,NEGATIVO_O_LIMITACION_DECLARADA,NEGATIVO_LIMITACION_O_NO_DERIVACION_SUSTANTIVA_DECLARADA,GEOMETRY_OMEGA_TEORIA_COMPLETA_V1_0,90_FUENTES_INTEGRAS/GEOMETRY_OMEGA_TEORIA_COMPLETA_V1_0/GEOMETRY_OMEGA_TEORIA_COMPLETA_V1_0/09_AUDITORIAS_COMPLETAS/OMEGA_AUDITORIA_FASE_4_DOCS_31_40/03_AUDITORIAS_DOCUMENTALES/DOC_37_AUDITORIA.md,24,| test_id   | model_or_branch           | question_tested                           | numerical_result                                                                                                                | current_validity_after_doc40          | caveat                                       | |:----------|:--------------------------|:------------------------------------------|:--------------------------------------------------------------------------------------------------------------------------------|:--------------------------------------|:---------------------------------------------| | N4_045    | Cadena 1D                 | Comparar plegamientos de 512 elementos    | lambda1=3.76494348e-05; tau=26560.8237; d_espectral_mediana=1.00357; d_espectral_pico=1.21264; d_volumen=0.834604; diámetro=511 | vigente como prueba negativa          |                                              | | N4_046    | Plegamiento jerárquico    | Comparar plegamientos de 512 elementos    | lambda1=2; tau=0.5; d_espectral_mediana=4.06716; d_espectral_pico=5.00568; d_volumen=2.32039; diámetro=9                        | vigente como prueba negativa          |                                              | | N4_047    | Atajos aleatorios grado≈6 | Comparar plegamientos de 512 elementos    | lambda1=0.753950865; tau=1.32634638; d_espectral_mediana=3.35795; d_espectral_pico=4.73829; d_volumen=2.92482; diámetro=7       | vigente como prueba negativa          |                                              | | N4_048    | Retículo cúbico 8×8×8     | Comparar plegamientos de 512 elementos    | lambda1=0.152240935; tau=6.56853559; d_espectral_mediana=2.57458; d_espectral_pico=2.99874; d_volumen=1.89193; diámetro=21      | vigente como prueba negativa          |                                              | | N4_049    | mapa de fase              | ¿La eficiencia relacional selecciona d=3? | conteos: d=1: 439; d=2: 632; d=3: 412; d=4: 215; d=5: 121; d=6: 87; d=7: 57; d=8: 383                                           | resultado negativo: d=3 no es robusta | Depende de una función de costo no derivada. |,AUDITORIA_SECUNDARIA,OCURRENCIA; PUEDE_DUPLICAR_OTRA_FUENTE
NEG-CANON-0025,CATALOGO_NEGATIVOS_CANON,NEGATIVO_O_LIMITACION_DECLARADA,ENCABEZADO_O_MENCION_BREVE,GEOMETRY_OMEGA_TEORIA_COMPLETA_V1_0,90_FUENTES_INTEGRAS/GEOMETRY_OMEGA_TEORIA_COMPLETA_V1_0/GEOMETRY_OMEGA_TEORIA_COMPLETA_V1_0/09_AUDITORIAS_COMPLETAS/OMEGA_AUDITORIA_FASE_4_DOCS_31_40/03_AUDITORIAS_DOCUMENTALES/DOC_38_AUDITORIA.md,18,## Limitación principal,AUDITORIA_SECUNDARIA,OCURRENCIA; PUEDE_DUPLICAR_OTRA_FUENTE
NEG-CANON-0026,CATALOGO_NEGATIVOS_CANON,NEGATIVO_O_LIMITACION_DECLARADA,NEGATIVO_LIMITACION_O_NO_DERIVACION_SUSTANTIVA_DECLARADA,GEOMETRY_OMEGA_TEORIA_COMPLETA_V1_0,90_FUENTES_INTEGRAS/GEOMETRY_OMEGA_TEORIA_COMPLETA_V1_0/GEOMETRY_OMEGA_TEORIA_COMPLETA_V1_0/09_AUDITORIAS_COMPLETAS/OMEGA_AUDITORIA_FASE_4_DOCS_31_40/03_AUDITORIAS_DOCUMENTALES/DOC_38_AUDITORIA.md,24,| test_id   | model_or_branch        | question_tested                   | numerical_result                                                 | current_validity_after_doc40           | caveat   | |:----------|:-----------------------|:----------------------------------|:-----------------------------------------------------------------|:---------------------------------------|:---------| | N4_050    | costo de ciclos        | ¿Holonomías seleccionan d=3?      | d=3 óptima en 755 puntos (2.301%); margen mediano=0.0454651      | resultado negativo: selección estrecha |          | | N4_051    | condiciones marginales | Derivar costo de añadir dimensión | El incremento de plaquetas por dimensión añadida crece como d-1. | vigente                                |          |,AUDITORIA_SECUNDARIA,OCURRENCIA; PUEDE_DUPLICAR_OTRA_FUENTE
NEG-CANON-0027,CATALOGO_NEGATIVOS_CANON,NEGATIVO_O_LIMITACION_DECLARADA,ENCABEZADO_O_MENCION_BREVE,GEOMETRY_OMEGA_TEORIA_COMPLETA_V1_0,90_FUENTES_INTEGRAS/GEOMETRY_OMEGA_TEORIA_COMPLETA_V1_0/GEOMETRY_OMEGA_TEORIA_COMPLETA_V1_0/09_AUDITORIAS_COMPLETAS/OMEGA_AUDITORIA_FASE_4_DOCS_31_40/03_AUDITORIAS_DOCUMENTALES/DOC_39_AUDITORIA.md,18,## Limitación principal,AUDITORIA_SECUNDARIA,OCURRENCIA; PUEDE_DUPLICAR_OTRA_FUENTE
NEG-CANON-0028,CATALOGO_NEGATIVOS_CANON,NEGATIVO_O_LIMITACION_DECLARADA,NEGATIVO_LIMITACION_O_NO_DERIVACION_SUSTANTIVA_DECLARADA,GEOMETRY_OMEGA_TEORIA_COMPLETA_V1_0,90_FUENTES_INTEGRAS/GEOMETRY_OMEGA_TEORIA_COMPLETA_V1_0/GEOMETRY_OMEGA_TEORIA_COMPLETA_V1_0/09_AUDITORIAS_COMPLETAS/OMEGA_AUDITORIA_FASE_4_DOCS_31_40/03_AUDITORIAS_DOCUMENTALES/DOC_39_AUDITORIA.md,24,"| test_id   | model_or_branch   | question_tested                          | numerical_result                                                                       | current_validity_after_doc40   | caveat                                       | |:----------|:------------------|:-----------------------------------------|:---------------------------------------------------------------------------------------|:-------------------------------|:---------------------------------------------| | N4_052    | grupo S3          | Contar canales gauge-inequivalentes      | en d=8: bruto=1679616; plano=7326; canales=3536; B=8.17075; fracción física=0.00210524 | vigente: B(d) casi lineal      |                                              | | N4_053    | grupo Z2          | Contar canales gauge-inequivalentes      | en d=8: bruto=256; plano=256; canales=256; B=5.54518; fracción física=1                | vigente: B(d) casi lineal      |                                              | | N4_054    | grupo Z3          | Contar canales gauge-inequivalentes      | en d=8: bruto=6561; plano=6561; canales=6561; B=8.7889; fracción física=1              | vigente: B(d) casi lineal      |                                              | | N4_055    | fase S3           | Optimizar dimensión con canales contados | d=3 óptima en 0/161; dimensiones óptimas observadas=[1, 8]                             | resultado negativo             | La optimización favorece extremos del rango. | | N4_056    | fase Z2           | Optimizar dimensión con canales contados | d=3 óptima en 0/161; dimensiones óptimas observadas=[1, 8]                             | resultado negativo             | La optimización favorece extremos del rango. | | N4_057    | fase Z3           | Optimizar dimensión con canales contados | d=3 óptima en 0/161; dimensiones óptimas observadas=[1, 8]                             | resultado negativo             | La optimización favorece extremos del rango. |",AUDITORIA_SECUNDARIA,OCURRENCIA; PUEDE_DUPLICAR_OTRA_FUENTE
NEG-CANON-0029,CATALOGO_NEGATIVOS_CANON,NEGATIVO_O_LIMITACION_DECLARADA,ENCABEZADO_O_MENCION_BREVE,GEOMETRY_OMEGA_TEORIA_COMPLETA_V1_0,90_FUENTES_INTEGRAS/GEOMETRY_OMEGA_TEORIA_COMPLETA_V1_0/GEOMETRY_OMEGA_TEORIA_COMPLETA_V1_0/09_AUDITORIAS_COMPLETAS/OMEGA_AUDITORIA_FASE_4_DOCS_31_40/03_AUDITORIAS_DOCUMENTALES/DOC_40_AUDITORIA.md,18,## Limitación principal,AUDITORIA_SECUNDARIA,OCURRENCIA; PUEDE_DUPLICAR_OTRA_FUENTE
NEG-CANON-0030,CATALOGO_NEGATIVOS_CANON,NEGATIVO_O_LIMITACION_DECLARADA,ENCABEZADO_O_MENCION_BREVE,GEOMETRY_OMEGA_TEORIA_COMPLETA_V1_0,90_FUENTES_INTEGRAS/GEOMETRY_OMEGA_TEORIA_COMPLETA_V1_0/GEOMETRY_OMEGA_TEORIA_COMPLETA_V1_0/09_AUDITORIAS_COMPLETAS/OMEGA_AUDITORIA_FASE_5_DOCS_41_50/03_AUDITORIAS_DOCUMENTALES/DOC_41_AUDITORIA.md,18,## Limitación principal,AUDITORIA_SECUNDARIA,OCURRENCIA; PUEDE_DUPLICAR_OTRA_FUENTE
NEG-CANON-0031,CATALOGO_NEGATIVOS_CANON,NEGATIVO_O_LIMITACION_DECLARADA,ENCABEZADO_O_MENCION_BREVE,GEOMETRY_OMEGA_TEORIA_COMPLETA_V1_0,90_FUENTES_INTEGRAS/GEOMETRY_OMEGA_TEORIA_COMPLETA_V1_0/GEOMETRY_OMEGA_TEORIA_COMPLETA_V1_0/09_AUDITORIAS_COMPLETAS/OMEGA_AUDITORIA_FASE_5_DOCS_41_50/03_AUDITORIAS_DOCUMENTALES/DOC_42_AUDITORIA.md,18,## Limitación principal,AUDITORIA_SECUNDARIA,OCURRENCIA; PUEDE_DUPLICAR_OTRA_FUENTE
NEG-CANON-0032,CATALOGO_NEGATIVOS_CANON,NEGATIVO_O_LIMITACION_DECLARADA,ENCABEZADO_O_MENCION_BREVE,GEOMETRY_OMEGA_TEORIA_COMPLETA_V1_0,90_FUENTES_INTEGRAS/GEOMETRY_OMEGA_TEORIA_COMPLETA_V1_0/GEOMETRY_OMEGA_TEORIA_COMPLETA_V1_0/09_AUDITORIAS_COMPLETAS/OMEGA_AUDITORIA_FASE_5_DOCS_41_50/03_AUDITORIAS_DOCUMENTALES/DOC_43_AUDITORIA.md,18,## Limitación principal,AUDITORIA_SECUNDARIA,OCURRENCIA; PUEDE_DUPLICAR_OTRA_FUENTE
NEG-CANON-0033,CATALOGO_NEGATIVOS_CANON,NEGATIVO_O_LIMITACION_DECLARADA,ENCABEZADO_O_MENCION_BREVE,GEOMETRY_OMEGA_TEORIA_COMPLETA_V1_0,90_FUENTES_INTEGRAS/GEOMETRY_OMEGA_TEORIA_COMPLETA_V1_0/GEOMETRY_OMEGA_TEORIA_COMPLETA_V1_0/09_AUDITORIAS_COMPLETAS/OMEGA_AUDITORIA_FASE_5_DOCS_41_50/03_AUDITORIAS_DOCUMENTALES/DOC_44_AUDITORIA.md,18,## Limitación principal,AUDITORIA_SECUNDARIA,OCURRENCIA; PUEDE_DUPLICAR_OTRA_FUENTE
NEG-CANON-0034,CATALOGO_NEGATIVOS_CANON,NEGATIVO_O_LIMITACION_DECLARADA,ENCABEZADO_O_MENCION_BREVE,GEOMETRY_OMEGA_TEORIA_COMPLETA_V1_0,90_FUENTES_INTEGRAS/GEOMETRY_OMEGA_TEORIA_COMPLETA_V1_0/GEOMETRY_OMEGA_TEORIA_COMPLETA_V1_0/09_AUDITORIAS_COMPLETAS/OMEGA_AUDITORIA_FASE_5_DOCS_41_50/03_AUDITORIAS_DOCUMENTALES/DOC_45_AUDITORIA.md,18,## Limitación principal,AUDITORIA_SECUNDARIA,OCURRENCIA; PUEDE_DUPLICAR_OTRA_FUENTE
NEG-CANON-0035,CATALOGO_NEGATIVOS_CANON,NEGATIVO_O_LIMITACION_DECLARADA,ENCABEZADO_O_MENCION_BREVE,GEOMETRY_OMEGA_TEORIA_COMPLETA_V1_0,90_FUENTES_INTEGRAS/GEOMETRY_OMEGA_TEORIA_COMPLETA_V1_0/GEOMETRY_OMEGA_TEORIA_COMPLETA_V1_0/09_AUDITORIAS_COMPLETAS/OMEGA_AUDITORIA_FASE_5_DOCS_41_50/03_AUDITORIAS_DOCUMENTALES/DOC_46_AUDITORIA.md,18,## Limitación principal,AUDITORIA_SECUNDARIA,OCURRENCIA; PUEDE_DUPLICAR_OTRA_FUENTE
NEG-CANON-0036,CATALOGO_NEGATIVOS_CANON,NEGATIVO_O_LIMITACION_DECLARADA,ENCABEZADO_O_MENCION_BREVE,GEOMETRY_OMEGA_TEORIA_COMPLETA_V1_0,90_FUENTES_INTEGRAS/GEOMETRY_OMEGA_TEORIA_COMPLETA_V1_0/GEOMETRY_OMEGA_TEORIA_COMPLETA_V1_0/09_AUDITORIAS_COMPLETAS/OMEGA_AUDITORIA_FASE_5_DOCS_41_50/03_AUDITORIAS_DOCUMENTALES/DOC_47_AUDITORIA.md,18,## Limitación principal,AUDITORIA_SECUNDARIA,OCURRENCIA; PUEDE_DUPLICAR_OTRA_FUENTE
NEG-CANON-0037,CATALOGO_NEGATIVOS_CANON,NEGATIVO_O_LIMITACION_DECLARADA,ENCABEZADO_O_MENCION_BREVE,GEOMETRY_OMEGA_TEORIA_COMPLETA_V1_0,90_FUENTES_INTEGRAS/GEOMETRY_OMEGA_TEORIA_COMPLETA_V1_0/GEOMETRY_OMEGA_TEORIA_COMPLETA_V1_0/09_AUDITORIAS_COMPLETAS/OMEGA_AUDITORIA_FASE_5_DOCS_41_50/03_AUDITORIAS_DOCUMENTALES/DOC_48_AUDITORIA.md,18,## Limitación principal,AUDITORIA_SECUNDARIA,OCURRENCIA; PUEDE_DUPLICAR_OTRA_FUENTE
NEG-CANON-0038,CATALOGO_NEGATIVOS_CANON,NEGATIVO_O_LIMITACION_DECLARADA,ENCABEZADO_O_MENCION_BREVE,GEOMETRY_OMEGA_TEORIA_COMPLETA_V1_0,90_FUENTES_INTEGRAS/GEOMETRY_OMEGA_TEORIA_COMPLETA_V1_0/GEOMETRY_OMEGA_TEORIA_COMPLETA_V1_0/09_AUDITORIAS_COMPLETAS/OMEGA_AUDITORIA_FASE_5_DOCS_41_50/03_AUDITORIAS_DOCUMENTALES/DOC_49_AUDITORIA.md,18,## Limitación principal,AUDITORIA_SECUNDARIA,OCURRENCIA; PUEDE_DUPLICAR_OTRA_FUENTE
NEG-CANON-0039,CATALOGO_NEGATIVOS_CANON,NEGATIVO_O_LIMITACION_DECLARADA,ENCABEZADO_O_MENCION_BREVE,GEOMETRY_OMEGA_TEORIA_COMPLETA_V1_0,90_FUENTES_INTEGRAS/GEOMETRY_OMEGA_TEORIA_COMPLETA_V1_0/GEOMETRY_OMEGA_TEORIA_COMPLETA_V1_0/09_AUDITORIAS_COMPLETAS/OMEGA_AUDITORIA_FASE_5_DOCS_41_50/03_AUDITORIAS_DOCUMENTALES/DOC_50_AUDITORIA.md,18,## Limitación principal,AUDITORIA_SECUNDARIA,OCURRENCIA; PUEDE_DUPLICAR_OTRA_FUENTE
NEG-CANON-0040,CATALOGO_NEGATIVOS_CANON,NEGATIVO_O_LIMITACION_DECLARADA,ENCABEZADO_O_MENCION_BREVE,GEOMETRY_OMEGA_TEORIA_COMPLETA_V1_0,90_FUENTES_INTEGRAS/GEOMETRY_OMEGA_TEORIA_COMPLETA_V1_0/GEOMETRY_OMEGA_TEORIA_COMPLETA_V1_0/09_AUDITORIAS_COMPLETAS/OMEGA_AUDITORIA_FASE_6_DOCS_51_58_HISTORICOS/03_AUDITORIAS_DOCUMENTALES/DOC_51_AUDITORIA_HISTORICA.md,22,## Limitación principal identificada,AUDITORIA_SECUNDARIA,OCURRENCIA; PUEDE_DUPLICAR_OTRA_FUENTE
NEG-CANON-0041,CATALOGO_NEGATIVOS_CANON,NEGATIVO_O_LIMITACION_DECLARADA,ENCABEZADO_O_MENCION_BREVE,GEOMETRY_OMEGA_TEORIA_COMPLETA_V1_0,90_FUENTES_INTEGRAS/GEOMETRY_OMEGA_TEORIA_COMPLETA_V1_0/GEOMETRY_OMEGA_TEORIA_COMPLETA_V1_0/09_AUDITORIAS_COMPLETAS/OMEGA_AUDITORIA_FASE_6_DOCS_51_58_HISTORICOS/03_AUDITORIAS_DOCUMENTALES/DOC_52_AUDITORIA_HISTORICA.md,22,## Limitación principal identificada,AUDITORIA_SECUNDARIA,OCURRENCIA; PUEDE_DUPLICAR_OTRA_FUENTE
NEG-CANON-0042,CATALOGO_NEGATIVOS_CANON,NEGATIVO_O_LIMITACION_DECLARADA,ENCABEZADO_O_MENCION_BREVE,GEOMETRY_OMEGA_TEORIA_COMPLETA_V1_0,90_FUENTES_INTEGRAS/GEOMETRY_OMEGA_TEORIA_COMPLETA_V1_0/GEOMETRY_OMEGA_TEORIA_COMPLETA_V1_0/09_AUDITORIAS_COMPLETAS/OMEGA_AUDITORIA_FASE_6_DOCS_51_58_HISTORICOS/03_AUDITORIAS_DOCUMENTALES/DOC_53_AUDITORIA_HISTORICA.md,22,## Limitación principal identificada,AUDITORIA_SECUNDARIA,OCURRENCIA; PUEDE_DUPLICAR_OTRA_FUENTE
NEG-CANON-0043,CATALOGO_NEGATIVOS_CANON,NEGATIVO_O_LIMITACION_DECLARADA,ENCABEZADO_O_MENCION_BREVE,GEOMETRY_OMEGA_TEORIA_COMPLETA_V1_0,90_FUENTES_INTEGRAS/GEOMETRY_OMEGA_TEORIA_COMPLETA_V1_0/GEOMETRY_OMEGA_TEORIA_COMPLETA_V1_0/09_AUDITORIAS_COMPLETAS/OMEGA_AUDITORIA_FASE_6_DOCS_51_58_HISTORICOS/03_AUDITORIAS_DOCUMENTALES/DOC_54_AUDITORIA_HISTORICA.md,22,## Limitación principal identificada,AUDITORIA_SECUNDARIA,OCURRENCIA; PUEDE_DUPLICAR_OTRA_FUENTE
NEG-CANON-0044,CATALOGO_NEGATIVOS_CANON,NEGATIVO_O_LIMITACION_DECLARADA,NEGATIVO_LIMITACION_O_NO_DERIVACION_SUSTANTIVA_DECLARADA,GEOMETRY_OMEGA_TEORIA_COMPLETA_V1_0,90_FUENTES_INTEGRAS/GEOMETRY_OMEGA_TEORIA_COMPLETA_V1_0/GEOMETRY_OMEGA_TEORIA_COMPLETA_V1_0/09_AUDITORIAS_COMPLETAS/OMEGA_AUDITORIA_FASE_6_DOCS_51_58_HISTORICOS/03_AUDITORIAS_DOCUMENTALES/DOC_54_AUDITORIA_HISTORICA.md,28,"| test_id   | model_or_branch          | question_tested                                       | numerical_result                                                                                                         | historical_validity_at_doc58                                                   | caveat_for_current_audit   | |:----------|:-------------------------|:------------------------------------------------------|:-------------------------------------------------------------------------------------------------------------------------|:-------------------------------------------------------------------------------|:---------------------------| | N6_011    | convexo_ferromagnetico   | Enumerar mínimos locales y estados fundamentales      | en Lmax: sitios interiores=16; mínimos locales=237; estados fundamentales=1; energía base=-60                            | demuestra degeneración metastable y, con frustración, degeneración fundamental |                            | | N6_012    | frustrado_alternante     | Enumerar mínimos locales y estados fundamentales      | en Lmax: sitios interiores=16; mínimos locales=834; estados fundamentales=95; energía base=-30                           | demuestra degeneración metastable y, con frustración, degeneración fundamental |                            | | N6_013    | convexo_ferromagnetico   | Medir si la complejidad escala con volumen o frontera | pendiente por sitio interior=0.373732; pendiente por sitio frontera=0.462091; máximo mínimos=237; máximo estados base=1  | resultado negativo para ley de área automática                                 |                            | | N6_014    | frustrado_alternante     | Medir si la complejidad escala con volumen o frontera | pendiente por sitio interior=0.419380; pendiente por sitio frontera=0.522565; máximo mínimos=834; máximo estados base=95 | resultado negativo para ley de área automática                                 |                            | | N6_015    | doble pozo independiente | Exhibir degeneración volumétrica explícita            | en L=12: log mínimos 2D=69.314718; log mínimos 3D=693.147181; sitios frontera 3D=728                                     | contraejemplo a compatibilidad local => ley de área                            |                            |",AUDITORIA_SECUNDARIA,OCURRENCIA; PUEDE_DUPLICAR_OTRA_FUENTE
NEG-CANON-0045,CATALOGO_NEGATIVOS_CANON,NEGATIVO_O_LIMITACION_DECLARADA,NEGATIVO_LIMITACION_O_NO_DERIVACION_SUSTANTIVA_DECLARADA,GEOMETRY_OMEGA_TEORIA_COMPLETA_V1_0,90_FUENTES_INTEGRAS/GEOMETRY_OMEGA_TEORIA_COMPLETA_V1_0/GEOMETRY_OMEGA_TEORIA_COMPLETA_V1_0/09_AUDITORIAS_COMPLETAS/OMEGA_AUDITORIA_FASE_6_DOCS_51_58_HISTORICOS/03_AUDITORIAS_DOCUMENTALES/DOC_54_AUDITORIA_HISTORICA.md,38,Resultado negativo decisivo: la ley de área no es automática.,AUDITORIA_SECUNDARIA,OCURRENCIA; PUEDE_DUPLICAR_OTRA_FUENTE
NEG-CANON-0046,CATALOGO_NEGATIVOS_CANON,NEGATIVO_O_LIMITACION_DECLARADA,ENCABEZADO_O_MENCION_BREVE,GEOMETRY_OMEGA_TEORIA_COMPLETA_V1_0,90_FUENTES_INTEGRAS/GEOMETRY_OMEGA_TEORIA_COMPLETA_V1_0/GEOMETRY_OMEGA_TEORIA_COMPLETA_V1_0/09_AUDITORIAS_COMPLETAS/OMEGA_AUDITORIA_FASE_6_DOCS_51_58_HISTORICOS/03_AUDITORIAS_DOCUMENTALES/DOC_55_AUDITORIA_HISTORICA.md,22,## Limitación principal identificada,AUDITORIA_SECUNDARIA,OCURRENCIA; PUEDE_DUPLICAR_OTRA_FUENTE
NEG-CANON-0047,CATALOGO_NEGATIVOS_CANON,NEGATIVO_O_LIMITACION_DECLARADA,NEGATIVO_LIMITACION_O_NO_DERIVACION_SUSTANTIVA_DECLARADA,GEOMETRY_OMEGA_TEORIA_COMPLETA_V1_0,90_FUENTES_INTEGRAS/GEOMETRY_OMEGA_TEORIA_COMPLETA_V1_0/GEOMETRY_OMEGA_TEORIA_COMPLETA_V1_0/09_AUDITORIAS_COMPLETAS/OMEGA_AUDITORIA_FASE_6_DOCS_51_58_HISTORICOS/03_AUDITORIAS_DOCUMENTALES/DOC_55_AUDITORIA_HISTORICA.md,28,"| test_id   | model_or_branch   | question_tested                                              | numerical_result                                                                                   | historical_validity_at_doc58                                                | caveat_for_current_audit   | |:----------|:------------------|:-------------------------------------------------------------|:---------------------------------------------------------------------------------------------------|:----------------------------------------------------------------------------|:---------------------------| | N6_016    | ferromagnetico    | Cocientar mínimos por equivalencia dinámica exterior         | en Lmax: mínimos brutos=237; clases exteriores=174; razón clases/mínimos=0.734177; clase mayor=8   | reduce degeneración, pero no cambia su carácter aproximadamente volumétrico |                            | | N6_017    | frustrado         | Cocientar mínimos por equivalencia dinámica exterior         | en Lmax: mínimos brutos=834; clases exteriores=745; razón clases/mínimos=0.893285; clase mayor=5   | reduce degeneración, pero no cambia su carácter aproximadamente volumétrico |                            | | N6_018    | ferromagnetico    | Ajustar crecimiento bruto y cocientado                       | bruto/volumen=0.373732; clases/volumen=0.350026; bruto/frontera=0.462091; clases/frontera=0.431723 | resultado negativo: equivalencia exterior instantánea no salva ley de área  |                            | | N6_019    | frustrado         | Ajustar crecimiento bruto y cocientado                       | bruto/volumen=0.419380; clases/volumen=0.409172; bruto/frontera=0.522565; clases/frontera=0.508142 | resultado negativo: equivalencia exterior instantánea no salva ley de área  |                            | | N6_020    | tamaños de clases | Inspeccionar distribución de microestados por clase dinámica | tamaño máximo de clase=8; mediana=1                                                                | apoya compresión parcial                                                    |                            |",AUDITORIA_SECUNDARIA,OCURRENCIA; PUEDE_DUPLICAR_OTRA_FUENTE
NEG-CANON-0048,CATALOGO_NEGATIVOS_CANON,NEGATIVO_O_LIMITACION_DECLARADA,ENCABEZADO_O_MENCION_BREVE,GEOMETRY_OMEGA_TEORIA_COMPLETA_V1_0,90_FUENTES_INTEGRAS/GEOMETRY_OMEGA_TEORIA_COMPLETA_V1_0/GEOMETRY_OMEGA_TEORIA_COMPLETA_V1_0/09_AUDITORIAS_COMPLETAS/OMEGA_AUDITORIA_FASE_6_DOCS_51_58_HISTORICOS/03_AUDITORIAS_DOCUMENTALES/DOC_56_AUDITORIA_HISTORICA.md,22,## Limitación principal identificada,AUDITORIA_SECUNDARIA,OCURRENCIA; PUEDE_DUPLICAR_OTRA_FUENTE
NEG-CANON-0049,CATALOGO_NEGATIVOS_CANON,NEGATIVO_O_LIMITACION_DECLARADA,ENCABEZADO_O_MENCION_BREVE,GEOMETRY_OMEGA_TEORIA_COMPLETA_V1_0,90_FUENTES_INTEGRAS/GEOMETRY_OMEGA_TEORIA_COMPLETA_V1_0/GEOMETRY_OMEGA_TEORIA_COMPLETA_V1_0/09_AUDITORIAS_COMPLETAS/OMEGA_AUDITORIA_FASE_6_DOCS_51_58_HISTORICOS/03_AUDITORIAS_DOCUMENTALES/DOC_57_AUDITORIA_HISTORICA.md,22,## Limitación principal identificada,AUDITORIA_SECUNDARIA,OCURRENCIA; PUEDE_DUPLICAR_OTRA_FUENTE
NEG-CANON-0050,CATALOGO_NEGATIVOS_CANON,NEGATIVO_O_LIMITACION_DECLARADA,ENCABEZADO_O_MENCION_BREVE,GEOMETRY_OMEGA_TEORIA_COMPLETA_V1_0,90_FUENTES_INTEGRAS/GEOMETRY_OMEGA_TEORIA_COMPLETA_V1_0/GEOMETRY_OMEGA_TEORIA_COMPLETA_V1_0/09_AUDITORIAS_COMPLETAS/OMEGA_AUDITORIA_FASE_6_DOCS_51_58_HISTORICOS/03_AUDITORIAS_DOCUMENTALES/DOC_58_AUDITORIA_HISTORICA.md,22,## Limitación principal identificada,AUDITORIA_SECUNDARIA,OCURRENCIA; PUEDE_DUPLICAR_OTRA_FUENTE
NEG-CANON-0051,CATALOGO_NEGATIVOS_CANON,NEGATIVO_O_LIMITACION_DECLARADA,ENCABEZADO_O_MENCION_BREVE,GEOMETRY_OMEGA_TEORIA_COMPLETA_V1_0,90_FUENTES_INTEGRAS/GEOMETRY_OMEGA_TEORIA_COMPLETA_V1_0/GEOMETRY_OMEGA_TEORIA_COMPLETA_V1_0/09_AUDITORIAS_COMPLETAS/OMEGA_AUDITORIA_MODERNA_FASE_1_V61_V69/03_AUDITORIAS_DOCUMENTALES/V61_AUDITORIA.md,18,## Limitación,AUDITORIA_SECUNDARIA,OCURRENCIA; PUEDE_DUPLICAR_OTRA_FUENTE
NEG-CANON-0052,CATALOGO_NEGATIVOS_CANON,NEGATIVO_O_LIMITACION_DECLARADA,ENCABEZADO_O_MENCION_BREVE,GEOMETRY_OMEGA_TEORIA_COMPLETA_V1_0,90_FUENTES_INTEGRAS/GEOMETRY_OMEGA_TEORIA_COMPLETA_V1_0/GEOMETRY_OMEGA_TEORIA_COMPLETA_V1_0/09_AUDITORIAS_COMPLETAS/OMEGA_AUDITORIA_MODERNA_FASE_1_V61_V69/03_AUDITORIAS_DOCUMENTALES/V62_AUDITORIA.md,18,## Limitación,AUDITORIA_SECUNDARIA,OCURRENCIA; PUEDE_DUPLICAR_OTRA_FUENTE
NEG-CANON-0053,CATALOGO_NEGATIVOS_CANON,NEGATIVO_O_LIMITACION_DECLARADA,ENCABEZADO_O_MENCION_BREVE,GEOMETRY_OMEGA_TEORIA_COMPLETA_V1_0,90_FUENTES_INTEGRAS/GEOMETRY_OMEGA_TEORIA_COMPLETA_V1_0/GEOMETRY_OMEGA_TEORIA_COMPLETA_V1_0/09_AUDITORIAS_COMPLETAS/OMEGA_AUDITORIA_MODERNA_FASE_1_V61_V69/03_AUDITORIAS_DOCUMENTALES/V63_AUDITORIA.md,18,## Limitación,AUDITORIA_SECUNDARIA,OCURRENCIA; PUEDE_DUPLICAR_OTRA_FUENTE
NEG-CANON-0054,CATALOGO_NEGATIVOS_CANON,NEGATIVO_O_LIMITACION_DECLARADA,ENCABEZADO_O_MENCION_BREVE,GEOMETRY_OMEGA_TEORIA_COMPLETA_V1_0,90_FUENTES_INTEGRAS/GEOMETRY_OMEGA_TEORIA_COMPLETA_V1_0/GEOMETRY_OMEGA_TEORIA_COMPLETA_V1_0/09_AUDITORIAS_COMPLETAS/OMEGA_AUDITORIA_MODERNA_FASE_1_V61_V69/03_AUDITORIAS_DOCUMENTALES/V64_AUDITORIA.md,18,## Limitación,AUDITORIA_SECUNDARIA,OCURRENCIA; PUEDE_DUPLICAR_OTRA_FUENTE
NEG-CANON-0055,CATALOGO_NEGATIVOS_CANON,NEGATIVO_O_LIMITACION_DECLARADA,ENCABEZADO_O_MENCION_BREVE,GEOMETRY_OMEGA_TEORIA_COMPLETA_V1_0,90_FUENTES_INTEGRAS/GEOMETRY_OMEGA_TEORIA_COMPLETA_V1_0/GEOMETRY_OMEGA_TEORIA_COMPLETA_V1_0/09_AUDITORIAS_COMPLETAS/OMEGA_AUDITORIA_MODERNA_FASE_1_V61_V69/03_AUDITORIAS_DOCUMENTALES/V65_AUDITORIA.md,18,## Limitación,AUDITORIA_SECUNDARIA,OCURRENCIA; PUEDE_DUPLICAR_OTRA_FUENTE
NEG-CANON-0056,CATALOGO_NEGATIVOS_CANON,NEGATIVO_O_LIMITACION_DECLARADA,ENCABEZADO_O_MENCION_BREVE,GEOMETRY_OMEGA_TEORIA_COMPLETA_V1_0,90_FUENTES_INTEGRAS/GEOMETRY_OMEGA_TEORIA_COMPLETA_V1_0/GEOMETRY_OMEGA_TEORIA_COMPLETA_V1_0/09_AUDITORIAS_COMPLETAS/OMEGA_AUDITORIA_MODERNA_FASE_1_V61_V69/03_AUDITORIAS_DOCUMENTALES/V66_AUDITORIA.md,18,## Limitación,AUDITORIA_SECUNDARIA,OCURRENCIA; PUEDE_DUPLICAR_OTRA_FUENTE
NEG-CANON-0057,CATALOGO_NEGATIVOS_CANON,NEGATIVO_O_LIMITACION_DECLARADA,ENCABEZADO_O_MENCION_BREVE,GEOMETRY_OMEGA_TEORIA_COMPLETA_V1_0,90_FUENTES_INTEGRAS/GEOMETRY_OMEGA_TEORIA_COMPLETA_V1_0/GEOMETRY_OMEGA_TEORIA_COMPLETA_V1_0/09_AUDITORIAS_COMPLETAS/OMEGA_AUDITORIA_MODERNA_FASE_1_V61_V69/03_AUDITORIAS_DOCUMENTALES/V67_AUDITORIA.md,18,## Limitación,AUDITORIA_SECUNDARIA,OCURRENCIA; PUEDE_DUPLICAR_OTRA_FUENTE
NEG-CANON-0058,CATALOGO_NEGATIVOS_CANON,NEGATIVO_O_LIMITACION_DECLARADA,ENCABEZADO_O_MENCION_BREVE,GEOMETRY_OMEGA_TEORIA_COMPLETA_V1_0,90_FUENTES_INTEGRAS/GEOMETRY_OMEGA_TEORIA_COMPLETA_V1_0/GEOMETRY_OMEGA_TEORIA_COMPLETA_V1_0/09_AUDITORIAS_COMPLETAS/OMEGA_AUDITORIA_MODERNA_FASE_1_V61_V69/03_AUDITORIAS_DOCUMENTALES/V68_AUDITORIA.md,18,## Limitación,AUDITORIA_SECUNDARIA,OCURRENCIA; PUEDE_DUPLICAR_OTRA_FUENTE
NEG-CANON-0059,CATALOGO_NEGATIVOS_CANON,NEGATIVO_O_LIMITACION_DECLARADA,ENCABEZADO_O_MENCION_BREVE,GEOMETRY_OMEGA_TEORIA_COMPLETA_V1_0,90_FUENTES_INTEGRAS/GEOMETRY_OMEGA_TEORIA_COMPLETA_V1_0/GEOMETRY_OMEGA_TEORIA_COMPLETA_V1_0/09_AUDITORIAS_COMPLETAS/OMEGA_AUDITORIA_MODERNA_FASE_1_V61_V69/03_AUDITORIAS_DOCUMENTALES/V69_AUDITORIA.md,18,## Limitación,AUDITORIA_SECUNDARIA,OCURRENCIA; PUEDE_DUPLICAR_OTRA_FUENTE
NEG-CANON-0060,CATALOGO_NEGATIVOS_CANON,NEGATIVO_O_LIMITACION_DECLARADA,NEGATIVO_LIMITACION_O_NO_DERIVACION_SUSTANTIVA_DECLARADA,GEOMETRY_OMEGA_TEORIA_COMPLETA_V1_0,90_FUENTES_INTEGRAS/GEOMETRY_OMEGA_TEORIA_COMPLETA_V1_0/GEOMETRY_OMEGA_TEORIA_COMPLETA_V1_0/09_AUDITORIAS_COMPLETAS/OMEGA_AUDITORIA_MODERNA_FASE_2_V70_V79/03_AUDITORIAS_DOCUMENTALES/V76_AUDITORIA_COMPLETA.md,45,Resultado negativo útil: ningún régimen único reproduce toda la conducta.,AUDITORIA_SECUNDARIA,OCURRENCIA; PUEDE_DUPLICAR_OTRA_FUENTE
NEG-CANON-0061,CATALOGO_NEGATIVOS_CANON,NEGATIVO_O_LIMITACION_DECLARADA,NEGATIVO_LIMITACION_O_NO_DERIVACION_SUSTANTIVA_DECLARADA,GEOMETRY_OMEGA_TEORIA_COMPLETA_V1_0,90_FUENTES_INTEGRAS/GEOMETRY_OMEGA_TEORIA_COMPLETA_V1_0/GEOMETRY_OMEGA_TEORIA_COMPLETA_V1_0/09_AUDITORIAS_COMPLETAS/OMEGA_AUDITORIA_MODERNA_FASE_2_V70_V79/03_AUDITORIAS_DOCUMENTALES/V79_AUDITORIA_COMPLETA.md,44,"Resultado negativo decisivo: hace falta localidad, causalidad, creación/aniquilación y composición.",AUDITORIA_SECUNDARIA,OCURRENCIA; PUEDE_DUPLICAR_OTRA_FUENTE
NEG-CANON-0062,CATALOGO_NEGATIVOS_CANON,NEGATIVO_O_LIMITACION_DECLARADA,ENCABEZADO_O_MENCION_BREVE,GEOMETRY_OMEGA_TEORIA_COMPLETA_V1_0,90_FUENTES_INTEGRAS/GEOMETRY_OMEGA_TEORIA_COMPLETA_V1_0/GEOMETRY_OMEGA_TEORIA_COMPLETA_V1_0/09_AUDITORIAS_COMPLETAS/OMEGA_AUDITORIA_MODERNA_FASE_2_V70_V79/06_ESTADO_CIENTIFICO/SINTESIS_CIENTIFICA_V70_V79.md,42,## Resultado negativo decisivo,AUDITORIA_SECUNDARIA,OCURRENCIA; PUEDE_DUPLICAR_OTRA_FUENTE
NEG-CANON-0063,CATALOGO_NEGATIVOS_CANON,NEGATIVO_O_LIMITACION_DECLARADA,NEGATIVO_LIMITACION_O_NO_DERIVACION_SUSTANTIVA_DECLARADA,GEOMETRY_OMEGA_TEORIA_COMPLETA_V1_0,90_FUENTES_INTEGRAS/GEOMETRY_OMEGA_TEORIA_COMPLETA_V1_0/GEOMETRY_OMEGA_TEORIA_COMPLETA_V1_0/09_AUDITORIAS_COMPLETAS/OMEGA_AUDITORIA_MODERNA_FASE_3_V80_V86/03_AUDITORIAS_DOCUMENTALES/V81_AUDITORIA_COMPLETA.md,45,Resultado negativo decisivo: una cadena causal finita todavía es insuficiente.,AUDITORIA_SECUNDARIA,OCURRENCIA; PUEDE_DUPLICAR_OTRA_FUENTE
NEG-CANON-0064,CATALOGO_NEGATIVOS_CANON,NEGATIVO_O_LIMITACION_DECLARADA,ENCABEZADO_O_MENCION_BREVE,GEOMETRY_OMEGA_TEORIA_COMPLETA_V1_0,90_FUENTES_INTEGRAS/GEOMETRY_OMEGA_TEORIA_COMPLETA_V1_0/GEOMETRY_OMEGA_TEORIA_COMPLETA_V1_0/09_AUDITORIAS_COMPLETAS/OMEGA_AUDITORIA_MODERNA_FASE_3_V80_V86/06_ESTADO_CIENTIFICO/SINTESIS_CIENTIFICA_V80_V86.md,41,## Resultados negativos igualmente importantes,AUDITORIA_SECUNDARIA,OCURRENCIA; PUEDE_DUPLICAR_OTRA_FUENTE
NEG-CANON-0065,CATALOGO_NEGATIVOS_CANON,NEGATIVO_O_LIMITACION_DECLARADA,ENCABEZADO_O_MENCION_BREVE,GEOMETRY_OMEGA_TEORIA_COMPLETA_V1_0,90_FUENTES_INTEGRAS/GEOMETRY_OMEGA_TEORIA_COMPLETA_V1_0/GEOMETRY_OMEGA_TEORIA_COMPLETA_V1_0/10_FUENTES_ORIGINALES/MARKDOWN/Geometry_Omega_Accesibilidad_y_Rango_3_v44_2026-08-01.md,579,## 13. Qué no se ha derivado,FUENTE_PRIMARIA_DEL_PAQUETE,OCURRENCIA; PUEDE_DUPLICAR_OTRA_FUENTE
NEG-CANON-0066,CATALOGO_NEGATIVOS_CANON,NEGATIVO_O_LIMITACION_DECLARADA,ENCABEZADO_O_MENCION_BREVE,GEOMETRY_OMEGA_TEORIA_COMPLETA_V1_0,90_FUENTES_INTEGRAS/GEOMETRY_OMEGA_TEORIA_COMPLETA_V1_0/GEOMETRY_OMEGA_TEORIA_COMPLETA_V1_0/10_FUENTES_ORIGINALES/MARKDOWN/Geometry_Omega_Clasificacion_Puntos_Criticos_v5_2026-07-31.md,228,## 7. Alcance y limitación,FUENTE_PRIMARIA_DEL_PAQUETE,OCURRENCIA; PUEDE_DUPLICAR_OTRA_FUENTE
NEG-CANON-0067,CATALOGO_NEGATIVOS_CANON,NEGATIVO_O_LIMITACION_DECLARADA,ENCABEZADO_O_MENCION_BREVE,GEOMETRY_OMEGA_TEORIA_COMPLETA_V1_0,90_FUENTES_INTEGRAS/GEOMETRY_OMEGA_TEORIA_COMPLETA_V1_0/GEOMETRY_OMEGA_TEORIA_COMPLETA_V1_0/10_FUENTES_ORIGINALES/MARKDOWN/Geometry_Omega_Conjugacion_Relacional_v85_2026-08-02.md,516,No se ha derivado todavía:,FUENTE_PRIMARIA_DEL_PAQUETE,OCURRENCIA; PUEDE_DUPLICAR_OTRA_FUENTE
NEG-CANON-0068,CATALOGO_NEGATIVOS_CANON,NEGATIVO_O_LIMITACION_DECLARADA,ENCABEZADO_O_MENCION_BREVE,GEOMETRY_OMEGA_TEORIA_COMPLETA_V1_0,90_FUENTES_INTEGRAS/GEOMETRY_OMEGA_TEORIA_COMPLETA_V1_0/GEOMETRY_OMEGA_TEORIA_COMPLETA_V1_0/10_FUENTES_ORIGINALES/MARKDOWN/Geometry_Omega_Derivacion_Restriccion_Alfa_v68_2026-08-02.md,632,### No se ha derivado el perfil \(f(\ell)\),FUENTE_PRIMARIA_DEL_PAQUETE,OCURRENCIA; PUEDE_DUPLICAR_OTRA_FUENTE
NEG-CANON-0069,CATALOGO_NEGATIVOS_CANON,NEGATIVO_O_LIMITACION_DECLARADA,NEGATIVO_LIMITACION_O_NO_DERIVACION_SUSTANTIVA_DECLARADA,GEOMETRY_OMEGA_TEORIA_COMPLETA_V1_0,90_FUENTES_INTEGRAS/GEOMETRY_OMEGA_TEORIA_COMPLETA_V1_0/GEOMETRY_OMEGA_TEORIA_COMPLETA_V1_0/10_FUENTES_ORIGINALES/MARKDOWN/Geometry_Omega_Derivacion_Restriccion_Alfa_v68_2026-08-02.md,638,No se ha derivado la carga desde las relaciones orientadas.,FUENTE_PRIMARIA_DEL_PAQUETE,OCURRENCIA; PUEDE_DUPLICAR_OTRA_FUENTE
NEG-CANON-0070,CATALOGO_NEGATIVOS_CANON,NEGATIVO_O_LIMITACION_DECLARADA,NEGATIVO_LIMITACION_O_NO_DERIVACION_SUSTANTIVA_DECLARADA,GEOMETRY_OMEGA_TEORIA_COMPLETA_V1_0,90_FUENTES_INTEGRAS/GEOMETRY_OMEGA_TEORIA_COMPLETA_V1_0/GEOMETRY_OMEGA_TEORIA_COMPLETA_V1_0/10_FUENTES_ORIGINALES/MARKDOWN/Geometry_Omega_Dimension_Interna_Minima_v33_2026-07-31.md,3,**Fecha:** 2026-07-31 **Versión:** 33.0 **Estado:** se obtienen cotas mínimas desde la ontología y una selección condicional de \(SU(3)\) y \(SU(2)\). No se ha derivado todavía el Modelo Estándar completo.,FUENTE_PRIMARIA_DEL_PAQUETE,OCURRENCIA; PUEDE_DUPLICAR_OTRA_FUENTE
NEG-CANON-0071,CATALOGO_NEGATIVOS_CANON,NEGATIVO_O_LIMITACION_DECLARADA,ENCABEZADO_O_MENCION_BREVE,GEOMETRY_OMEGA_TEORIA_COMPLETA_V1_0,90_FUENTES_INTEGRAS/GEOMETRY_OMEGA_TEORIA_COMPLETA_V1_0/GEOMETRY_OMEGA_TEORIA_COMPLETA_V1_0/10_FUENTES_ORIGINALES/MARKDOWN/Geometry_Omega_Existencia_y_Saturacion_v36_2026-08-01.md,665,Aún no se ha derivado.,FUENTE_PRIMARIA_DEL_PAQUETE,OCURRENCIA; PUEDE_DUPLICAR_OTRA_FUENTE
NEG-CANON-0072,CATALOGO_NEGATIVOS_CANON,NEGATIVO_O_LIMITACION_DECLARADA,NEGATIVO_LIMITACION_O_NO_DERIVACION_SUSTANTIVA_DECLARADA,GEOMETRY_OMEGA_TEORIA_COMPLETA_V1_0,90_FUENTES_INTEGRAS/GEOMETRY_OMEGA_TEORIA_COMPLETA_V1_0/GEOMETRY_OMEGA_TEORIA_COMPLETA_V1_0/10_FUENTES_ORIGINALES/MARKDOWN/Geometry_Omega_Hamiltoniano_Interno_v34_2026-07-31.md,405,Éste es un resultado negativo importante.,FUENTE_PRIMARIA_DEL_PAQUETE,OCURRENCIA; PUEDE_DUPLICAR_OTRA_FUENTE
NEG-CANON-0073,CATALOGO_NEGATIVOS_CANON,NEGATIVO_O_LIMITACION_DECLARADA,NEGATIVO_LIMITACION_O_NO_DERIVACION_SUSTANTIVA_DECLARADA,GEOMETRY_OMEGA_TEORIA_COMPLETA_V1_0,90_FUENTES_INTEGRAS/GEOMETRY_OMEGA_TEORIA_COMPLETA_V1_0/GEOMETRY_OMEGA_TEORIA_COMPLETA_V1_0/10_FUENTES_ORIGINALES/MARKDOWN/Geometry_Omega_Hilo_Fractal_Prueba_Destruccion_v38_2026-08-01.md,253,"Eso implicaría que el cubo tendría la topología de un intervalo, lo cual es falso.",FUENTE_PRIMARIA_DEL_PAQUETE,OCURRENCIA; PUEDE_DUPLICAR_OTRA_FUENTE
NEG-CANON-0074,CATALOGO_NEGATIVOS_CANON,NEGATIVO_O_LIMITACION_DECLARADA,NEGATIVO_LIMITACION_O_NO_DERIVACION_SUSTANTIVA_DECLARADA,GEOMETRY_OMEGA_TEORIA_COMPLETA_V1_0,90_FUENTES_INTEGRAS/GEOMETRY_OMEGA_TEORIA_COMPLETA_V1_0/GEOMETRY_OMEGA_TEORIA_COMPLETA_V1_0/10_FUENTES_ORIGINALES/MARKDOWN/Geometry_Omega_Holonomias_Conjugadas_y_Radiacion_v64_2026-08-01.md,3,"**Fecha:** 2026-08-01 **Versión:** 64.0 **Estado:** dos ciclos relacionales finitos con holonomías conjugadas \(+\Phi\) y \(-\Phi\) pueden reconectarse en un sector de holonomía trivial y liberar todo su costo de incompatibilidad en los modelos armónico y compacto ensayados. Dos ciclos con el mismo signo no liberan energía bajo la misma reconexión ideal. La energía disponible decrece aproximadamente como \(1/n\) si la holonomía se distribuye sobre ciclos cada vez mayores, por lo que una masa finita requiere identidad localizada, tamaño característico o protección adicional. Un sector gapless puede transportar exactamente la energía liberada, pero el mecanismo microscópico de reconexión todavía no se ha derivado.",FUENTE_PRIMARIA_DEL_PAQUETE,OCURRENCIA; PUEDE_DUPLICAR_OTRA_FUENTE
NEG-CANON-0075,CATALOGO_NEGATIVOS_CANON,NEGATIVO_O_LIMITACION_DECLARADA,ENCABEZADO_O_MENCION_BREVE,GEOMETRY_OMEGA_TEORIA_COMPLETA_V1_0,90_FUENTES_INTEGRAS/GEOMETRY_OMEGA_TEORIA_COMPLETA_V1_0/GEOMETRY_OMEGA_TEORIA_COMPLETA_V1_0/10_FUENTES_ORIGINALES/MARKDOWN/Geometry_Omega_Inercia_Relacional_y_Tres_Fases_v60_2026-08-01.md,778,No se ha derivado todavía:,FUENTE_PRIMARIA_DEL_PAQUETE,OCURRENCIA; PUEDE_DUPLICAR_OTRA_FUENTE
NEG-CANON-0076,CATALOGO_NEGATIVOS_CANON,NEGATIVO_O_LIMITACION_DECLARADA,ENCABEZADO_O_MENCION_BREVE,GEOMETRY_OMEGA_TEORIA_COMPLETA_V1_0,90_FUENTES_INTEGRAS/GEOMETRY_OMEGA_TEORIA_COMPLETA_V1_0/GEOMETRY_OMEGA_TEORIA_COMPLETA_V1_0/10_FUENTES_ORIGINALES/MARKDOWN/Geometry_Omega_Intercambio_Rotacion_Continuidad_v79_2026-08-02.md,382,## 9. Resultado negativo útil,FUENTE_PRIMARIA_DEL_PAQUETE,OCURRENCIA; PUEDE_DUPLICAR_OTRA_FUENTE
NEG-CANON-0077,CATALOGO_NEGATIVOS_CANON,NEGATIVO_O_LIMITACION_DECLARADA,NEGATIVO_LIMITACION_O_NO_DERIVACION_SUSTANTIVA_DECLARADA,GEOMETRY_OMEGA_TEORIA_COMPLETA_V1_0,90_FUENTES_INTEGRAS/GEOMETRY_OMEGA_TEORIA_COMPLETA_V1_0/GEOMETRY_OMEGA_TEORIA_COMPLETA_V1_0/10_FUENTES_ORIGINALES/MARKDOWN/Geometry_Omega_Modo_Cargado_Conservativo_v19_2026-07-31.md,332,"1. **Pliegue modal:** \(\nu(e)\) posee tangente vertical. 2. **Degeneración de fase:** el modo material se aproxima al modo \(U(1)\). 3. **Cambio de coordenadas perturbativas:** \((u,Z)\) se vuelve degenerado al disminuir \(e\). 4. **Bifurcación:** dos ramas modales se encuentran. 5. **Limitación de la semilla y paso:** se requiere un incremento menor y Jacobianos analíticos.",FUENTE_PRIMARIA_DEL_PAQUETE,OCURRENCIA; PUEDE_DUPLICAR_OTRA_FUENTE
NEG-CANON-0078,CATALOGO_NEGATIVOS_CANON,NEGATIVO_O_LIMITACION_DECLARADA,ENCABEZADO_O_MENCION_BREVE,GEOMETRY_OMEGA_TEORIA_COMPLETA_V1_0,90_FUENTES_INTEGRAS/GEOMETRY_OMEGA_TEORIA_COMPLETA_V1_0/GEOMETRY_OMEGA_TEORIA_COMPLETA_V1_0/10_FUENTES_ORIGINALES/MARKDOWN/Geometry_Omega_Operador_Transiciones_v32_2026-07-31.md,59,Limitación:,FUENTE_PRIMARIA_DEL_PAQUETE,OCURRENCIA; PUEDE_DUPLICAR_OTRA_FUENTE
NEG-CANON-0079,CATALOGO_NEGATIVOS_CANON,NEGATIVO_O_LIMITACION_DECLARADA,ENCABEZADO_O_MENCION_BREVE,GEOMETRY_OMEGA_TEORIA_COMPLETA_V1_0,90_FUENTES_INTEGRAS/GEOMETRY_OMEGA_TEORIA_COMPLETA_V1_0/GEOMETRY_OMEGA_TEORIA_COMPLETA_V1_0/10_FUENTES_ORIGINALES/MARKDOWN/Geometry_Omega_Operador_Transiciones_v32_2026-07-31.md,96,Limitación:,FUENTE_PRIMARIA_DEL_PAQUETE,OCURRENCIA; PUEDE_DUPLICAR_OTRA_FUENTE
NEG-CANON-0080,CATALOGO_NEGATIVOS_CANON,NEGATIVO_O_LIMITACION_DECLARADA,ENCABEZADO_O_MENCION_BREVE,GEOMETRY_OMEGA_TEORIA_COMPLETA_V1_0,90_FUENTES_INTEGRAS/GEOMETRY_OMEGA_TEORIA_COMPLETA_V1_0/GEOMETRY_OMEGA_TEORIA_COMPLETA_V1_0/10_FUENTES_ORIGINALES/MARKDOWN/Geometry_Omega_Operador_Transiciones_v32_2026-07-31.md,126,Limitación:,FUENTE_PRIMARIA_DEL_PAQUETE,OCURRENCIA; PUEDE_DUPLICAR_OTRA_FUENTE
NEG-CANON-0081,CATALOGO_NEGATIVOS_CANON,NEGATIVO_O_LIMITACION_DECLARADA,NEGATIVO_LIMITACION_O_NO_DERIVACION_SUSTANTIVA_DECLARADA,GEOMETRY_OMEGA_TEORIA_COMPLETA_V1_0,90_FUENTES_INTEGRAS/GEOMETRY_OMEGA_TEORIA_COMPLETA_V1_0/GEOMETRY_OMEGA_TEORIA_COMPLETA_V1_0/10_FUENTES_ORIGINALES/MARKDOWN/Geometry_Omega_Orientacion_Interna_Cierre_Intercambio_v78_2026-08-02.md,389,No se ha derivado la amplitud compleja a partir de la Potencialidad ni la regla completa de suma de historias.,FUENTE_PRIMARIA_DEL_PAQUETE,OCURRENCIA; PUEDE_DUPLICAR_OTRA_FUENTE
NEG-CANON-0082,CATALOGO_NEGATIVOS_CANON,NEGATIVO_O_LIMITACION_DECLARADA,ENCABEZADO_O_MENCION_BREVE,GEOMETRY_OMEGA_TEORIA_COMPLETA_V1_0,90_FUENTES_INTEGRAS/GEOMETRY_OMEGA_TEORIA_COMPLETA_V1_0/GEOMETRY_OMEGA_TEORIA_COMPLETA_V1_0/10_FUENTES_ORIGINALES/MARKDOWN/Geometry_Omega_Orientacion_Intrinseca_y_Emergente_v63_2026-08-01.md,520,Limitaciones:,FUENTE_PRIMARIA_DEL_PAQUETE,OCURRENCIA; PUEDE_DUPLICAR_OTRA_FUENTE
NEG-CANON-0083,CATALOGO_NEGATIVOS_CANON,NEGATIVO_O_LIMITACION_DECLARADA,ENCABEZADO_O_MENCION_BREVE,GEOMETRY_OMEGA_TEORIA_COMPLETA_V1_0,90_FUENTES_INTEGRAS/GEOMETRY_OMEGA_TEORIA_COMPLETA_V1_0/GEOMETRY_OMEGA_TEORIA_COMPLETA_V1_0/10_FUENTES_ORIGINALES/MARKDOWN/Geometry_Omega_Orientacion_Intrinseca_y_Emergente_v63_2026-08-01.md,537,Limitaciones:,FUENTE_PRIMARIA_DEL_PAQUETE,OCURRENCIA; PUEDE_DUPLICAR_OTRA_FUENTE
NEG-CANON-0084,CATALOGO_NEGATIVOS_CANON,NEGATIVO_O_LIMITACION_DECLARADA,ENCABEZADO_O_MENCION_BREVE,GEOMETRY_OMEGA_TEORIA_COMPLETA_V1_0,90_FUENTES_INTEGRAS/GEOMETRY_OMEGA_TEORIA_COMPLETA_V1_0/GEOMETRY_OMEGA_TEORIA_COMPLETA_V1_0/10_FUENTES_ORIGINALES/MARKDOWN/Geometry_Omega_Orientacion_Intrinseca_y_Emergente_v63_2026-08-01.md,551,Limitaciones:,FUENTE_PRIMARIA_DEL_PAQUETE,OCURRENCIA; PUEDE_DUPLICAR_OTRA_FUENTE
NEG-CANON-0085,CATALOGO_NEGATIVOS_CANON,NEGATIVO_O_LIMITACION_DECLARADA,ENCABEZADO_O_MENCION_BREVE,GEOMETRY_OMEGA_TEORIA_COMPLETA_V1_0,90_FUENTES_INTEGRAS/GEOMETRY_OMEGA_TEORIA_COMPLETA_V1_0/GEOMETRY_OMEGA_TEORIA_COMPLETA_V1_0/10_FUENTES_ORIGINALES/MARKDOWN/Geometry_Omega_Programa_Demostracion_Ley_Area_v54_2026-08-01.md,394,No se ha derivado que:,FUENTE_PRIMARIA_DEL_PAQUETE,OCURRENCIA; PUEDE_DUPLICAR_OTRA_FUENTE
NEG-CANON-0086,CATALOGO_NEGATIVOS_CANON,NEGATIVO_O_LIMITACION_DECLARADA,ENCABEZADO_O_MENCION_BREVE,GEOMETRY_OMEGA_TEORIA_COMPLETA_V1_0,90_FUENTES_INTEGRAS/GEOMETRY_OMEGA_TEORIA_COMPLETA_V1_0/GEOMETRY_OMEGA_TEORIA_COMPLETA_V1_0/10_FUENTES_ORIGINALES/MARKDOWN/Geometry_Omega_Propagacion_Multidireccional_v83_2026-08-02.md,695,No se ha derivado:,FUENTE_PRIMARIA_DEL_PAQUETE,OCURRENCIA; PUEDE_DUPLICAR_OTRA_FUENTE
NEG-CANON-0087,CATALOGO_NEGATIVOS_CANON,NEGATIVO_O_LIMITACION_DECLARADA,NEGATIVO_LIMITACION_O_NO_DERIVACION_SUSTANTIVA_DECLARADA,GEOMETRY_OMEGA_TEORIA_COMPLETA_V1_0,90_FUENTES_INTEGRAS/GEOMETRY_OMEGA_TEORIA_COMPLETA_V1_0/GEOMETRY_OMEGA_TEORIA_COMPLETA_V1_0/10_FUENTES_ORIGINALES/MARKDOWN/Geometry_Omega_Ramas_Cargadas_v10_2026-07-31.md,254,1. una rama físicamente desconectada; 2. una zona de pliegue que requiere pseudolongitud de arco; 3. pérdida de ligadura al aproximarse al equilibrio carga–gravedad; 4. una limitación del BVP usado.,FUENTE_PRIMARIA_DEL_PAQUETE,OCURRENCIA; PUEDE_DUPLICAR_OTRA_FUENTE
NEG-CANON-0088,CATALOGO_NEGATIVOS_CANON,NEGATIVO_O_LIMITACION_DECLARADA,NEGATIVO_LIMITACION_O_NO_DERIVACION_SUSTANTIVA_DECLARADA,GEOMETRY_OMEGA_TEORIA_COMPLETA_V1_0,90_FUENTES_INTEGRAS/GEOMETRY_OMEGA_TEORIA_COMPLETA_V1_0/GEOMETRY_OMEGA_TEORIA_COMPLETA_V1_0/10_FUENTES_ORIGINALES/MARKDOWN/Geometry_Omega_Tres_Escenarios_Nucleo_Extremo_v58_2026-08-01.md,1245,"\[ \boxed{ \text{III realiza la intuición de una “partícula cuántica macroscópica”, pero requiere protección adicional que todavía no se ha derivado}. } \]",FUENTE_PRIMARIA_DEL_PAQUETE,OCURRENCIA; PUEDE_DUPLICAR_OTRA_FUENTE
NEG-CANON-0089,CATALOGO_NEGATIVOS_CANON,NEGATIVO_O_LIMITACION_DECLARADA,NEGATIVO_LIMITACION_O_NO_DERIVACION_SUSTANTIVA_DECLARADA,GEOMETRY_OMEGA_TEORIA_COMPLETA_V1_0,90_FUENTES_INTEGRAS/GEOMETRY_OMEGA_TEORIA_COMPLETA_V1_0/GEOMETRY_OMEGA_TEORIA_COMPLETA_V1_0/10_FUENTES_ORIGINALES/MARKDOWN/Geometry_Omega_Vacio_Ausencias_Antimateria_v86_2026-08-02.md,447,Todavía no se ha derivado en qué grados radiativos se deposita.,FUENTE_PRIMARIA_DEL_PAQUETE,OCURRENCIA; PUEDE_DUPLICAR_OTRA_FUENTE
NEG-CANON-0090,CATALOGO_NEGATIVOS_CANON,NEGATIVO_O_LIMITACION_DECLARADA,ENCABEZADO_O_MENCION_BREVE,GEOMETRY_OMEGA_TEORIA_COMPLETA_V1_0,90_FUENTES_INTEGRAS/GEOMETRY_OMEGA_TEORIA_COMPLETA_V1_0/GEOMETRY_OMEGA_TEORIA_COMPLETA_V1_0/10_FUENTES_ORIGINALES/MARKDOWN/geometria_omega_analisis_para_gemini.md,1495,Limitación importante:,FUENTE_PRIMARIA_DEL_PAQUETE,OCURRENCIA; PUEDE_DUPLICAR_OTRA_FUENTE
NEG-CANON-0091,CATALOGO_NEGATIVOS_CANON,NEGATIVO_O_LIMITACION_DECLARADA,NEGATIVO_LIMITACION_O_NO_DERIVACION_SUSTANTIVA_DECLARADA,GEOMETRY_OMEGA_TEORIA_COMPLETA_V1_0,90_FUENTES_INTEGRAS/GEOMETRY_OMEGA_TEORIA_COMPLETA_V1_0/GEOMETRY_OMEGA_TEORIA_COMPLETA_V1_0/10_FUENTES_ORIGINALES/OTROS/Geometry_Omega_Documento_Maestro_Congelado_v8_2026-07-31.md,15,"- pierdan la ontología original; - mezclen convenciones temporales o métricas; - confundan resultados numéricos preliminares con resultados demostrados; - reconstruyan de memoria ecuaciones ya fijadas; - omitan archivos, controles o limitaciones de reproducibilidad; - presenten como estabilidad probada una inferencia todavía parcial.",FUENTE_PRIMARIA_DEL_PAQUETE,OCURRENCIA; PUEDE_DUPLICAR_OTRA_FUENTE
NEG-CANON-0092,CATALOGO_NEGATIVOS_CANON,NEGATIVO_O_LIMITACION_DECLARADA,ENCABEZADO_O_MENCION_BREVE,GEOMETRY_OMEGA_TEORIA_COMPLETA_V1_0,90_FUENTES_INTEGRAS/GEOMETRY_OMEGA_TEORIA_COMPLETA_V1_0/GEOMETRY_OMEGA_TEORIA_COMPLETA_V1_0/10_FUENTES_ORIGINALES/OTROS/Geometry_Omega_Documento_Maestro_Congelado_v8_2026-07-31.md,3933,## 7. Alcance y limitación,FUENTE_PRIMARIA_DEL_PAQUETE,OCURRENCIA; PUEDE_DUPLICAR_OTRA_FUENTE
NEG-CANON-0093,CATALOGO_NEGATIVOS_CANON,NEGATIVO_O_LIMITACION_DECLARADA,ENCABEZADO_O_MENCION_BREVE,GEOMETRY_OMEGA_TEORIA_COMPLETA_V1_0,90_FUENTES_INTEGRAS/GEOMETRY_OMEGA_TEORIA_COMPLETA_V1_0/GEOMETRY_OMEGA_TEORIA_COMPLETA_V1_0/10_FUENTES_ORIGINALES/OTROS/OMEGA_CORPUS_COMPLETO_2026-08-01.md,1923,## 7. Alcance y limitación,AGREGADO_DERIVADO_CORPUS,OCURRENCIA; PUEDE_DUPLICAR_OTRA_FUENTE
NEG-CANON-0094,CATALOGO_NEGATIVOS_CANON,NEGATIVO_O_LIMITACION_DECLARADA,OCURRENCIA_EN_AGREGADO_NO_INDEPENDIENTE,GEOMETRY_OMEGA_TEORIA_COMPLETA_V1_0,90_FUENTES_INTEGRAS/GEOMETRY_OMEGA_TEORIA_COMPLETA_V1_0/GEOMETRY_OMEGA_TEORIA_COMPLETA_V1_0/10_FUENTES_ORIGINALES/OTROS/OMEGA_CORPUS_COMPLETO_2026-08-01.md,2773,"- pierdan la ontología original; - mezclen convenciones temporales o métricas; - confundan resultados numéricos preliminares con resultados demostrados; - reconstruyan de memoria ecuaciones ya fijadas; - omitan archivos, controles o limitaciones de reproducibilidad; - presenten como estabilidad probada una inferencia todavía parcial.",AGREGADO_DERIVADO_CORPUS,OCURRENCIA; PUEDE_DUPLICAR_OTRA_FUENTE
NEG-CANON-0095,CATALOGO_NEGATIVOS_CANON,NEGATIVO_O_LIMITACION_DECLARADA,ENCABEZADO_O_MENCION_BREVE,GEOMETRY_OMEGA_TEORIA_COMPLETA_V1_0,90_FUENTES_INTEGRAS/GEOMETRY_OMEGA_TEORIA_COMPLETA_V1_0/GEOMETRY_OMEGA_TEORIA_COMPLETA_V1_0/10_FUENTES_ORIGINALES/OTROS/OMEGA_CORPUS_COMPLETO_2026-08-01.md,6691,## 7. Alcance y limitación,AGREGADO_DERIVADO_CORPUS,OCURRENCIA; PUEDE_DUPLICAR_OTRA_FUENTE
NEG-CANON-0096,CATALOGO_NEGATIVOS_CANON,NEGATIVO_O_LIMITACION_DECLARADA,OCURRENCIA_EN_AGREGADO_NO_INDEPENDIENTE,GEOMETRY_OMEGA_TEORIA_COMPLETA_V1_0,90_FUENTES_INTEGRAS/GEOMETRY_OMEGA_TEORIA_COMPLETA_V1_0/GEOMETRY_OMEGA_TEORIA_COMPLETA_V1_0/10_FUENTES_ORIGINALES/OTROS/OMEGA_CORPUS_COMPLETO_2026-08-01.md,8206,1. una rama físicamente desconectada; 2. una zona de pliegue que requiere pseudolongitud de arco; 3. pérdida de ligadura al aproximarse al equilibrio carga–gravedad; 4. una limitación del BVP usado.,AGREGADO_DERIVADO_CORPUS,OCURRENCIA; PUEDE_DUPLICAR_OTRA_FUENTE
NEG-CANON-0097,CATALOGO_NEGATIVOS_CANON,NEGATIVO_O_LIMITACION_DECLARADA,OCURRENCIA_EN_AGREGADO_NO_INDEPENDIENTE,GEOMETRY_OMEGA_TEORIA_COMPLETA_V1_0,90_FUENTES_INTEGRAS/GEOMETRY_OMEGA_TEORIA_COMPLETA_V1_0/GEOMETRY_OMEGA_TEORIA_COMPLETA_V1_0/10_FUENTES_ORIGINALES/OTROS/OMEGA_CORPUS_COMPLETO_2026-08-01.md,12054,"1. **Pliegue modal:** \(\nu(e)\) posee tangente vertical. 2. **Degeneración de fase:** el modo material se aproxima al modo \(U(1)\). 3. **Cambio de coordenadas perturbativas:** \((u,Z)\) se vuelve degenerado al disminuir \(e\). 4. **Bifurcación:** dos ramas modales se encuentran. 5. **Limitación de la semilla y paso:** se requiere un incremento menor y Jacobianos analíticos.",AGREGADO_DERIVADO_CORPUS,OCURRENCIA; PUEDE_DUPLICAR_OTRA_FUENTE
NEG-CANON-0098,CATALOGO_NEGATIVOS_CANON,NEGATIVO_O_LIMITACION_DECLARADA,ENCABEZADO_O_MENCION_BREVE,GEOMETRY_OMEGA_TEORIA_COMPLETA_V1_0,90_FUENTES_INTEGRAS/GEOMETRY_OMEGA_TEORIA_COMPLETA_V1_0/GEOMETRY_OMEGA_TEORIA_COMPLETA_V1_0/10_FUENTES_ORIGINALES/OTROS/OMEGA_CORPUS_COMPLETO_2026-08-01.md,18826,Limitación:,AGREGADO_DERIVADO_CORPUS,OCURRENCIA; PUEDE_DUPLICAR_OTRA_FUENTE
NEG-CANON-0099,CATALOGO_NEGATIVOS_CANON,NEGATIVO_O_LIMITACION_DECLARADA,ENCABEZADO_O_MENCION_BREVE,GEOMETRY_OMEGA_TEORIA_COMPLETA_V1_0,90_FUENTES_INTEGRAS/GEOMETRY_OMEGA_TEORIA_COMPLETA_V1_0/GEOMETRY_OMEGA_TEORIA_COMPLETA_V1_0/10_FUENTES_ORIGINALES/OTROS/OMEGA_CORPUS_COMPLETO_2026-08-01.md,18863,Limitación:,AGREGADO_DERIVADO_CORPUS,OCURRENCIA; PUEDE_DUPLICAR_OTRA_FUENTE
NEG-CANON-0100,CATALOGO_NEGATIVOS_CANON,NEGATIVO_O_LIMITACION_DECLARADA,ENCABEZADO_O_MENCION_BREVE,GEOMETRY_OMEGA_TEORIA_COMPLETA_V1_0,90_FUENTES_INTEGRAS/GEOMETRY_OMEGA_TEORIA_COMPLETA_V1_0/GEOMETRY_OMEGA_TEORIA_COMPLETA_V1_0/10_FUENTES_ORIGINALES/OTROS/OMEGA_CORPUS_COMPLETO_2026-08-01.md,18893,Limitación:,AGREGADO_DERIVADO_CORPUS,OCURRENCIA; PUEDE_DUPLICAR_OTRA_FUENTE
NEG-CANON-0101,CATALOGO_NEGATIVOS_CANON,NEGATIVO_O_LIMITACION_DECLARADA,OCURRENCIA_EN_AGREGADO_NO_INDEPENDIENTE,GEOMETRY_OMEGA_TEORIA_COMPLETA_V1_0,90_FUENTES_INTEGRAS/GEOMETRY_OMEGA_TEORIA_COMPLETA_V1_0/GEOMETRY_OMEGA_TEORIA_COMPLETA_V1_0/10_FUENTES_ORIGINALES/OTROS/OMEGA_CORPUS_COMPLETO_2026-08-01.md,19545,**Fecha:** 2026-07-31 **Versión:** 33.0 **Estado:** se obtienen cotas mínimas desde la ontología y una selección condicional de \(SU(3)\) y \(SU(2)\). No se ha derivado todavía el Modelo Estándar completo.,AGREGADO_DERIVADO_CORPUS,OCURRENCIA; PUEDE_DUPLICAR_OTRA_FUENTE
NEG-CANON-0102,CATALOGO_NEGATIVOS_CANON,NEGATIVO_O_LIMITACION_DECLARADA,OCURRENCIA_EN_AGREGADO_NO_INDEPENDIENTE,GEOMETRY_OMEGA_TEORIA_COMPLETA_V1_0,90_FUENTES_INTEGRAS/GEOMETRY_OMEGA_TEORIA_COMPLETA_V1_0/GEOMETRY_OMEGA_TEORIA_COMPLETA_V1_0/10_FUENTES_ORIGINALES/OTROS/OMEGA_CORPUS_COMPLETO_2026-08-01.md,20620,Éste es un resultado negativo importante.,AGREGADO_DERIVADO_CORPUS,OCURRENCIA; PUEDE_DUPLICAR_OTRA_FUENTE
NEG-CANON-0103,CATALOGO_NEGATIVOS_CANON,NEGATIVO_O_LIMITACION_DECLARADA,ENCABEZADO_O_MENCION_BREVE,GEOMETRY_OMEGA_TEORIA_COMPLETA_V1_0,90_FUENTES_INTEGRAS/GEOMETRY_OMEGA_TEORIA_COMPLETA_V1_0/GEOMETRY_OMEGA_TEORIA_COMPLETA_V1_0/10_FUENTES_ORIGINALES/OTROS/OMEGA_CORPUS_COMPLETO_2026-08-01.md,22321,Aún no se ha derivado.,AGREGADO_DERIVADO_CORPUS,OCURRENCIA; PUEDE_DUPLICAR_OTRA_FUENTE
NEG-CANON-0104,CATALOGO_NEGATIVOS_CANON,NEGATIVO_O_LIMITACION_DECLARADA,OCURRENCIA_EN_AGREGADO_NO_INDEPENDIENTE,GEOMETRY_OMEGA_TEORIA_COMPLETA_V1_0,90_FUENTES_INTEGRAS/GEOMETRY_OMEGA_TEORIA_COMPLETA_V1_0/GEOMETRY_OMEGA_TEORIA_COMPLETA_V1_0/10_FUENTES_ORIGINALES/OTROS/OMEGA_CORPUS_COMPLETO_2026-08-01.md,22984,"Eso implicaría que el cubo tendría la topología de un intervalo, lo cual es falso.",AGREGADO_DERIVADO_CORPUS,OCURRENCIA; PUEDE_DUPLICAR_OTRA_FUENTE
NEG-CANON-0105,CATALOGO_NEGATIVOS_CANON,NEGATIVO_O_LIMITACION_DECLARADA,ENCABEZADO_O_MENCION_BREVE,GEOMETRY_OMEGA_TEORIA_COMPLETA_V1_0,90_FUENTES_INTEGRAS/GEOMETRY_OMEGA_TEORIA_COMPLETA_V1_0/GEOMETRY_OMEGA_TEORIA_COMPLETA_V1_0/10_FUENTES_ORIGINALES/OTROS/OMEGA_CORPUS_COMPLETO_2026-08-01.md,27482,## 13. Qué no se ha derivado,AGREGADO_DERIVADO_CORPUS,OCURRENCIA; PUEDE_DUPLICAR_OTRA_FUENTE
NEG-CANON-0106,CATALOGO_NEGATIVOS_CANON,NEGATIVO_O_LIMITACION_DECLARADA,ENCABEZADO_O_MENCION_BREVE,GEOMETRY_OMEGA_TEORIA_COMPLETA_V1_0,90_FUENTES_INTEGRAS/GEOMETRY_OMEGA_TEORIA_COMPLETA_V1_0/GEOMETRY_OMEGA_TEORIA_COMPLETA_V1_0/10_FUENTES_ORIGINALES/OTROS/OMEGA_CORPUS_COMPLETO_2026-08-01.md,36159,No se ha derivado que:,AGREGADO_DERIVADO_CORPUS,OCURRENCIA; PUEDE_DUPLICAR_OTRA_FUENTE
NEG-CANON-0107,CATALOGO_NEGATIVOS_CANON,NEGATIVO_O_LIMITACION_DECLARADA,OCURRENCIA_EN_AGREGADO_NO_INDEPENDIENTE,GEOMETRY_OMEGA_TEORIA_COMPLETA_V1_0,90_FUENTES_INTEGRAS/GEOMETRY_OMEGA_TEORIA_COMPLETA_V1_0/GEOMETRY_OMEGA_TEORIA_COMPLETA_V1_0/10_FUENTES_ORIGINALES/OTROS/OMEGA_CORPUS_COMPLETO_2026-08-01.md,40118,"\[ \boxed{ \text{III realiza la intuición de una “partícula cuántica macroscópica”, pero requiere protección adicional que todavía no se ha derivado}. } \]",AGREGADO_DERIVADO_CORPUS,OCURRENCIA; PUEDE_DUPLICAR_OTRA_FUENTE
NEG-CANON-0108,CATALOGO_NEGATIVOS_CANON,NEGATIVO_O_LIMITACION_DECLARADA,ENCABEZADO_O_MENCION_BREVE,GEOMETRY_OMEGA_TEORIA_COMPLETA_V1_0,90_FUENTES_INTEGRAS/GEOMETRY_OMEGA_TEORIA_COMPLETA_V1_0/GEOMETRY_OMEGA_TEORIA_COMPLETA_V1_0/10_FUENTES_ORIGINALES/OTROS/OMEGA_CORPUS_COMPLETO_2026-08-01.md,41697,No se ha derivado todavía:,AGREGADO_DERIVADO_CORPUS,OCURRENCIA; PUEDE_DUPLICAR_OTRA_FUENTE
NEG-CANON-0109,CATALOGO_NEGATIVOS_CANON,NEGATIVO_O_LIMITACION_DECLARADA,ENCABEZADO_O_MENCION_BREVE,GEOMETRY_OMEGA_TEORIA_COMPLETA_V1_0,90_FUENTES_INTEGRAS/GEOMETRY_OMEGA_TEORIA_COMPLETA_V1_0/GEOMETRY_OMEGA_TEORIA_COMPLETA_V1_0/11_CODIGO_Y_REPRODUCIBILIDAD/00_LEEME_CODIGO.md,5,## Limitaciones,DOCUMENTO_DEL_PAQUETE,OCURRENCIA; PUEDE_DUPLICAR_OTRA_FUENTE
NEG-CANON-0110,CATALOGO_NEGATIVOS_CANON,NEGATIVO_O_LIMITACION_DECLARADA,ENCABEZADO_O_MENCION_BREVE,OMEGA_THEORY_V1_1_ENTREGA_01_GEOMETRIA_TRANSICIONES,90_FUENTES_INTEGRAS/OMEGA_THEORY_V1_1_ENTREGA_01_GEOMETRIA_TRANSICIONES/OMEGA_THEORY_V1_1_ENTREGA_01_GEOMETRIA_TRANSICIONES/01_DOCUMENTOS/04_RESULTADOS_NEGATIVOS.md,1,# Resultados negativos y límites,FUENTE_PRIMARIA_DEL_PAQUETE,OCURRENCIA; PUEDE_DUPLICAR_OTRA_FUENTE
NEG-CANON-0111,CATALOGO_NEGATIVOS_CANON,NEGATIVO_O_LIMITACION_DECLARADA,ENCABEZADO_O_MENCION_BREVE,OMEGA_THEORY_V1_1_ENTREGA_02_INERCIA_RELACIONAL,90_FUENTES_INTEGRAS/OMEGA_THEORY_V1_1_ENTREGA_02_INERCIA_RELACIONAL/OMEGA_THEORY_V1_1_ENTREGA_02_INERCIA_RELACIONAL/01_DOCUMENTOS/03_RESULTADOS_NEGATIVOS.md,1,# Resultados negativos y correcciones,FUENTE_PRIMARIA_DEL_PAQUETE,OCURRENCIA; PUEDE_DUPLICAR_OTRA_FUENTE
NEG-CANON-0112,CATALOGO_NEGATIVOS_CANON,NEGATIVO_O_LIMITACION_DECLARADA,ENCABEZADO_O_MENCION_BREVE,OMEGA_THEORY_V1_1_ENTREGA_03_RELOJ_EMERGENTE,90_FUENTES_INTEGRAS/OMEGA_THEORY_V1_1_ENTREGA_03_RELOJ_EMERGENTE/OMEGA_THEORY_V1_1_ENTREGA_03_RELOJ_EMERGENTE/01_DOCUMENTOS/03_RESULTADOS_NEGATIVOS.md,1,# Resultados negativos y correcciones,FUENTE_PRIMARIA_DEL_PAQUETE,OCURRENCIA; PUEDE_DUPLICAR_OTRA_FUENTE
NEG-CANON-0113,CATALOGO_NEGATIVOS_CANON,NEGATIVO_O_LIMITACION_DECLARADA,NEGATIVO_LIMITACION_O_NO_DERIVACION_SUSTANTIVA_DECLARADA,OMEGA_THEORY_V1_1_ENTREGA_03_RELOJ_EMERGENTE,90_FUENTES_INTEGRAS/OMEGA_THEORY_V1_1_ENTREGA_03_RELOJ_EMERGENTE/OMEGA_THEORY_V1_1_ENTREGA_03_RELOJ_EMERGENTE/01_DOCUMENTOS/03_RESULTADOS_NEGATIVOS.md,21,Refutado en el modelo mínimo. El coarse-graining puede ocultar un número arbitrariamente grande de actualizaciones internas.,FUENTE_PRIMARIA_DEL_PAQUETE,OCURRENCIA; PUEDE_DUPLICAR_OTRA_FUENTE
NEG-CANON-0114,CATALOGO_NEGATIVOS_CANON,NEGATIVO_O_LIMITACION_DECLARADA,NEGATIVO_LIMITACION_O_NO_DERIVACION_SUSTANTIVA_DECLARADA,OMEGA_THEORY_V1_1_ENTREGA_03_RELOJ_EMERGENTE,90_FUENTES_INTEGRAS/OMEGA_THEORY_V1_1_ENTREGA_03_RELOJ_EMERGENTE/OMEGA_THEORY_V1_1_ENTREGA_03_RELOJ_EMERGENTE/01_DOCUMENTOS/03_RESULTADOS_NEGATIVOS.md,25,Refutado. El mismo \(p\) admite tasas internas y de escape diferentes.,FUENTE_PRIMARIA_DEL_PAQUETE,OCURRENCIA; PUEDE_DUPLICAR_OTRA_FUENTE
NEG-CANON-0115,CATALOGO_NEGATIVOS_CANON,NEGATIVO_O_LIMITACION_DECLARADA,ENCABEZADO_O_MENCION_BREVE,OMEGA_THEORY_V1_1_ENTREGA_04_RELOJES_OPERACIONALES,90_FUENTES_INTEGRAS/OMEGA_THEORY_V1_1_ENTREGA_04_RELOJES_OPERACIONALES/OMEGA_THEORY_V1_1_ENTREGA_04_RELOJES_OPERACIONALES/01_DOCUMENTOS/03_RESULTADOS_NEGATIVOS.md,1,# Resultados negativos,FUENTE_PRIMARIA_DEL_PAQUETE,OCURRENCIA; PUEDE_DUPLICAR_OTRA_FUENTE
NEG-CANON-0116,CATALOGO_NEGATIVOS_CANON,NEGATIVO_O_LIMITACION_DECLARADA,NEGATIVO_LIMITACION_O_NO_DERIVACION_SUSTANTIVA_DECLARADA,OMEGA_THEORY_V1_1_ENTREGA_04_RELOJES_OPERACIONALES,90_FUENTES_INTEGRAS/OMEGA_THEORY_V1_1_ENTREGA_04_RELOJES_OPERACIONALES/OMEGA_THEORY_V1_1_ENTREGA_04_RELOJES_OPERACIONALES/01_DOCUMENTOS/03_RESULTADOS_NEGATIVOS.md,17,Refutado en los modelos jerárquicos.,FUENTE_PRIMARIA_DEL_PAQUETE,OCURRENCIA; PUEDE_DUPLICAR_OTRA_FUENTE
NEG-CANON-0117,CATALOGO_NEGATIVOS_CANON,NEGATIVO_O_LIMITACION_DECLARADA,NEGATIVO_LIMITACION_O_NO_DERIVACION_SUSTANTIVA_DECLARADA,OMEGA_THEORY_V1_1_ENTREGA_05_TRAYECTORIAS_GRADIENTES,90_FUENTES_INTEGRAS/OMEGA_THEORY_V1_1_ENTREGA_05_TRAYECTORIAS_GRADIENTES/OMEGA_THEORY_V1_1_ENTREGA_05_TRAYECTORIAS_GRADIENTES/00_LEEME.md,66,"La ecuación de movimiento se deriva de la acción candidata, pero la acción causal todavía no se ha derivado de los axiomas ontológicos. Es un **puente matemático prometedor**, no una ecuación canónica definitiva.",FUENTE_PRIMARIA_DEL_PAQUETE,OCURRENCIA; PUEDE_DUPLICAR_OTRA_FUENTE
NEG-CANON-0118,CATALOGO_NEGATIVOS_CANON,NEGATIVO_O_LIMITACION_DECLARADA,ENCABEZADO_O_MENCION_BREVE,OMEGA_THEORY_V1_1_ENTREGA_05_TRAYECTORIAS_GRADIENTES,90_FUENTES_INTEGRAS/OMEGA_THEORY_V1_1_ENTREGA_05_TRAYECTORIAS_GRADIENTES/OMEGA_THEORY_V1_1_ENTREGA_05_TRAYECTORIAS_GRADIENTES/01_DOCUMENTOS/03_RESULTADOS_NEGATIVOS.md,1,# Resultados negativos y limitaciones,FUENTE_PRIMARIA_DEL_PAQUETE,OCURRENCIA; PUEDE_DUPLICAR_OTRA_FUENTE
NEG-CANON-0119,CATALOGO_NEGATIVOS_CANON,NEGATIVO_O_LIMITACION_DECLARADA,ENCABEZADO_O_MENCION_BREVE,OMEGA_THEORY_V1_1_ENTREGA_06_ECUACION_FUENTE_RELOJ,90_FUENTES_INTEGRAS/OMEGA_THEORY_V1_1_ENTREGA_06_ECUACION_FUENTE_RELOJ/OMEGA_THEORY_V1_1_ENTREGA_06_ECUACION_FUENTE_RELOJ/01_DOCUMENTOS/03_RESULTADOS_NEGATIVOS.md,1,# Resultados negativos,FUENTE_PRIMARIA_DEL_PAQUETE,OCURRENCIA; PUEDE_DUPLICAR_OTRA_FUENTE
NEG-CANON-0120,CATALOGO_NEGATIVOS_CANON,NEGATIVO_O_LIMITACION_DECLARADA,NEGATIVO_LIMITACION_O_NO_DERIVACION_SUSTANTIVA_DECLARADA,OMEGA_THEORY_V1_1_ENTREGA_06_ECUACION_FUENTE_RELOJ,90_FUENTES_INTEGRAS/OMEGA_THEORY_V1_1_ENTREGA_06_ECUACION_FUENTE_RELOJ/OMEGA_THEORY_V1_1_ENTREGA_06_ECUACION_FUENTE_RELOJ/01_DOCUMENTOS/03_RESULTADOS_NEGATIVOS.md,3,"- La ley \(1/r\) no identifica por sí sola la ontología correcta: cualquier teoría local, lineal, isotrópica y conservativa en 3D la produce. - Tres dimensiones no fueron derivadas. - La fuente no puede reducirse sin más a \(1-p\). - La superposición sólo está garantizada en el régimen lineal. - Todavía no se ha derivado la constante de acoplamiento ni las unidades físicas. - No se ha derivado Newton completo; sólo una estructura de Poisson candidata.",FUENTE_PRIMARIA_DEL_PAQUETE,OCURRENCIA; PUEDE_DUPLICAR_OTRA_FUENTE
NEG-CANON-0121,CATALOGO_NEGATIVOS_CANON,NEGATIVO_O_LIMITACION_DECLARADA,ENCABEZADO_O_MENCION_BREVE,OMEGA_THEORY_V1_1_ENTREGA_07_FUENTE_MICROSCOPICA,90_FUENTES_INTEGRAS/OMEGA_THEORY_V1_1_ENTREGA_07_FUENTE_MICROSCOPICA/OMEGA_THEORY_V1_1_ENTREGA_07_FUENTE_MICROSCOPICA/01_DOCUMENTOS/03_RESULTADOS_NEGATIVOS.md,1,# Resultados negativos,FUENTE_PRIMARIA_DEL_PAQUETE,OCURRENCIA; PUEDE_DUPLICAR_OTRA_FUENTE
NEG-CANON-0122,CATALOGO_NEGATIVOS_CANON,NEGATIVO_O_LIMITACION_DECLARADA,ENCABEZADO_O_MENCION_BREVE,OMEGA_THEORY_V1_1_ENTREGA_08_MASA_INERCIAL,90_FUENTES_INTEGRAS/OMEGA_THEORY_V1_1_ENTREGA_08_MASA_INERCIAL/OMEGA_THEORY_V1_1_ENTREGA_08_MASA_INERCIAL/01_DOCUMENTOS/03_RESULTADOS_NEGATIVOS.md,1,# Resultados negativos,FUENTE_PRIMARIA_DEL_PAQUETE,OCURRENCIA; PUEDE_DUPLICAR_OTRA_FUENTE
NEG-CANON-0123,CATALOGO_NEGATIVOS_CANON,NEGATIVO_O_LIMITACION_DECLARADA,ENCABEZADO_O_MENCION_BREVE,OMEGA_THEORY_V1_1_ENTREGA_09_RESPUESTA_UNIVERSAL_Y_ALPHA,90_FUENTES_INTEGRAS/OMEGA_THEORY_V1_1_ENTREGA_09_RESPUESTA_UNIVERSAL_Y_ALPHA/OMEGA_THEORY_V1_1_ENTREGA_09_RESPUESTA_UNIVERSAL_Y_ALPHA/01_DOCUMENTOS/03_RESULTADOS_NEGATIVOS.md,1,# Resultados negativos,FUENTE_PRIMARIA_DEL_PAQUETE,OCURRENCIA; PUEDE_DUPLICAR_OTRA_FUENTE
NEG-CANON-0124,CATALOGO_NEGATIVOS_CANON,NEGATIVO_O_LIMITACION_DECLARADA,ENCABEZADO_O_MENCION_BREVE,OMEGA_THEORY_V1_1_ENTREGA_10_CONEXION_ABElIANA_Y_ACOPLAMIENTO,90_FUENTES_INTEGRAS/OMEGA_THEORY_V1_1_ENTREGA_10_CONEXION_ABElIANA_Y_ACOPLAMIENTO/OMEGA_THEORY_V1_1_ENTREGA_10_CONEXION_ABElIANA_Y_ACOPLAMIENTO/01_DOCUMENTOS/03_RESULTADOS_NEGATIVOS.md,1,# Resultados negativos,FUENTE_PRIMARIA_DEL_PAQUETE,OCURRENCIA; PUEDE_DUPLICAR_OTRA_FUENTE
NEG-CANON-0125,CATALOGO_NEGATIVOS_CANON,NEGATIVO_O_LIMITACION_DECLARADA,NEGATIVO_LIMITACION_O_NO_DERIVACION_SUSTANTIVA_DECLARADA,OMEGA_THEORY_V1_1_ENTREGA_10_CONEXION_ABElIANA_Y_ACOPLAMIENTO,90_FUENTES_INTEGRAS/OMEGA_THEORY_V1_1_ENTREGA_10_CONEXION_ABElIANA_Y_ACOPLAMIENTO/OMEGA_THEORY_V1_1_ENTREGA_10_CONEXION_ABElIANA_Y_ACOPLAMIENTO/01_DOCUMENTOS/03_RESULTADOS_NEGATIVOS.md,3,"- La invariancia gauge no fija el valor del acoplamiento. - La compactación \(1-\cos F\) no fija \(K\). - La cuantización de carga requiere elegir un flujo mínimo o sector topológico. - Topología y tamaño de red producen muchas coincidencias posibles con \(\alpha\). - La forma \(q^2w/(4\pi K)\) sigue dependiendo de \(q\), \(w\) y \(K\). - No se ha derivado una normalización canónica única. - No se ha unido todavía este sector abeliano con el campo escalar universal \(u\).",FUENTE_PRIMARIA_DEL_PAQUETE,OCURRENCIA; PUEDE_DUPLICAR_OTRA_FUENTE
NEG-CANON-0126,CATALOGO_NEGATIVOS_CANON,NEGATIVO_O_LIMITACION_DECLARADA,ENCABEZADO_O_MENCION_BREVE,OMEGA_THEORY_V1_1_ENTREGA_11_CAMPO_UNIVERSAL_Y_VARIACION_ALPHA,90_FUENTES_INTEGRAS/OMEGA_THEORY_V1_1_ENTREGA_11_CAMPO_UNIVERSAL_Y_VARIACION_ALPHA/OMEGA_THEORY_V1_1_ENTREGA_11_CAMPO_UNIVERSAL_Y_VARIACION_ALPHA/01_DOCUMENTOS/03_RESULTADOS_NEGATIVOS.md,1,# Resultados negativos,FUENTE_PRIMARIA_DEL_PAQUETE,OCURRENCIA; PUEDE_DUPLICAR_OTRA_FUENTE
NEG-CANON-0127,CATALOGO_NEGATIVOS_CANON,NEGATIVO_O_LIMITACION_DECLARADA,NEGATIVO_LIMITACION_O_NO_DERIVACION_SUSTANTIVA_DECLARADA,OMEGA_THEORY_V1_1_ENTREGA_11_CAMPO_UNIVERSAL_Y_VARIACION_ALPHA,90_FUENTES_INTEGRAS/OMEGA_THEORY_V1_1_ENTREGA_11_CAMPO_UNIVERSAL_Y_VARIACION_ALPHA/OMEGA_THEORY_V1_1_ENTREGA_11_CAMPO_UNIVERSAL_Y_VARIACION_ALPHA/01_DOCUMENTOS/03_RESULTADOS_NEGATIVOS.md,3,- No es correcto afirmar que un campo gravitatorio deba variar \(\alpha\). - Reescalar sólo \(w\) o sólo \(K\) produce variaciones ya fuertemente restringidas. - La igualdad \(a=b\) todavía no está demostrada por la ontología. - El límite observacional no fija \(a\) y \(b\) por separado; sólo su diferencia. - Una coincidencia con \(\alpha_0\) no determina la dinámica de su variación. - No se ha derivado todavía la normalización absoluta de \(q^2w/K\).,FUENTE_PRIMARIA_DEL_PAQUETE,OCURRENCIA; PUEDE_DUPLICAR_OTRA_FUENTE
NEG-CANON-0128,CATALOGO_NEGATIVOS_CANON,NEGATIVO_O_LIMITACION_DECLARADA,ENCABEZADO_O_MENCION_BREVE,OMEGA_THEORY_V1_1_ENTREGA_12_MEDIDA_COMUN_Y_PROTECCION_ALPHA,90_FUENTES_INTEGRAS/OMEGA_THEORY_V1_1_ENTREGA_12_MEDIDA_COMUN_Y_PROTECCION_ALPHA/OMEGA_THEORY_V1_1_ENTREGA_12_MEDIDA_COMUN_Y_PROTECCION_ALPHA/01_DOCUMENTOS/03_RESULTADOS_NEGATIVOS.md,1,# Resultados negativos,FUENTE_PRIMARIA_DEL_PAQUETE,OCURRENCIA; PUEDE_DUPLICAR_OTRA_FUENTE
NEG-CANON-0129,CATALOGO_NEGATIVOS_CANON,NEGATIVO_O_LIMITACION_DECLARADA,ENCABEZADO_O_MENCION_BREVE,OMEGA_THEORY_V1_1_ENTREGA_12_MEDIDA_COMUN_Y_PROTECCION_ALPHA,90_FUENTES_INTEGRAS/OMEGA_THEORY_V1_1_ENTREGA_12_MEDIDA_COMUN_Y_PROTECCION_ALPHA/OMEGA_THEORY_V1_1_ENTREGA_12_MEDIDA_COMUN_Y_PROTECCION_ALPHA/01_DOCUMENTOS/05_TEOREMA_CONDICIONAL.md,29,## Limitación,FUENTE_PRIMARIA_DEL_PAQUETE,OCURRENCIA; PUEDE_DUPLICAR_OTRA_FUENTE
NEG-CANON-0130,CATALOGO_NEGATIVOS_CANON,NEGATIVO_O_LIMITACION_DECLARADA,ENCABEZADO_O_MENCION_BREVE,OMEGA_THEORY_V1_1_ENTREGA_13_CARACTER_UNIVERSAL_DESDE_CONTINUIDAD,90_FUENTES_INTEGRAS/OMEGA_THEORY_V1_1_ENTREGA_13_CARACTER_UNIVERSAL_DESDE_CONTINUIDAD/OMEGA_THEORY_V1_1_ENTREGA_13_CARACTER_UNIVERSAL_DESDE_CONTINUIDAD/01_DOCUMENTOS/03_RESULTADOS_NEGATIVOS.md,1,# Resultados negativos,FUENTE_PRIMARIA_DEL_PAQUETE,OCURRENCIA; PUEDE_DUPLICAR_OTRA_FUENTE
NEG-CANON-0131,CATALOGO_NEGATIVOS_CANON,NEGATIVO_O_LIMITACION_DECLARADA,ENCABEZADO_O_MENCION_BREVE,OMEGA_THEORY_V1_1_ENTREGA_14_MODO_UNIVERSAL_Y_DESVIACIONES,90_FUENTES_INTEGRAS/OMEGA_THEORY_V1_1_ENTREGA_14_MODO_UNIVERSAL_Y_DESVIACIONES/OMEGA_THEORY_V1_1_ENTREGA_14_MODO_UNIVERSAL_Y_DESVIACIONES/01_DOCUMENTOS/03_RESULTADOS_NEGATIVOS.md,1,# Resultados negativos,FUENTE_PRIMARIA_DEL_PAQUETE,OCURRENCIA; PUEDE_DUPLICAR_OTRA_FUENTE
NEG-CANON-0132,CATALOGO_NEGATIVOS_CANON,NEGATIVO_O_LIMITACION_DECLARADA,ENCABEZADO_O_MENCION_BREVE,OMEGA_THEORY_V1_1_ENTREGA_15_IRREVERSIBILIDAD_IDENTIDAD_CONTINUIDAD,90_FUENTES_INTEGRAS/OMEGA_THEORY_V1_1_ENTREGA_15_IRREVERSIBILIDAD_IDENTIDAD_CONTINUIDAD/OMEGA_THEORY_V1_1_ENTREGA_15_IRREVERSIBILIDAD_IDENTIDAD_CONTINUIDAD/01_DOCUMENTOS/03_RESULTADOS_NEGATIVOS.md,1,# Resultados negativos y límites,FUENTE_PRIMARIA_DEL_PAQUETE,OCURRENCIA; PUEDE_DUPLICAR_OTRA_FUENTE
NEG-CANON-0133,CATALOGO_NEGATIVOS_CANON,NEGATIVO_O_LIMITACION_DECLARADA,ENCABEZADO_O_MENCION_BREVE,OMEGA_THEORY_V1_1_ENTREGA_16_ORDEN_DE_CONTINUACION,90_FUENTES_INTEGRAS/OMEGA_THEORY_V1_1_ENTREGA_16_ORDEN_DE_CONTINUACION/OMEGA_THEORY_V1_1_ENTREGA_16_ORDEN_DE_CONTINUACION/01_DOCUMENTOS/03_RESULTADOS_NEGATIVOS.md,1,# Resultados negativos,FUENTE_PRIMARIA_DEL_PAQUETE,OCURRENCIA; PUEDE_DUPLICAR_OTRA_FUENTE
NEG-CANON-0134,CATALOGO_NEGATIVOS_CANON,NEGATIVO_O_LIMITACION_DECLARADA,NEGATIVO_LIMITACION_O_NO_DERIVACION_SUSTANTIVA_DECLARADA,OMEGA_THEORY_V1_1_ENTREGA_17_DERIVACION_NO_RETORNO,90_FUENTES_INTEGRAS/OMEGA_THEORY_V1_1_ENTREGA_17_DERIVACION_NO_RETORNO/OMEGA_THEORY_V1_1_ENTREGA_17_DERIVACION_NO_RETORNO/01_DOCUMENTOS/02_RESULTADOS_NUMERICOS.md,90,| afirmacion                              | estado                    | razon                                                | |:----------------------------------------|:--------------------------|:-----------------------------------------------------| | No retorno desde continuidad sola       | refutado                  | La continuidad admite ciclos.                        | | No retorno desde inclusión estricta     | derivado                  | Cada actualización amplía la historia relacional.    | | Lista literal de eventos                | demasiado_fuerte          | Basta un invariante estrictamente monótono.          | | Precedencia causal como historia        | favorecido                | Es relacional y no requiere reloj externo.           | | Memoria reversible                      | refutado                  | Permite recurrencia.                                 | | Necesidad ontológica de historia causal | condicional               | Requiere incluir precedencias en el estado completo. | | Orden de continuación                   | derivado_condicionalmente | La inclusión estricta induce aciclicidad.            |,FUENTE_PRIMARIA_DEL_PAQUETE,OCURRENCIA; PUEDE_DUPLICAR_OTRA_FUENTE
NEG-CANON-0135,CATALOGO_NEGATIVOS_CANON,NEGATIVO_O_LIMITACION_DECLARADA,ENCABEZADO_O_MENCION_BREVE,OMEGA_THEORY_V1_1_ENTREGA_17_DERIVACION_NO_RETORNO,90_FUENTES_INTEGRAS/OMEGA_THEORY_V1_1_ENTREGA_17_DERIVACION_NO_RETORNO/OMEGA_THEORY_V1_1_ENTREGA_17_DERIVACION_NO_RETORNO/01_DOCUMENTOS/03_RESULTADOS_NEGATIVOS.md,1,# Resultados negativos,FUENTE_PRIMARIA_DEL_PAQUETE,OCURRENCIA; PUEDE_DUPLICAR_OTRA_FUENTE
NEG-CANON-0136,CATALOGO_NEGATIVOS_CANON,NEGATIVO_O_LIMITACION_DECLARADA,NEGATIVO_LIMITACION_O_NO_DERIVACION_SUSTANTIVA_DECLARADA,OMEGA_THEORY_V1_1_ENTREGA_18_ENTROPIA_GENEALOGICA,90_FUENTES_INTEGRAS/OMEGA_THEORY_V1_1_ENTREGA_18_ENTROPIA_GENEALOGICA/OMEGA_THEORY_V1_1_ENTREGA_18_ENTROPIA_GENEALOGICA/01_DOCUMENTOS/02_RESULTADOS_NUMERICOS.md,140,"| claim                                   | status                    | reason                                     | |:----------------------------------------|:--------------------------|:-------------------------------------------| | Flecha ontológica                       | derivada_condicionalmente | Historia causal estrictamente creciente.   | | Flecha termodinámica igual a ontológica | falso                     | La entropía macro puede fluctuar.          | | Entropía genealógica                    | apoyada                   | S_gen=ln Omega cuenta historias ocultas.   | | S_gen actual estrictamente monótona     | refutado                  | Puede disminuir.                           | | Entropía genealógica acumulativa        | derivada                  | El conjunto de historias realizadas crece. | | Segunda ley desde genealogía sola       | no_derivada               | Faltan medida, mezcla y condición inicial. |",FUENTE_PRIMARIA_DEL_PAQUETE,OCURRENCIA; PUEDE_DUPLICAR_OTRA_FUENTE
NEG-CANON-0137,CATALOGO_NEGATIVOS_CANON,NEGATIVO_O_LIMITACION_DECLARADA,ENCABEZADO_O_MENCION_BREVE,OMEGA_THEORY_V1_1_ENTREGA_18_ENTROPIA_GENEALOGICA,90_FUENTES_INTEGRAS/OMEGA_THEORY_V1_1_ENTREGA_18_ENTROPIA_GENEALOGICA/OMEGA_THEORY_V1_1_ENTREGA_18_ENTROPIA_GENEALOGICA/01_DOCUMENTOS/03_RESULTADOS_NEGATIVOS.md,1,# Resultados negativos,FUENTE_PRIMARIA_DEL_PAQUETE,OCURRENCIA; PUEDE_DUPLICAR_OTRA_FUENTE
NEG-CANON-0138,CATALOGO_NEGATIVOS_CANON,NEGATIVO_O_LIMITACION_DECLARADA,NEGATIVO_LIMITACION_O_NO_DERIVACION_SUSTANTIVA_DECLARADA,OMEGA_THEORY_V1_1_ENTREGA_19_MEDIDA_CAMINOS_Y_FLECHA_ESTADISTICA,90_FUENTES_INTEGRAS/OMEGA_THEORY_V1_1_ENTREGA_19_MEDIDA_CAMINOS_Y_FLECHA_ESTADISTICA/OMEGA_THEORY_V1_1_ENTREGA_19_MEDIDA_CAMINOS_Y_FLECHA_ESTADISTICA/01_DOCUMENTOS/02_RESULTADOS_NUMERICOS.md,122,| claim                              | status                  | reason                                                           | |:-----------------------------------|:------------------------|:-----------------------------------------------------------------| | Medida de caminos desde tasas      | derivada                | Probabilidades locales normalizadas inducen una medida producto. | | Entropía de caminos lineal         | apoyada_asintoticamente | La sorpresa media se acerca a n por tasa de entropía.            | | Entropía de Shannon siempre crece  | falso                   | Depende de dinámica e inicialización.                            | | KL al equilibrio disminuye         | apoyado_en_modelos      | Contracción en cadenas mezclantes probadas.                      | | Producción positiva en cada camino | falso                   | Hay fluctuaciones negativas.                                     | | Producción media no negativa       | apoyada                 | Positiva fuera de equilibrio y casi nula en balance detallado.   | | Teorema integral de fluctuación    | apoyado_numericamente   | La media de exp(-Sigma) se mantiene cerca de uno.                | | Segunda ley microscópica exacta    | refutada                | Sólo sobrevive una ley estadística.                              | | Condición inicial de baja entropía | necesaria_en_modelos    | El equilibrio no muestra flecha comparable.                      | | Multiplicidad igual a probabilidad | falso                   | Los pesos de camino pueden ser muy no uniformes.                 |,FUENTE_PRIMARIA_DEL_PAQUETE,OCURRENCIA; PUEDE_DUPLICAR_OTRA_FUENTE
NEG-CANON-0139,CATALOGO_NEGATIVOS_CANON,NEGATIVO_O_LIMITACION_DECLARADA,ENCABEZADO_O_MENCION_BREVE,OMEGA_THEORY_V1_1_ENTREGA_19_MEDIDA_CAMINOS_Y_FLECHA_ESTADISTICA,90_FUENTES_INTEGRAS/OMEGA_THEORY_V1_1_ENTREGA_19_MEDIDA_CAMINOS_Y_FLECHA_ESTADISTICA/OMEGA_THEORY_V1_1_ENTREGA_19_MEDIDA_CAMINOS_Y_FLECHA_ESTADISTICA/01_DOCUMENTOS/03_RESULTADOS_NEGATIVOS.md,1,# Resultados negativos,FUENTE_PRIMARIA_DEL_PAQUETE,OCURRENCIA; PUEDE_DUPLICAR_OTRA_FUENTE
NEG-CANON-0140,CATALOGO_NEGATIVOS_CANON,NEGATIVO_O_LIMITACION_DECLARADA,NEGATIVO_LIMITACION_O_NO_DERIVACION_SUSTANTIVA_DECLARADA,OMEGA_THEORY_V1_1_ENTREGA_19_MEDIDA_CAMINOS_Y_FLECHA_ESTADISTICA,90_FUENTES_INTEGRAS/OMEGA_THEORY_V1_1_ENTREGA_19_MEDIDA_CAMINOS_Y_FLECHA_ESTADISTICA/OMEGA_THEORY_V1_1_ENTREGA_19_MEDIDA_CAMINOS_Y_FLECHA_ESTADISTICA/01_DOCUMENTOS/03_RESULTADOS_NEGATIVOS.md,10,"- El estimador directo de \(\langle e^{-\Sigma}\rangle\) se vuelve inestable para caminos largos: las contribuciones dominantes provienen de eventos negativos rarísimos. - Con 15,000 trayectorias, la identidad integral fue razonable en longitudes cortas, pero falló severamente en \(L=50\) y \(L=100\). Esto es una limitación de muestreo de colas, no una confirmación ni refutación del teorema analítico.",FUENTE_PRIMARIA_DEL_PAQUETE,OCURRENCIA; PUEDE_DUPLICAR_OTRA_FUENTE
NEG-CANON-0141,CATALOGO_NEGATIVOS_CANON,NEGATIVO_O_LIMITACION_DECLARADA,ENCABEZADO_O_MENCION_BREVE,OMEGA_THEORY_V1_1_ENTREGA_19_MEDIDA_CAMINOS_Y_FLECHA_ESTADISTICA,90_FUENTES_INTEGRAS/OMEGA_THEORY_V1_1_ENTREGA_19_MEDIDA_CAMINOS_Y_FLECHA_ESTADISTICA/OMEGA_THEORY_V1_1_ENTREGA_19_MEDIDA_CAMINOS_Y_FLECHA_ESTADISTICA/01_DOCUMENTOS/07_LIMITACION_MUESTREO_COLAS.md,1,# Limitación numérica: muestreo de eventos raros,FUENTE_PRIMARIA_DEL_PAQUETE,OCURRENCIA; PUEDE_DUPLICAR_OTRA_FUENTE
NEG-CANON-0142,CATALOGO_NEGATIVOS_CANON,NEGATIVO_O_LIMITACION_DECLARADA,ENCABEZADO_O_MENCION_BREVE,OMEGA_THEORY_V1_1_ENTREGA_20_ENERGIA_TEMPERATURA_Y_OBSTRUCCION,90_FUENTES_INTEGRAS/OMEGA_THEORY_V1_1_ENTREGA_20_ENERGIA_TEMPERATURA_Y_OBSTRUCCION/OMEGA_THEORY_V1_1_ENTREGA_20_ENERGIA_TEMPERATURA_Y_OBSTRUCCION/01_DOCUMENTOS/03_RESULTADOS_NEGATIVOS.md,1,# Resultados negativos,FUENTE_PRIMARIA_DEL_PAQUETE,OCURRENCIA; PUEDE_DUPLICAR_OTRA_FUENTE
NEG-CANON-0143,CATALOGO_NEGATIVOS_CANON,NEGATIVO_O_LIMITACION_DECLARADA,ENCABEZADO_O_MENCION_BREVE,OMEGA_THEORY_V1_1_ENTREGA_21_ESCALA_OPERACIONAL_ENERGIA,90_FUENTES_INTEGRAS/OMEGA_THEORY_V1_1_ENTREGA_21_ESCALA_OPERACIONAL_ENERGIA/OMEGA_THEORY_V1_1_ENTREGA_21_ESCALA_OPERACIONAL_ENERGIA/01_DOCUMENTOS/03_RESULTADOS_NEGATIVOS.md,1,# Resultados negativos,FUENTE_PRIMARIA_DEL_PAQUETE,OCURRENCIA; PUEDE_DUPLICAR_OTRA_FUENTE
NEG-AUD-REP-001,AUDITORIA_REPRODUCCION,NEGATIVO_O_LIMITACION_VERIFICADA_EN_AUDITORIA,dependencia,AUDITORIA_CANON_V1_2,Geometry_Omega_Symbolic_Verifier_v13_2026-07-31.py,,La ejecución declarada requiere sympy y el entorno no lo contiene. No se reprodujo la factorización simbólica con la dependencia declarada; sólo un control numérico sustituto de 21 coeficientes en tres asignaciones.,EVIDENCIA_DE_AUDITORIA_ACTUAL,confirmado
NEG-AUD-REP-002,AUDITORIA_REPRODUCCION,NEGATIVO_O_LIMITACION_VERIFICADA_EN_AUDITORIA,dependencia,AUDITORIA_CANON_V1_2,reproducir_entrega_16.py,,La ejecución declarada requiere networkx y el entorno no lo contiene. El ejemplo fue reproducido sólo mediante un sustituto local limitado a las tres operaciones usadas.,EVIDENCIA_DE_AUDITORIA_ACTUAL,confirmado
NEG-AUD-REP-003,AUDITORIA_REPRODUCCION,NEGATIVO_O_LIMITACION_VERIFICADA_EN_AUDITORIA,dependencia,AUDITORIA_CANON_V1_2,reproducir_entrega_01.py,,DataFrame.to_markdown requiere la dependencia opcional tabulate y el entorno no la contiene. La primera pasada se interrumpe después de producir once artefactos; un sustituto local permite completar la ruta adaptada.,EVIDENCIA_DE_AUDITORIA_ACTUAL,confirmado
NEG-AUD-REP-004,AUDITORIA_REPRODUCCION,NEGATIVO_O_LIMITACION_VERIFICADA_EN_AUDITORIA,entorno,AUDITORIA_CANON_V1_2,conjunto de código Python,,No existe requirements.txt pyproject.toml environment.yml ni archivo equivalente que fije las dependencias. La reproducibilidad nativa depende de reconstruir manualmente el entorno.,EVIDENCIA_DE_AUDITORIA_ACTUAL,confirmado
NEG-AUD-REP-005,AUDITORIA_REPRODUCCION,NEGATIVO_O_LIMITACION_VERIFICADA_EN_AUDITORIA,rutas absolutas,AUDITORIA_CANON_V1_2,reproducir_entrega_01.py y dos solvers Geometry Omega,,Se codifican rutas absolutas bajo /mnt/data. La reproducción segura exigió redirección literal documentada dentro de un directorio temporal.,EVIDENCIA_DE_AUDITORIA_ACTUAL,confirmado
NEG-AUD-REP-006,AUDITORIA_REPRODUCCION,NEGATIVO_O_LIMITACION_VERIFICADA_EN_AUDITORIA,ruta ausente,AUDITORIA_CANON_V1_2,reproducir_entrega_01.py,,El script intenta copiar /tmp/make_omega_delivery1.py que no está incluido con ese nombre. La reproducción completa exigió redirigir esa referencia a la copia exacta del propio script fuente.,EVIDENCIA_DE_AUDITORIA_ACTUAL,confirmado
NEG-AUD-REP-007,AUDITORIA_REPRODUCCION,NEGATIVO_O_LIMITACION_VERIFICADA_EN_AUDITORIA,advertencia de sintaxis,AUDITORIA_CANON_V1_2,reproducir_entrega_01.py,,Cuatro secuencias LaTeX no válidas como escapes Python producen SyntaxWarning. No impiden compilar ni calcular pero son una fuente de corrupción futura del texto generado.,EVIDENCIA_DE_AUDITORIA_ACTUAL,confirmado
NEG-AUD-REP-008,AUDITORIA_REPRODUCCION,NEGATIVO_O_LIMITACION_VERIFICADA_EN_AUDITORIA,código no ejecutable,AUDITORIA_CANON_V1_2,Geometry_Omega_Abelian_Charged_Solver_v9_2026-07-31.py,,El archivo contiene sólo una cadena documental y ninguna lógica ejecutable. Los CSV asociados no pueden regenerarse desde este archivo.,EVIDENCIA_DE_AUDITORIA_ACTUAL,confirmado
NEG-AUD-REP-009,AUDITORIA_REPRODUCCION,NEGATIVO_O_LIMITACION_VERIFICADA_EN_AUDITORIA,código no ejecutable,AUDITORIA_CANON_V1_2,einstein_omega_solver.py,,El archivo contiene únicamente comentarios de ecuaciones y ninguna lógica ejecutable. Los resultados asociados no pueden regenerarse desde este archivo.,EVIDENCIA_DE_AUDITORIA_ACTUAL,confirmado
NEG-AUD-REP-010,AUDITORIA_REPRODUCCION,NEGATIVO_O_LIMITACION_VERIFICADA_EN_AUDITORIA,entrada ausente o incompleta,AUDITORIA_CANON_V1_2,Geometry_Omega_Charged_Pulsation_BVP_v14_2026-07-31.py,,La ejecución directa termina deliberadamente y exige un fondo cargado completo suministrado por el usuario. La interfaz compila pero no hay una reproducción end-to-end con los datos incluidos.,EVIDENCIA_DE_AUDITORIA_ACTUAL,confirmado
NEG-AUD-REP-011,AUDITORIA_REPRODUCCION,NEGATIVO_O_LIMITACION_VERIFICADA_EN_AUDITORIA,control numérico,AUDITORIA_CANON_V1_2,Geometry_Omega_pulsation_solver_preliminary_v6_2026-07-31.py,,El BVP converge con residuo absoluto 1.097548762e-09 pero el cociente relativo impreso es 3.6361483. El valor absoluto coincide con el orden 10^-9 declarado; la normalización relativa es desfavorable porque su denominador también es casi nulo y no debe omitirse.,EVIDENCIA_DE_AUDITORIA_ACTUAL,limitación
NEG-AUD-REP-012,AUDITORIA_REPRODUCCION,NEGATIVO_O_LIMITACION_VERIFICADA_EN_AUDITORIA,artefacto sin referencia,AUDITORIA_CANON_V1_2,Geometry_Omega_background_continuation_solver_2026-07-31.py,,El solver genera un perfil final de 1600 filas para el que no hay un archivo de referencia homónimo en el paquete. El artefacto queda preservado pero no admite comparación directa byte a byte con el canon.,EVIDENCIA_DE_AUDITORIA_ACTUAL,confirmado
NEG-AUD-REP-013,AUDITORIA_REPRODUCCION,NEGATIVO_O_LIMITACION_VERIFICADA_EN_AUDITORIA,diferencia adaptada,AUDITORIA_CANON_V1_2,reproducir_entrega_01.py,,El Markdown de resultados difiere por el formateador tabular sustituto y el manifiesto refleja esa diferencia además del orden de recorrido. Los cálculos y dieciséis artefactos son exactos; estas dos diferencias no se presentan como reproducción nativa exacta.,EVIDENCIA_DE_AUDITORIA_ACTUAL,confirmado
NEG-AUD-REP-014,AUDITORIA_REPRODUCCION,NEGATIVO_O_LIMITACION_VERIFICADA_EN_AUDITORIA,cobertura de regeneración,AUDITORIA_CANON_V1_2,667 datasets inventariados,,La mayoría de los datasets no incluye un script productor unívoco y ejecutable dentro de su paquete. Su estructura y estadística fueron verificadas pero no todos pueden regenerarse desde cero.,EVIDENCIA_DE_AUDITORIA_ACTUAL,confirmado
NEG-V-0001,VEREDICTO_NORMALIZADO,REVISADA_REEMPLAZADA_O_SUPERADA,VEREDICTO_DE_MODELO_O_DOCUMENTO,GEOMETRY_OMEGA_TEORIA_COMPLETA_V1_0,90_FUENTES_INTEGRAS/GEOMETRY_OMEGA_TEORIA_COMPLETA_V1_0/GEOMETRY_OMEGA_TEORIA_COMPLETA_V1_0/05_RESULTADOS_NEGATIVOS_Y_CORRECCIONES/OMEGA_AUDITORIA_FASE_4_DOCS_31_40__RESULTADOS_SUPERADOS_CORREGIDOS_DOCS_31_40.csv,,Grupo estándar derivado — Sólo compatible; requiere separabilidad operacional,DOCUMENTO_DEL_PAQUETE,PUEDE_SOLAPAR_CON_CATALOGO_NEGATIVOS
NEG-V-0002,VEREDICTO_NORMALIZADO,REFUTADA_O_NO_APOYADA_EN_MODELO,VEREDICTO_DE_MODELO_O_DOCUMENTO,GEOMETRY_OMEGA_TEORIA_COMPLETA_V1_0,90_FUENTES_INTEGRAS/GEOMETRY_OMEGA_TEORIA_COMPLETA_V1_0/GEOMETRY_OMEGA_TEORIA_COMPLETA_V1_0/05_RESULTADOS_NEGATIVOS_Y_CORRECCIONES/OMEGA_AUDITORIA_FASE_4_DOCS_31_40__RESULTADOS_SUPERADOS_CORREGIDOS_DOCS_31_40.csv,,"Tres (3,2) forman singlete — No hay singlete SU(2) total",DOCUMENTO_DEL_PAQUETE,PUEDE_SOLAPAR_CON_CATALOGO_NEGATIVOS
NEG-V-0003,VEREDICTO_NORMALIZADO,REVISADA_REEMPLAZADA_O_SUPERADA,VEREDICTO_DE_MODELO_O_DOCUMENTO,GEOMETRY_OMEGA_TEORIA_COMPLETA_V1_0,90_FUENTES_INTEGRAS/GEOMETRY_OMEGA_TEORIA_COMPLETA_V1_0/GEOMETRY_OMEGA_TEORIA_COMPLETA_V1_0/05_RESULTADOS_NEGATIVOS_Y_CORRECCIONES/OMEGA_AUDITORIA_FASE_4_DOCS_31_40__RESULTADOS_SUPERADOS_CORREGIDOS_DOCS_31_40.csv,,Orientación causal da masa — Requiere Phi0,DOCUMENTO_DEL_PAQUETE,PUEDE_SOLAPAR_CON_CATALOGO_NEGATIVOS
NEG-V-0004,VEREDICTO_NORMALIZADO,REVISADA_REEMPLAZADA_O_SUPERADA,VEREDICTO_DE_MODELO_O_DOCUMENTO,GEOMETRY_OMEGA_TEORIA_COMPLETA_V1_0,90_FUENTES_INTEGRAS/GEOMETRY_OMEGA_TEORIA_COMPLETA_V1_0/GEOMETRY_OMEGA_TEORIA_COMPLETA_V1_0/05_RESULTADOS_NEGATIVOS_Y_CORRECCIONES/OMEGA_AUDITORIA_FASE_4_DOCS_31_40__RESULTADOS_SUPERADOS_CORREGIDOS_DOCS_31_40.csv,,Mínimo positivo universal — No demostrado,DOCUMENTO_DEL_PAQUETE,PUEDE_SOLAPAR_CON_CATALOGO_NEGATIVOS
NEG-V-0005,VEREDICTO_NORMALIZADO,REVISADA_REEMPLAZADA_O_SUPERADA,VEREDICTO_DE_MODELO_O_DOCUMENTO,GEOMETRY_OMEGA_TEORIA_COMPLETA_V1_0,90_FUENTES_INTEGRAS/GEOMETRY_OMEGA_TEORIA_COMPLETA_V1_0/GEOMETRY_OMEGA_TEORIA_COMPLETA_V1_0/05_RESULTADOS_NEGATIVOS_Y_CORRECCIONES/OMEGA_AUDITORIA_FASE_4_DOCS_31_40__RESULTADOS_SUPERADOS_CORREGIDOS_DOCS_31_40.csv,,Hilo fractal basta para 3D — Falla topología/localidad/propagación,DOCUMENTO_DEL_PAQUETE,PUEDE_SOLAPAR_CON_CATALOGO_NEGATIVOS
NEG-V-0006,VEREDICTO_NORMALIZADO,REVISADA_REEMPLAZADA_O_SUPERADA,VEREDICTO_DE_MODELO_O_DOCUMENTO,GEOMETRY_OMEGA_TEORIA_COMPLETA_V1_0,90_FUENTES_INTEGRAS/GEOMETRY_OMEGA_TEORIA_COMPLETA_V1_0/GEOMETRY_OMEGA_TEORIA_COMPLETA_V1_0/05_RESULTADOS_NEGATIVOS_Y_CORRECCIONES/OMEGA_AUDITORIA_FASE_4_DOCS_31_40__RESULTADOS_SUPERADOS_CORREGIDOS_DOCS_31_40.csv,,Eficiencia selecciona d=3 — Depende del costo,DOCUMENTO_DEL_PAQUETE,PUEDE_SOLAPAR_CON_CATALOGO_NEGATIVOS
NEG-V-0007,VEREDICTO_NORMALIZADO,REVISADA_REEMPLAZADA_O_SUPERADA,VEREDICTO_DE_MODELO_O_DOCUMENTO,GEOMETRY_OMEGA_TEORIA_COMPLETA_V1_0,90_FUENTES_INTEGRAS/GEOMETRY_OMEGA_TEORIA_COMPLETA_V1_0/GEOMETRY_OMEGA_TEORIA_COMPLETA_V1_0/05_RESULTADOS_NEGATIVOS_Y_CORRECCIONES/OMEGA_AUDITORIA_FASE_4_DOCS_31_40__RESULTADOS_SUPERADOS_CORREGIDOS_DOCS_31_40.csv,,Ciclos seleccionan d=3 — Sólo bandas estrechas,DOCUMENTO_DEL_PAQUETE,PUEDE_SOLAPAR_CON_CATALOGO_NEGATIVOS
NEG-V-0008,VEREDICTO_NORMALIZADO,REVISADA_REEMPLAZADA_O_SUPERADA,VEREDICTO_DE_MODELO_O_DOCUMENTO,GEOMETRY_OMEGA_TEORIA_COMPLETA_V1_0,90_FUENTES_INTEGRAS/GEOMETRY_OMEGA_TEORIA_COMPLETA_V1_0/GEOMETRY_OMEGA_TEORIA_COMPLETA_V1_0/05_RESULTADOS_NEGATIVOS_Y_CORRECCIONES/OMEGA_AUDITORIA_FASE_4_DOCS_31_40__RESULTADOS_SUPERADOS_CORREGIDOS_DOCS_31_40.csv,,Canales cuánticos seleccionan d=3 — Favorecen extremos,DOCUMENTO_DEL_PAQUETE,PUEDE_SOLAPAR_CON_CATALOGO_NEGATIVOS
NEG-V-0009,VEREDICTO_NORMALIZADO,LIMITADA_O_CONVENCIONAL,VEREDICTO_DE_MODELO_O_DOCUMENTO,GEOMETRY_OMEGA_TEORIA_COMPLETA_V1_0,90_FUENTES_INTEGRAS/GEOMETRY_OMEGA_TEORIA_COMPLETA_V1_0/GEOMETRY_OMEGA_TEORIA_COMPLETA_V1_0/05_RESULTADOS_NEGATIVOS_Y_CORRECCIONES/OMEGA_AUDITORIA_FASE_4_DOCS_31_40__RESULTADOS_SUPERADOS_CORREGIDOS_DOCS_31_40.csv,,Pauli deriva espacio físico — Sólo 3D interna,DOCUMENTO_DEL_PAQUETE,PUEDE_SOLAPAR_CON_CATALOGO_NEGATIVOS
NEG-V-0010,VEREDICTO_NORMALIZADO,REVISADA_REEMPLAZADA_O_SUPERADA,VEREDICTO_DE_MODELO_O_DOCUMENTO,GEOMETRY_OMEGA_TEORIA_COMPLETA_V1_0,90_FUENTES_INTEGRAS/GEOMETRY_OMEGA_TEORIA_COMPLETA_V1_0/GEOMETRY_OMEGA_TEORIA_COMPLETA_V1_0/05_RESULTADOS_NEGATIVOS_Y_CORRECCIONES/OMEGA_AUDITORIA_FASE_5_DOCS_41_50__RESULTADOS_SUPERADOS_CORREGIDOS_DOCS_41_50.csv,,Cierre de ciclos selecciona d=3 — Sólo impone integrabilidad y conserva el rango construido,DOCUMENTO_DEL_PAQUETE,PUEDE_SOLAPAR_CON_CATALOGO_NEGATIVOS
NEG-V-0012,VEREDICTO_NORMALIZADO,LIMITADA_O_CONVENCIONAL,VEREDICTO_DE_MODELO_O_DOCUMENTO,GEOMETRY_OMEGA_TEORIA_COMPLETA_V1_0,90_FUENTES_INTEGRAS/GEOMETRY_OMEGA_TEORIA_COMPLETA_V1_0/GEOMETRY_OMEGA_TEORIA_COMPLETA_V1_0/05_RESULTADOS_NEGATIVOS_Y_CORRECCIONES/OMEGA_AUDITORIA_FASE_5_DOCS_41_50__RESULTADOS_SUPERADOS_CORREGIDOS_DOCS_41_50.csv,,Sectores 1+3+5 son campos físicos — Es sólo descomposición algebraica,DOCUMENTO_DEL_PAQUETE,PUEDE_SOLAPAR_CON_CATALOGO_NEGATIVOS
NEG-V-0014,VEREDICTO_NORMALIZADO,REVISADA_REEMPLAZADA_O_SUPERADA,VEREDICTO_DE_MODELO_O_DOCUMENTO,GEOMETRY_OMEGA_TEORIA_COMPLETA_V1_0,90_FUENTES_INTEGRAS/GEOMETRY_OMEGA_TEORIA_COMPLETA_V1_0/GEOMETRY_OMEGA_TEORIA_COMPLETA_V1_0/05_RESULTADOS_NEGATIVOS_Y_CORRECCIONES/OMEGA_AUDITORIA_FASE_5_DOCS_41_50__RESULTADOS_SUPERADOS_CORREGIDOS_DOCS_41_50.csv,,Isotropía exacta microscópica — Se rompe a alta k,DOCUMENTO_DEL_PAQUETE,PUEDE_SOLAPAR_CON_CATALOGO_NEGATIVOS
NEG-V-0015,VEREDICTO_NORMALIZADO,REVISADA_REEMPLAZADA_O_SUPERADA,VEREDICTO_DE_MODELO_O_DOCUMENTO,GEOMETRY_OMEGA_TEORIA_COMPLETA_V1_0,90_FUENTES_INTEGRAS/GEOMETRY_OMEGA_TEORIA_COMPLETA_V1_0/GEOMETRY_OMEGA_TEORIA_COMPLETA_V1_0/05_RESULTADOS_NEGATIVOS_Y_CORRECCIONES/OMEGA_AUDITORIA_FASE_5_DOCS_41_50__RESULTADOS_SUPERADOS_CORREGIDOS_DOCS_41_50.csv,,Semigrupo prohíbe agujero blanco — Sólo vuelve inestable la inversión reducida,DOCUMENTO_DEL_PAQUETE,PUEDE_SOLAPAR_CON_CATALOGO_NEGATIVOS
NEG-V-0016,VEREDICTO_NORMALIZADO,REVISADA_REEMPLAZADA_O_SUPERADA,VEREDICTO_DE_MODELO_O_DOCUMENTO,GEOMETRY_OMEGA_TEORIA_COMPLETA_V1_0,90_FUENTES_INTEGRAS/GEOMETRY_OMEGA_TEORIA_COMPLETA_V1_0/GEOMETRY_OMEGA_TEORIA_COMPLETA_V1_0/05_RESULTADOS_NEGATIVOS_Y_CORRECCIONES/OMEGA_AUDITORIA_FASE_5_DOCS_41_50__RESULTADOS_SUPERADOS_CORREGIDOS_DOCS_41_50.csv,,No unitariedad fundamental — La dinámica global puede seguir unitaria,DOCUMENTO_DEL_PAQUETE,PUEDE_SOLAPAR_CON_CATALOGO_NEGATIVOS
NEG-V-0017,VEREDICTO_NORMALIZADO,REVISADA_REEMPLAZADA_O_SUPERADA,VEREDICTO_DE_MODELO_O_DOCUMENTO,GEOMETRY_OMEGA_TEORIA_COMPLETA_V1_0,90_FUENTES_INTEGRAS/GEOMETRY_OMEGA_TEORIA_COMPLETA_V1_0/GEOMETRY_OMEGA_TEORIA_COMPLETA_V1_0/05_RESULTADOS_NEGATIVOS_Y_CORRECCIONES/OMEGA_AUDITORIA_FASE_5_DOCS_41_50__RESULTADOS_SUPERADOS_CORREGIDOS_DOCS_41_50.csv,,Colapso irreversible fundamental — Irreversibilidad surge al ignorar ancillas,DOCUMENTO_DEL_PAQUETE,PUEDE_SOLAPAR_CON_CATALOGO_NEGATIVOS
NEG-V-0018,VEREDICTO_NORMALIZADO,REVISADA_REEMPLAZADA_O_SUPERADA,VEREDICTO_DE_MODELO_O_DOCUMENTO,GEOMETRY_OMEGA_TEORIA_COMPLETA_V1_0,90_FUENTES_INTEGRAS/GEOMETRY_OMEGA_TEORIA_COMPLETA_V1_0/GEOMETRY_OMEGA_TEORIA_COMPLETA_V1_0/05_RESULTADOS_NEGATIVOS_Y_CORRECCIONES/OMEGA_AUDITORIA_FASE_5_DOCS_41_50__RESULTADOS_SUPERADOS_CORREGIDOS_DOCS_41_50.csv,,Espectro exactamente térmico — Sólo es térmico localmente en omega pequeña,DOCUMENTO_DEL_PAQUETE,PUEDE_SOLAPAR_CON_CATALOGO_NEGATIVOS
NEG-V-0019,VEREDICTO_NORMALIZADO,REVISADA_REEMPLAZADA_O_SUPERADA,VEREDICTO_DE_MODELO_O_DOCUMENTO,GEOMETRY_OMEGA_TEORIA_COMPLETA_V1_0,90_FUENTES_INTEGRAS/GEOMETRY_OMEGA_TEORIA_COMPLETA_V1_0/GEOMETRY_OMEGA_TEORIA_COMPLETA_V1_0/05_RESULTADOS_NEGATIVOS_Y_CORRECCIONES/OMEGA_AUDITORIA_MODERNA_FASE_1_V61_V69__RESULTADOS_SUPERADOS_O_REFINADOS_V61_V69.csv,,"I=f(p) — igual p, distinta I",DOCUMENTO_DEL_PAQUETE,PUEDE_SOLAPAR_CON_CATALOGO_NEGATIVOS
NEG-V-0020,VEREDICTO_NORMALIZADO,REVISADA_REEMPLAZADA_O_SUPERADA,VEREDICTO_DE_MODELO_O_DOCUMENTO,GEOMETRY_OMEGA_TEORIA_COMPLETA_V1_0,90_FUENTES_INTEGRAS/GEOMETRY_OMEGA_TEORIA_COMPLETA_V1_0/GEOMETRY_OMEGA_TEORIA_COMPLETA_V1_0/05_RESULTADOS_NEGATIVOS_Y_CORRECCIONES/OMEGA_AUDITORIA_MODERNA_FASE_1_V61_V69__RESULTADOS_SUPERADOS_O_REFINADOS_V61_V69.csv,,1D implica masa — puede ser gapless,DOCUMENTO_DEL_PAQUETE,PUEDE_SOLAPAR_CON_CATALOGO_NEGATIVOS
NEG-V-0021,VEREDICTO_NORMALIZADO,REVISADA_REEMPLAZADA_O_SUPERADA,VEREDICTO_DE_MODELO_O_DOCUMENTO,GEOMETRY_OMEGA_TEORIA_COMPLETA_V1_0,90_FUENTES_INTEGRAS/GEOMETRY_OMEGA_TEORIA_COMPLETA_V1_0/GEOMETRY_OMEGA_TEORIA_COMPLETA_V1_0/05_RESULTADOS_NEGATIVOS_Y_CORRECCIONES/OMEGA_AUDITORIA_MODERNA_FASE_1_V61_V69__RESULTADOS_SUPERADOS_O_REFINADOS_V61_V69.csv,,orientación genera masa — sigue gapless,DOCUMENTO_DEL_PAQUETE,PUEDE_SOLAPAR_CON_CATALOGO_NEGATIVOS
NEG-V-0022,VEREDICTO_NORMALIZADO,REVISADA_REEMPLAZADA_O_SUPERADA,VEREDICTO_DE_MODELO_O_DOCUMENTO,GEOMETRY_OMEGA_TEORIA_COMPLETA_V1_0,90_FUENTES_INTEGRAS/GEOMETRY_OMEGA_TEORIA_COMPLETA_V1_0/GEOMETRY_OMEGA_TEORIA_COMPLETA_V1_0/05_RESULTADOS_NEGATIVOS_Y_CORRECCIONES/OMEGA_AUDITORIA_MODERNA_FASE_1_V61_V69__RESULTADOS_SUPERADOS_O_REFINADOS_V61_V69.csv,,holonomía fija da masa finita — E~1/n,DOCUMENTO_DEL_PAQUETE,PUEDE_SOLAPAR_CON_CATALOGO_NEGATIVOS
NEG-V-0023,VEREDICTO_NORMALIZADO,REVISADA_REEMPLAZADA_O_SUPERADA,VEREDICTO_DE_MODELO_O_DOCUMENTO,GEOMETRY_OMEGA_TEORIA_COMPLETA_V1_0,90_FUENTES_INTEGRAS/GEOMETRY_OMEGA_TEORIA_COMPLETA_V1_0/GEOMETRY_OMEGA_TEORIA_COMPLETA_V1_0/05_RESULTADOS_NEGATIVOS_Y_CORRECCIONES/OMEGA_AUDITORIA_MODERNA_FASE_1_V61_V69__RESULTADOS_SUPERADOS_O_REFINADOS_V61_V69.csv,,una protección basta — A/B/C resuelven problemas distintos,DOCUMENTO_DEL_PAQUETE,PUEDE_SOLAPAR_CON_CATALOGO_NEGATIVOS
NEG-V-0024,VEREDICTO_NORMALIZADO,REVISADA_REEMPLAZADA_O_SUPERADA,VEREDICTO_DE_MODELO_O_DOCUMENTO,GEOMETRY_OMEGA_TEORIA_COMPLETA_V1_0,90_FUENTES_INTEGRAS/GEOMETRY_OMEGA_TEORIA_COMPLETA_V1_0/GEOMETRY_OMEGA_TEORIA_COMPLETA_V1_0/05_RESULTADOS_NEGATIVOS_Y_CORRECCIONES/OMEGA_AUDITORIA_MODERNA_FASE_1_V61_V69__RESULTADOS_SUPERADOS_O_REFINADOS_V61_V69.csv,,más identidad siempre estabiliza — puede aumentar escapes definidos,DOCUMENTO_DEL_PAQUETE,PUEDE_SOLAPAR_CON_CATALOGO_NEGATIVOS
NEG-V-0025,VEREDICTO_NORMALIZADO,REVISADA_REEMPLAZADA_O_SUPERADA,VEREDICTO_DE_MODELO_O_DOCUMENTO,GEOMETRY_OMEGA_TEORIA_COMPLETA_V1_0,90_FUENTES_INTEGRAS/GEOMETRY_OMEGA_TEORIA_COMPLETA_V1_0/GEOMETRY_OMEGA_TEORIA_COMPLETA_V1_0/05_RESULTADOS_NEGATIVOS_Y_CORRECCIONES/OMEGA_AUDITORIA_MODERNA_FASE_1_V61_V69__RESULTADOS_SUPERADOS_O_REFINADOS_V61_V69.csv,,proxies Omega suficientes — peores que Z/sqrtQ,DOCUMENTO_DEL_PAQUETE,PUEDE_SOLAPAR_CON_CATALOGO_NEGATIVOS
NEG-V-0026,VEREDICTO_NORMALIZADO,REVISADA_REEMPLAZADA_O_SUPERADA,VEREDICTO_DE_MODELO_O_DOCUMENTO,GEOMETRY_OMEGA_TEORIA_COMPLETA_V1_0,90_FUENTES_INTEGRAS/GEOMETRY_OMEGA_TEORIA_COMPLETA_V1_0/GEOMETRY_OMEGA_TEORIA_COMPLETA_V1_0/05_RESULTADOS_NEGATIVOS_Y_CORRECCIONES/OMEGA_AUDITORIA_MODERNA_FASE_1_V61_V69__RESULTADOS_SUPERADOS_O_REFINADOS_V61_V69.csv,,término dominante basta — requiere extremo/identidad/curvatura,DOCUMENTO_DEL_PAQUETE,PUEDE_SOLAPAR_CON_CATALOGO_NEGATIVOS
NEG-V-0027,VEREDICTO_NORMALIZADO,REFUTADA_O_NO_APOYADA_EN_MODELO,VEREDICTO_DE_MODELO_O_DOCUMENTO,GEOMETRY_OMEGA_TEORIA_COMPLETA_V1_0,90_FUENTES_INTEGRAS/GEOMETRY_OMEGA_TEORIA_COMPLETA_V1_0/GEOMETRY_OMEGA_TEORIA_COMPLETA_V1_0/05_RESULTADOS_NEGATIVOS_Y_CORRECCIONES/OMEGA_AUDITORIA_MODERNA_FASE_1_V61_V69__RESULTADOS_SUPERADOS_O_REFINADOS_V61_V69.csv,,perfil micro supera forma efectiva — queda peor que v68,DOCUMENTO_DEL_PAQUETE,PUEDE_SOLAPAR_CON_CATALOGO_NEGATIVOS
NEG-V-0028,VEREDICTO_NORMALIZADO,REVISADA_REEMPLAZADA_O_SUPERADA,VEREDICTO_DE_MODELO_O_DOCUMENTO,GEOMETRY_OMEGA_TEORIA_COMPLETA_V1_0,90_FUENTES_INTEGRAS/GEOMETRY_OMEGA_TEORIA_COMPLETA_V1_0/GEOMETRY_OMEGA_TEORIA_COMPLETA_V1_0/05_RESULTADOS_NEGATIVOS_Y_CORRECCIONES/OMEGA_AUDITORIA_MODERNA_FASE_2_V70_V79__RESULTADOS_SUPERADOS_O_REFINADOS_V70_V79.csv,,Preformación explicada por composición — La mejora es modesta y proxies de capa no son universales.,DOCUMENTO_DEL_PAQUETE,PUEDE_SOLAPAR_CON_CATALOGO_NEGATIVOS
NEG-V-0029,VEREDICTO_NORMALIZADO,REFUTADA_O_NO_APOYADA_EN_MODELO,VEREDICTO_DE_MODELO_O_DOCUMENTO,GEOMETRY_OMEGA_TEORIA_COMPLETA_V1_0,90_FUENTES_INTEGRAS/GEOMETRY_OMEGA_TEORIA_COMPLETA_V1_0/GEOMETRY_OMEGA_TEORIA_COMPLETA_V1_0/05_RESULTADOS_NEGATIVOS_Y_CORRECCIONES/OMEGA_AUDITORIA_MODERNA_FASE_2_V70_V79__RESULTADOS_SUPERADOS_O_REFINADOS_V70_V79.csv,,Frontera global mejora cierre — El cierre duro/ponderado aislado empeora LOOCV.,DOCUMENTO_DEL_PAQUETE,PUEDE_SOLAPAR_CON_CATALOGO_NEGATIVOS
NEG-V-0030,VEREDICTO_NORMALIZADO,REVISADA_REEMPLAZADA_O_SUPERADA,VEREDICTO_DE_MODELO_O_DOCUMENTO,GEOMETRY_OMEGA_TEORIA_COMPLETA_V1_0,90_FUENTES_INTEGRAS/GEOMETRY_OMEGA_TEORIA_COMPLETA_V1_0/GEOMETRY_OMEGA_TEORIA_COMPLETA_V1_0/05_RESULTADOS_NEGATIVOS_Y_CORRECCIONES/OMEGA_AUDITORIA_MODERNA_FASE_2_V70_V79__RESULTADOS_SUPERADOS_O_REFINADOS_V70_V79.csv,,Identidad = mismo objeto/material — Se redefine como red histórica en una naturaleza.,DOCUMENTO_DEL_PAQUETE,PUEDE_SOLAPAR_CON_CATALOGO_NEGATIVOS
NEG-V-0031,VEREDICTO_NORMALIZADO,REVISADA_REEMPLAZADA_O_SUPERADA,VEREDICTO_DE_MODELO_O_DOCUMENTO,GEOMETRY_OMEGA_TEORIA_COMPLETA_V1_0,90_FUENTES_INTEGRAS/GEOMETRY_OMEGA_TEORIA_COMPLETA_V1_0/GEOMETRY_OMEGA_TEORIA_COMPLETA_V1_0/05_RESULTADOS_NEGATIVOS_Y_CORRECCIONES/OMEGA_AUDITORIA_MODERNA_FASE_2_V70_V79__RESULTADOS_SUPERADOS_O_REFINADOS_V70_V79.csv,,Identidad = atractor fijo — Gas es estadístico; estrella variedad lenta; metal jerárquico.,DOCUMENTO_DEL_PAQUETE,PUEDE_SOLAPAR_CON_CATALOGO_NEGATIVOS
NEG-V-0032,VEREDICTO_NORMALIZADO,REVISADA_REEMPLAZADA_O_SUPERADA,VEREDICTO_DE_MODELO_O_DOCUMENTO,GEOMETRY_OMEGA_TEORIA_COMPLETA_V1_0,90_FUENTES_INTEGRAS/GEOMETRY_OMEGA_TEORIA_COMPLETA_V1_0/GEOMETRY_OMEGA_TEORIA_COMPLETA_V1_0/05_RESULTADOS_NEGATIVOS_Y_CORRECCIONES/OMEGA_AUDITORIA_MODERNA_FASE_2_V70_V79__RESULTADOS_SUPERADOS_O_REFINADOS_V70_V79.csv,,Baja puntuación = muerte — Puede haber costo de retorno finito.,DOCUMENTO_DEL_PAQUETE,PUEDE_SOLAPAR_CON_CATALOGO_NEGATIVOS
NEG-V-0033,VEREDICTO_NORMALIZADO,REVISADA_REEMPLAZADA_O_SUPERADA,VEREDICTO_DE_MODELO_O_DOCUMENTO,GEOMETRY_OMEGA_TEORIA_COMPLETA_V1_0,90_FUENTES_INTEGRAS/GEOMETRY_OMEGA_TEORIA_COMPLETA_V1_0/GEOMETRY_OMEGA_TEORIA_COMPLETA_V1_0/05_RESULTADOS_NEGATIVOS_Y_CORRECCIONES/OMEGA_AUDITORIA_MODERNA_FASE_2_V70_V79__RESULTADOS_SUPERADOS_O_REFINADOS_V70_V79.csv,,Alta potencialidad radiativa implica límite energético — No; sólo exclusividad y finitud producen límite duro.,DOCUMENTO_DEL_PAQUETE,PUEDE_SOLAPAR_CON_CATALOGO_NEGATIVOS
NEG-V-0034,VEREDICTO_NORMALIZADO,REVISADA_REEMPLAZADA_O_SUPERADA,VEREDICTO_DE_MODELO_O_DOCUMENTO,GEOMETRY_OMEGA_TEORIA_COMPLETA_V1_0,90_FUENTES_INTEGRAS/GEOMETRY_OMEGA_TEORIA_COMPLETA_V1_0/GEOMETRY_OMEGA_TEORIA_COMPLETA_V1_0/05_RESULTADOS_NEGATIVOS_Y_CORRECCIONES/OMEGA_AUDITORIA_MODERNA_FASE_2_V70_V79__RESULTADOS_SUPERADOS_O_REFINADOS_V70_V79.csv,,Un régimen de ocupación universal — Ninguno reproduce todo; se favorece mezcla.,DOCUMENTO_DEL_PAQUETE,PUEDE_SOLAPAR_CON_CATALOGO_NEGATIVOS
NEG-V-0035,VEREDICTO_NORMALIZADO,REVISADA_REEMPLAZADA_O_SUPERADA,VEREDICTO_DE_MODELO_O_DOCUMENTO,GEOMETRY_OMEGA_TEORIA_COMPLETA_V1_0,90_FUENTES_INTEGRAS/GEOMETRY_OMEGA_TEORIA_COMPLETA_V1_0/GEOMETRY_OMEGA_TEORIA_COMPLETA_V1_0/05_RESULTADOS_NEGATIVOS_Y_CORRECCIONES/OMEGA_AUDITORIA_MODERNA_FASE_2_V70_V79__RESULTADOS_SUPERADOS_O_REFINADOS_V70_V79.csv,,Capacidad q_i fundamental — Puede emerger de d_i subcanales exclusivos.,DOCUMENTO_DEL_PAQUETE,PUEDE_SOLAPAR_CON_CATALOGO_NEGATIVOS
NEG-V-0036,VEREDICTO_NORMALIZADO,REFUTADA_O_NO_APOYADA_EN_MODELO,VEREDICTO_DE_MODELO_O_DOCUMENTO,GEOMETRY_OMEGA_TEORIA_COMPLETA_V1_0,90_FUENTES_INTEGRAS/GEOMETRY_OMEGA_TEORIA_COMPLETA_V1_0/GEOMETRY_OMEGA_TEORIA_COMPLETA_V1_0/05_RESULTADOS_NEGATIVOS_Y_CORRECCIONES/OMEGA_AUDITORIA_MODERNA_FASE_2_V70_V79__RESULTADOS_SUPERADOS_O_REFINADOS_V70_V79.csv,,Cierre 4pi implica exclusión — Son variables independientes.,DOCUMENTO_DEL_PAQUETE,PUEDE_SOLAPAR_CON_CATALOGO_NEGATIVOS
NEG-V-0037,VEREDICTO_NORMALIZADO,REFUTADA_O_NO_APOYADA_EN_MODELO,VEREDICTO_DE_MODELO_O_DOCUMENTO,GEOMETRY_OMEGA_TEORIA_COMPLETA_V1_0,90_FUENTES_INTEGRAS/GEOMETRY_OMEGA_TEORIA_COMPLETA_V1_0/GEOMETRY_OMEGA_TEORIA_COMPLETA_V1_0/05_RESULTADOS_NEGATIVOS_Y_CORRECCIONES/OMEGA_AUDITORIA_MODERNA_FASE_2_V70_V79__RESULTADOS_SUPERADOS_O_REFINADOS_V70_V79.csv,,"Dos intercambios = rotación 2pi — Produce ±i para cierre semientero, no -1.",DOCUMENTO_DEL_PAQUETE,PUEDE_SOLAPAR_CON_CATALOGO_NEGATIVOS
NEG-V-0038,VEREDICTO_NORMALIZADO,REVISADA_REEMPLAZADA_O_SUPERADA,VEREDICTO_DE_MODELO_O_DOCUMENTO,GEOMETRY_OMEGA_TEORIA_COMPLETA_V1_0,90_FUENTES_INTEGRAS/GEOMETRY_OMEGA_TEORIA_COMPLETA_V1_0/GEOMETRY_OMEGA_TEORIA_COMPLETA_V1_0/05_RESULTADOS_NEGATIVOS_Y_CORRECCIONES/OMEGA_AUDITORIA_MODERNA_FASE_3_V80_V86__RESULTADOS_SUPERADOS_O_REFINADOS_V80_V86.csv,,Cualquier fase unitaria sirve para intercambio — Intercambio involutivo exige eta²=1,DOCUMENTO_DEL_PAQUETE,PUEDE_SOLAPAR_CON_CATALOGO_NEGATIVOS
NEG-V-0039,VEREDICTO_NORMALIZADO,REFUTADA_O_NO_APOYADA_EN_MODELO,VEREDICTO_DE_MODELO_O_DOCUMENTO,GEOMETRY_OMEGA_TEORIA_COMPLETA_V1_0,90_FUENTES_INTEGRAS/GEOMETRY_OMEGA_TEORIA_COMPLETA_V1_0/GEOMETRY_OMEGA_TEORIA_COMPLETA_V1_0/05_RESULTADOS_NEGATIVOS_Y_CORRECCIONES/OMEGA_AUDITORIA_MODERNA_FASE_3_V80_V86__RESULTADOS_SUPERADOS_O_REFINADOS_V80_V86.csv,,Positividad/localidad seleccionan bosón o fermión — Ambos sectores son consistentes,DOCUMENTO_DEL_PAQUETE,PUEDE_SOLAPAR_CON_CATALOGO_NEGATIVOS
NEG-V-0040,VEREDICTO_NORMALIZADO,REFUTADA_O_NO_APOYADA_EN_MODELO,VEREDICTO_DE_MODELO_O_DOCUMENTO,GEOMETRY_OMEGA_TEORIA_COMPLETA_V1_0,90_FUENTES_INTEGRAS/GEOMETRY_OMEGA_TEORIA_COMPLETA_V1_0/GEOMETRY_OMEGA_TEORIA_COMPLETA_V1_0/05_RESULTADOS_NEGATIVOS_Y_CORRECCIONES/OMEGA_AUDITORIA_MODERNA_FASE_3_V80_V86__RESULTADOS_SUPERADOS_O_REFINADOS_V80_V86.csv,,Cadena causal finita selecciona espín–estadística — Las cuatro combinaciones sobreviven,DOCUMENTO_DEL_PAQUETE,PUEDE_SOLAPAR_CON_CATALOGO_NEGATIVOS
NEG-V-0041,VEREDICTO_NORMALIZADO,REFUTADA_O_NO_APOYADA_EN_MODELO,VEREDICTO_DE_MODELO_O_DOCUMENTO,GEOMETRY_OMEGA_TEORIA_COMPLETA_V1_0,90_FUENTES_INTEGRAS/GEOMETRY_OMEGA_TEORIA_COMPLETA_V1_0/GEOMETRY_OMEGA_TEORIA_COMPLETA_V1_0/05_RESULTADOS_NEGATIVOS_Y_CORRECCIONES/OMEGA_AUDITORIA_MODERNA_FASE_3_V80_V86__RESULTADOS_SUPERADOS_O_REFINADOS_V80_V86.csv,,Una amplitud escalar basta para propagación bidireccional — No existe solución local unitaria exacta de radio uno,DOCUMENTO_DEL_PAQUETE,PUEDE_SOLAPAR_CON_CATALOGO_NEGATIVOS
NEG-V-0042,VEREDICTO_NORMALIZADO,REFUTADA_O_NO_APOYADA_EN_MODELO,VEREDICTO_DE_MODELO_O_DOCUMENTO,GEOMETRY_OMEGA_TEORIA_COMPLETA_V1_0,90_FUENTES_INTEGRAS/GEOMETRY_OMEGA_TEORIA_COMPLETA_V1_0/GEOMETRY_OMEGA_TEORIA_COMPLETA_V1_0/05_RESULTADOS_NEGATIVOS_Y_CORRECCIONES/OMEGA_AUDITORIA_MODERNA_FASE_3_V80_V86__RESULTADOS_SUPERADOS_O_REFINADOS_V80_V86.csv,,Tres direcciones masivas caben en C² — Hace falta dimensión interna cuatro,DOCUMENTO_DEL_PAQUETE,PUEDE_SOLAPAR_CON_CATALOGO_NEGATIVOS
NEG-V-0043,VEREDICTO_NORMALIZADO,REFUTADA_O_NO_APOYADA_EN_MODELO,VEREDICTO_DE_MODELO_O_DOCUMENTO,GEOMETRY_OMEGA_TEORIA_COMPLETA_V1_0,90_FUENTES_INTEGRAS/GEOMETRY_OMEGA_TEORIA_COMPLETA_V1_0/GEOMETRY_OMEGA_TEORIA_COMPLETA_V1_0/05_RESULTADOS_NEGATIVOS_Y_CORRECCIONES/OMEGA_AUDITORIA_MODERNA_FASE_3_V80_V86__RESULTADOS_SUPERADOS_O_REFINADOS_V80_V86.csv,,τ+ y τ- son dos identidades independientes — Cada sector aislado pierde propagación e información,DOCUMENTO_DEL_PAQUETE,PUEDE_SOLAPAR_CON_CATALOGO_NEGATIVOS
NEG-V-0044,VEREDICTO_NORMALIZADO,REVISADA_REEMPLAZADA_O_SUPERADA,VEREDICTO_DE_MODELO_O_DOCUMENTO,GEOMETRY_OMEGA_TEORIA_COMPLETA_V1_0,90_FUENTES_INTEGRAS/GEOMETRY_OMEGA_TEORIA_COMPLETA_V1_0/GEOMETRY_OMEGA_TEORIA_COMPLETA_V1_0/05_RESULTADOS_NEGATIVOS_Y_CORRECCIONES/OMEGA_AUDITORIA_MODERNA_FASE_3_V80_V86__RESULTADOS_SUPERADOS_O_REFINADOS_V80_V86.csv,,Conjugación libre ya es antimateria física — Sólo es orientación complementaria hasta introducir carga,DOCUMENTO_DEL_PAQUETE,PUEDE_SOLAPAR_CON_CATALOGO_NEGATIVOS
NEG-V-0045,VEREDICTO_NORMALIZADO,REFUTADA_O_NO_APOYADA_EN_MODELO,VEREDICTO_DE_MODELO_O_DOCUMENTO,GEOMETRY_OMEGA_TEORIA_COMPLETA_V1_0,90_FUENTES_INTEGRAS/GEOMETRY_OMEGA_TEORIA_COMPLETA_V1_0/GEOMETRY_OMEGA_TEORIA_COMPLETA_V1_0/05_RESULTADOS_NEGATIVOS_Y_CORRECCIONES/OMEGA_AUDITORIA_MODERNA_FASE_3_V80_V86__RESULTADOS_SUPERADOS_O_REFINADOS_V80_V86.csv,,Vacío completamente vacío es estable — La rama negativa ocupada es el mínimo local finito,DOCUMENTO_DEL_PAQUETE,PUEDE_SOLAPAR_CON_CATALOGO_NEGATIVOS
NEG-V-0046,VEREDICTO_NORMALIZADO,REFUTADA_O_NO_APOYADA_EN_MODELO,VEREDICTO_DE_MODELO_O_DOCUMENTO,GEOMETRY_OMEGA_TEORIA_COMPLETA_V1_0,90_FUENTES_INTEGRAS/GEOMETRY_OMEGA_TEORIA_COMPLETA_V1_0/GEOMETRY_OMEGA_TEORIA_COMPLETA_V1_0/05_RESULTADOS_NEGATIVOS_Y_CORRECCIONES/OMEGA_AUDITORIA_MODERNA_FASE_3_V80_V86__RESULTADOS_SUPERADOS_O_REFINADOS_V80_V86.csv,,Rama negativa ilimitadamente ocupable — Destruye la cota inferior,DOCUMENTO_DEL_PAQUETE,PUEDE_SOLAPAR_CON_CATALOGO_NEGATIVOS
NEG-V-0047,VEREDICTO_NORMALIZADO,LIMITADA_O_CONVENCIONAL,VEREDICTO_DE_MODELO_O_DOCUMENTO,GEOMETRY_OMEGA_TEORIA_COMPLETA_V1_0,90_FUENTES_INTEGRAS/GEOMETRY_OMEGA_TEORIA_COMPLETA_V1_0/GEOMETRY_OMEGA_TEORIA_COMPLETA_V1_0/05_RESULTADOS_NEGATIVOS_Y_CORRECCIONES/OMEGA_AUDITORIA_MODERNA_FINAL_V83_V90__RESULTADOS_SUPERADOS_O_REFINADOS_V83_V90.csv,,Clifford = espín físico — Falta grupo de rotaciones y estadística.,DOCUMENTO_DEL_PAQUETE,PUEDE_SOLAPAR_CON_CATALOGO_NEGATIVOS
NEG-V-0048,VEREDICTO_NORMALIZADO,REFUTADA_O_NO_APOYADA_EN_MODELO,VEREDICTO_DE_MODELO_O_DOCUMENTO,GEOMETRY_OMEGA_TEORIA_COMPLETA_V1_0,90_FUENTES_INTEGRAS/GEOMETRY_OMEGA_TEORIA_COMPLETA_V1_0/GEOMETRY_OMEGA_TEORIA_COMPLETA_V1_0/05_RESULTADOS_NEGATIVOS_Y_CORRECCIONES/OMEGA_AUDITORIA_MODERNA_FINAL_V83_V90__RESULTADOS_SUPERADOS_O_REFINADOS_V83_V90.csv,,τ± = partícula/antipartícula — Son orientaciones inseparables antes de carga.,DOCUMENTO_DEL_PAQUETE,PUEDE_SOLAPAR_CON_CATALOGO_NEGATIVOS
NEG-V-0049,VEREDICTO_NORMALIZADO,REVISADA_REEMPLAZADA_O_SUPERADA,VEREDICTO_DE_MODELO_O_DOCUMENTO,GEOMETRY_OMEGA_TEORIA_COMPLETA_V1_0,90_FUENTES_INTEGRAS/GEOMETRY_OMEGA_TEORIA_COMPLETA_V1_0/GEOMETRY_OMEGA_TEORIA_COMPLETA_V1_0/05_RESULTADOS_NEGATIVOS_Y_CORRECCIONES/OMEGA_AUDITORIA_MODERNA_FINAL_V83_V90__RESULTADOS_SUPERADOS_O_REFINADOS_V83_V90.csv,,Conjugación = antimateria física — Requiere interacción conjugada.,DOCUMENTO_DEL_PAQUETE,PUEDE_SOLAPAR_CON_CATALOGO_NEGATIVOS
NEG-V-0050,VEREDICTO_NORMALIZADO,REFUTADA_O_NO_APOYADA_EN_MODELO,VEREDICTO_DE_MODELO_O_DOCUMENTO,GEOMETRY_OMEGA_TEORIA_COMPLETA_V1_0,90_FUENTES_INTEGRAS/GEOMETRY_OMEGA_TEORIA_COMPLETA_V1_0/GEOMETRY_OMEGA_TEORIA_COMPLETA_V1_0/05_RESULTADOS_NEGATIVOS_Y_CORRECCIONES/OMEGA_AUDITORIA_MODERNA_FINAL_V83_V90__RESULTADOS_SUPERADOS_O_REFINADOS_V83_V90.csv,,Vacío lleno resuelve infinito — Sólo finito con corte.,DOCUMENTO_DEL_PAQUETE,PUEDE_SOLAPAR_CON_CATALOGO_NEGATIVOS
NEG-V-0051,VEREDICTO_NORMALIZADO,REFUTADA_O_NO_APOYADA_EN_MODELO,VEREDICTO_DE_MODELO_O_DOCUMENTO,GEOMETRY_OMEGA_TEORIA_COMPLETA_V1_0,90_FUENTES_INTEGRAS/GEOMETRY_OMEGA_TEORIA_COMPLETA_V1_0/GEOMETRY_OMEGA_TEORIA_COMPLETA_V1_0/05_RESULTADOS_NEGATIVOS_Y_CORRECCIONES/OMEGA_AUDITORIA_MODERNA_FINAL_V83_V90__RESULTADOS_SUPERADOS_O_REFINADOS_V83_V90.csv,,Sustracción = renormalización completa — No.,DOCUMENTO_DEL_PAQUETE,PUEDE_SOLAPAR_CON_CATALOGO_NEGATIVOS
NEG-V-0052,VEREDICTO_NORMALIZADO,REVISADA_REEMPLAZADA_O_SUPERADA,VEREDICTO_DE_MODELO_O_DOCUMENTO,GEOMETRY_OMEGA_TEORIA_COMPLETA_V1_0,90_FUENTES_INTEGRAS/GEOMETRY_OMEGA_TEORIA_COMPLETA_V1_0/GEOMETRY_OMEGA_TEORIA_COMPLETA_V1_0/05_RESULTADOS_NEGATIVOS_Y_CORRECCIONES/OMEGA_AUDITORIA_MODERNA_FINAL_V83_V90__RESULTADOS_SUPERADOS_O_REFINADOS_V83_V90.csv,,Conexión = electromagnetismo completo — Faltaban dinámica y fuentes.,DOCUMENTO_DEL_PAQUETE,PUEDE_SOLAPAR_CON_CATALOGO_NEGATIVOS
NEG-V-0053,VEREDICTO_NORMALIZADO,REVISADA_REEMPLAZADA_O_SUPERADA,VEREDICTO_DE_MODELO_O_DOCUMENTO,GEOMETRY_OMEGA_TEORIA_COMPLETA_V1_0,90_FUENTES_INTEGRAS/GEOMETRY_OMEGA_TEORIA_COMPLETA_V1_0/GEOMETRY_OMEGA_TEORIA_COMPLETA_V1_0/05_RESULTADOS_NEGATIVOS_Y_CORRECCIONES/OMEGA_AUDITORIA_MODERNA_FINAL_V83_V90__RESULTADOS_SUPERADOS_O_REFINADOS_V83_V90.csv,,F² microscópico exacto — Es límite débil.,DOCUMENTO_DEL_PAQUETE,PUEDE_SOLAPAR_CON_CATALOGO_NEGATIVOS
NEG-V-0054,VEREDICTO_NORMALIZADO,REVISADA_REEMPLAZADA_O_SUPERADA,VEREDICTO_DE_MODELO_O_DOCUMENTO,GEOMETRY_OMEGA_TEORIA_COMPLETA_V1_0,90_FUENTES_INTEGRAS/GEOMETRY_OMEGA_TEORIA_COMPLETA_V1_0/GEOMETRY_OMEGA_TEORIA_COMPLETA_V1_0/05_RESULTADOS_NEGATIVOS_Y_CORRECCIONES/OMEGA_AUDITORIA_MODERNA_FINAL_V83_V90__RESULTADOS_SUPERADOS_O_REFINADOS_V83_V90.csv,,"Electromagnetismo ya completo — Faltan cuantización, unidades y acoplamiento dinámico.",DOCUMENTO_DEL_PAQUETE,PUEDE_SOLAPAR_CON_CATALOGO_NEGATIVOS
NEG-V-0055,VEREDICTO_NORMALIZADO,REVISADA_REEMPLAZADA_O_SUPERADA,VEREDICTO_DE_MODELO_O_DOCUMENTO,GEOMETRY_OMEGA_TEORIA_COMPLETA_V1_0,90_FUENTES_INTEGRAS/GEOMETRY_OMEGA_TEORIA_COMPLETA_V1_0/GEOMETRY_OMEGA_TEORIA_COMPLETA_V1_0/09_AUDITORIAS_COMPLETAS/OMEGA_AUDITORIA_FASE_4_DOCS_31_40/06_ESTADO_CIENTIFICO/RESULTADOS_SUPERADOS_CORREGIDOS_DOCS_31_40.csv,,Grupo estándar derivado — Sólo compatible; requiere separabilidad operacional,AUDITORIA_SECUNDARIA,PUEDE_SOLAPAR_CON_CATALOGO_NEGATIVOS
NEG-V-0056,VEREDICTO_NORMALIZADO,REFUTADA_O_NO_APOYADA_EN_MODELO,VEREDICTO_DE_MODELO_O_DOCUMENTO,GEOMETRY_OMEGA_TEORIA_COMPLETA_V1_0,90_FUENTES_INTEGRAS/GEOMETRY_OMEGA_TEORIA_COMPLETA_V1_0/GEOMETRY_OMEGA_TEORIA_COMPLETA_V1_0/09_AUDITORIAS_COMPLETAS/OMEGA_AUDITORIA_FASE_4_DOCS_31_40/06_ESTADO_CIENTIFICO/RESULTADOS_SUPERADOS_CORREGIDOS_DOCS_31_40.csv,,"Tres (3,2) forman singlete — No hay singlete SU(2) total",AUDITORIA_SECUNDARIA,PUEDE_SOLAPAR_CON_CATALOGO_NEGATIVOS
NEG-V-0057,VEREDICTO_NORMALIZADO,REVISADA_REEMPLAZADA_O_SUPERADA,VEREDICTO_DE_MODELO_O_DOCUMENTO,GEOMETRY_OMEGA_TEORIA_COMPLETA_V1_0,90_FUENTES_INTEGRAS/GEOMETRY_OMEGA_TEORIA_COMPLETA_V1_0/GEOMETRY_OMEGA_TEORIA_COMPLETA_V1_0/09_AUDITORIAS_COMPLETAS/OMEGA_AUDITORIA_FASE_4_DOCS_31_40/06_ESTADO_CIENTIFICO/RESULTADOS_SUPERADOS_CORREGIDOS_DOCS_31_40.csv,,Orientación causal da masa — Requiere Phi0,AUDITORIA_SECUNDARIA,PUEDE_SOLAPAR_CON_CATALOGO_NEGATIVOS
NEG-V-0058,VEREDICTO_NORMALIZADO,REVISADA_REEMPLAZADA_O_SUPERADA,VEREDICTO_DE_MODELO_O_DOCUMENTO,GEOMETRY_OMEGA_TEORIA_COMPLETA_V1_0,90_FUENTES_INTEGRAS/GEOMETRY_OMEGA_TEORIA_COMPLETA_V1_0/GEOMETRY_OMEGA_TEORIA_COMPLETA_V1_0/09_AUDITORIAS_COMPLETAS/OMEGA_AUDITORIA_FASE_4_DOCS_31_40/06_ESTADO_CIENTIFICO/RESULTADOS_SUPERADOS_CORREGIDOS_DOCS_31_40.csv,,Mínimo positivo universal — No demostrado,AUDITORIA_SECUNDARIA,PUEDE_SOLAPAR_CON_CATALOGO_NEGATIVOS
NEG-V-0059,VEREDICTO_NORMALIZADO,REVISADA_REEMPLAZADA_O_SUPERADA,VEREDICTO_DE_MODELO_O_DOCUMENTO,GEOMETRY_OMEGA_TEORIA_COMPLETA_V1_0,90_FUENTES_INTEGRAS/GEOMETRY_OMEGA_TEORIA_COMPLETA_V1_0/GEOMETRY_OMEGA_TEORIA_COMPLETA_V1_0/09_AUDITORIAS_COMPLETAS/OMEGA_AUDITORIA_FASE_4_DOCS_31_40/06_ESTADO_CIENTIFICO/RESULTADOS_SUPERADOS_CORREGIDOS_DOCS_31_40.csv,,Hilo fractal basta para 3D — Falla topología/localidad/propagación,AUDITORIA_SECUNDARIA,PUEDE_SOLAPAR_CON_CATALOGO_NEGATIVOS
NEG-V-0060,VEREDICTO_NORMALIZADO,REVISADA_REEMPLAZADA_O_SUPERADA,VEREDICTO_DE_MODELO_O_DOCUMENTO,GEOMETRY_OMEGA_TEORIA_COMPLETA_V1_0,90_FUENTES_INTEGRAS/GEOMETRY_OMEGA_TEORIA_COMPLETA_V1_0/GEOMETRY_OMEGA_TEORIA_COMPLETA_V1_0/09_AUDITORIAS_COMPLETAS/OMEGA_AUDITORIA_FASE_4_DOCS_31_40/06_ESTADO_CIENTIFICO/RESULTADOS_SUPERADOS_CORREGIDOS_DOCS_31_40.csv,,Eficiencia selecciona d=3 — Depende del costo,AUDITORIA_SECUNDARIA,PUEDE_SOLAPAR_CON_CATALOGO_NEGATIVOS
NEG-V-0061,VEREDICTO_NORMALIZADO,REVISADA_REEMPLAZADA_O_SUPERADA,VEREDICTO_DE_MODELO_O_DOCUMENTO,GEOMETRY_OMEGA_TEORIA_COMPLETA_V1_0,90_FUENTES_INTEGRAS/GEOMETRY_OMEGA_TEORIA_COMPLETA_V1_0/GEOMETRY_OMEGA_TEORIA_COMPLETA_V1_0/09_AUDITORIAS_COMPLETAS/OMEGA_AUDITORIA_FASE_4_DOCS_31_40/06_ESTADO_CIENTIFICO/RESULTADOS_SUPERADOS_CORREGIDOS_DOCS_31_40.csv,,Ciclos seleccionan d=3 — Sólo bandas estrechas,AUDITORIA_SECUNDARIA,PUEDE_SOLAPAR_CON_CATALOGO_NEGATIVOS
NEG-V-0062,VEREDICTO_NORMALIZADO,REVISADA_REEMPLAZADA_O_SUPERADA,VEREDICTO_DE_MODELO_O_DOCUMENTO,GEOMETRY_OMEGA_TEORIA_COMPLETA_V1_0,90_FUENTES_INTEGRAS/GEOMETRY_OMEGA_TEORIA_COMPLETA_V1_0/GEOMETRY_OMEGA_TEORIA_COMPLETA_V1_0/09_AUDITORIAS_COMPLETAS/OMEGA_AUDITORIA_FASE_4_DOCS_31_40/06_ESTADO_CIENTIFICO/RESULTADOS_SUPERADOS_CORREGIDOS_DOCS_31_40.csv,,Canales cuánticos seleccionan d=3 — Favorecen extremos,AUDITORIA_SECUNDARIA,PUEDE_SOLAPAR_CON_CATALOGO_NEGATIVOS
NEG-V-0063,VEREDICTO_NORMALIZADO,LIMITADA_O_CONVENCIONAL,VEREDICTO_DE_MODELO_O_DOCUMENTO,GEOMETRY_OMEGA_TEORIA_COMPLETA_V1_0,90_FUENTES_INTEGRAS/GEOMETRY_OMEGA_TEORIA_COMPLETA_V1_0/GEOMETRY_OMEGA_TEORIA_COMPLETA_V1_0/09_AUDITORIAS_COMPLETAS/OMEGA_AUDITORIA_FASE_4_DOCS_31_40/06_ESTADO_CIENTIFICO/RESULTADOS_SUPERADOS_CORREGIDOS_DOCS_31_40.csv,,Pauli deriva espacio físico — Sólo 3D interna,AUDITORIA_SECUNDARIA,PUEDE_SOLAPAR_CON_CATALOGO_NEGATIVOS
NEG-V-0064,VEREDICTO_NORMALIZADO,REVISADA_REEMPLAZADA_O_SUPERADA,VEREDICTO_DE_MODELO_O_DOCUMENTO,GEOMETRY_OMEGA_TEORIA_COMPLETA_V1_0,90_FUENTES_INTEGRAS/GEOMETRY_OMEGA_TEORIA_COMPLETA_V1_0/GEOMETRY_OMEGA_TEORIA_COMPLETA_V1_0/09_AUDITORIAS_COMPLETAS/OMEGA_AUDITORIA_FASE_5_DOCS_41_50/06_ESTADO_CIENTIFICO/RESULTADOS_SUPERADOS_CORREGIDOS_DOCS_41_50.csv,,Cierre de ciclos selecciona d=3 — Sólo impone integrabilidad y conserva el rango construido,AUDITORIA_SECUNDARIA,PUEDE_SOLAPAR_CON_CATALOGO_NEGATIVOS
NEG-V-0066,VEREDICTO_NORMALIZADO,LIMITADA_O_CONVENCIONAL,VEREDICTO_DE_MODELO_O_DOCUMENTO,GEOMETRY_OMEGA_TEORIA_COMPLETA_V1_0,90_FUENTES_INTEGRAS/GEOMETRY_OMEGA_TEORIA_COMPLETA_V1_0/GEOMETRY_OMEGA_TEORIA_COMPLETA_V1_0/09_AUDITORIAS_COMPLETAS/OMEGA_AUDITORIA_FASE_5_DOCS_41_50/06_ESTADO_CIENTIFICO/RESULTADOS_SUPERADOS_CORREGIDOS_DOCS_41_50.csv,,Sectores 1+3+5 son campos físicos — Es sólo descomposición algebraica,AUDITORIA_SECUNDARIA,PUEDE_SOLAPAR_CON_CATALOGO_NEGATIVOS
NEG-V-0068,VEREDICTO_NORMALIZADO,REVISADA_REEMPLAZADA_O_SUPERADA,VEREDICTO_DE_MODELO_O_DOCUMENTO,GEOMETRY_OMEGA_TEORIA_COMPLETA_V1_0,90_FUENTES_INTEGRAS/GEOMETRY_OMEGA_TEORIA_COMPLETA_V1_0/GEOMETRY_OMEGA_TEORIA_COMPLETA_V1_0/09_AUDITORIAS_COMPLETAS/OMEGA_AUDITORIA_FASE_5_DOCS_41_50/06_ESTADO_CIENTIFICO/RESULTADOS_SUPERADOS_CORREGIDOS_DOCS_41_50.csv,,Isotropía exacta microscópica — Se rompe a alta k,AUDITORIA_SECUNDARIA,PUEDE_SOLAPAR_CON_CATALOGO_NEGATIVOS
NEG-V-0069,VEREDICTO_NORMALIZADO,REVISADA_REEMPLAZADA_O_SUPERADA,VEREDICTO_DE_MODELO_O_DOCUMENTO,GEOMETRY_OMEGA_TEORIA_COMPLETA_V1_0,90_FUENTES_INTEGRAS/GEOMETRY_OMEGA_TEORIA_COMPLETA_V1_0/GEOMETRY_OMEGA_TEORIA_COMPLETA_V1_0/09_AUDITORIAS_COMPLETAS/OMEGA_AUDITORIA_FASE_5_DOCS_41_50/06_ESTADO_CIENTIFICO/RESULTADOS_SUPERADOS_CORREGIDOS_DOCS_41_50.csv,,Semigrupo prohíbe agujero blanco — Sólo vuelve inestable la inversión reducida,AUDITORIA_SECUNDARIA,PUEDE_SOLAPAR_CON_CATALOGO_NEGATIVOS
NEG-V-0070,VEREDICTO_NORMALIZADO,REVISADA_REEMPLAZADA_O_SUPERADA,VEREDICTO_DE_MODELO_O_DOCUMENTO,GEOMETRY_OMEGA_TEORIA_COMPLETA_V1_0,90_FUENTES_INTEGRAS/GEOMETRY_OMEGA_TEORIA_COMPLETA_V1_0/GEOMETRY_OMEGA_TEORIA_COMPLETA_V1_0/09_AUDITORIAS_COMPLETAS/OMEGA_AUDITORIA_FASE_5_DOCS_41_50/06_ESTADO_CIENTIFICO/RESULTADOS_SUPERADOS_CORREGIDOS_DOCS_41_50.csv,,No unitariedad fundamental — La dinámica global puede seguir unitaria,AUDITORIA_SECUNDARIA,PUEDE_SOLAPAR_CON_CATALOGO_NEGATIVOS
NEG-V-0071,VEREDICTO_NORMALIZADO,REVISADA_REEMPLAZADA_O_SUPERADA,VEREDICTO_DE_MODELO_O_DOCUMENTO,GEOMETRY_OMEGA_TEORIA_COMPLETA_V1_0,90_FUENTES_INTEGRAS/GEOMETRY_OMEGA_TEORIA_COMPLETA_V1_0/GEOMETRY_OMEGA_TEORIA_COMPLETA_V1_0/09_AUDITORIAS_COMPLETAS/OMEGA_AUDITORIA_FASE_5_DOCS_41_50/06_ESTADO_CIENTIFICO/RESULTADOS_SUPERADOS_CORREGIDOS_DOCS_41_50.csv,,Colapso irreversible fundamental — Irreversibilidad surge al ignorar ancillas,AUDITORIA_SECUNDARIA,PUEDE_SOLAPAR_CON_CATALOGO_NEGATIVOS
NEG-V-0072,VEREDICTO_NORMALIZADO,REVISADA_REEMPLAZADA_O_SUPERADA,VEREDICTO_DE_MODELO_O_DOCUMENTO,GEOMETRY_OMEGA_TEORIA_COMPLETA_V1_0,90_FUENTES_INTEGRAS/GEOMETRY_OMEGA_TEORIA_COMPLETA_V1_0/GEOMETRY_OMEGA_TEORIA_COMPLETA_V1_0/09_AUDITORIAS_COMPLETAS/OMEGA_AUDITORIA_FASE_5_DOCS_41_50/06_ESTADO_CIENTIFICO/RESULTADOS_SUPERADOS_CORREGIDOS_DOCS_41_50.csv,,Espectro exactamente térmico — Sólo es térmico localmente en omega pequeña,AUDITORIA_SECUNDARIA,PUEDE_SOLAPAR_CON_CATALOGO_NEGATIVOS
NEG-V-0073,VEREDICTO_NORMALIZADO,REVISADA_REEMPLAZADA_O_SUPERADA,VEREDICTO_DE_MODELO_O_DOCUMENTO,GEOMETRY_OMEGA_TEORIA_COMPLETA_V1_0,90_FUENTES_INTEGRAS/GEOMETRY_OMEGA_TEORIA_COMPLETA_V1_0/GEOMETRY_OMEGA_TEORIA_COMPLETA_V1_0/09_AUDITORIAS_COMPLETAS/OMEGA_AUDITORIA_MODERNA_FASE_1_V61_V69/06_ESTADO_CIENTIFICO/RESULTADOS_SUPERADOS_O_REFINADOS_V61_V69.csv,,"I=f(p) — igual p, distinta I",AUDITORIA_SECUNDARIA,PUEDE_SOLAPAR_CON_CATALOGO_NEGATIVOS
NEG-V-0074,VEREDICTO_NORMALIZADO,REVISADA_REEMPLAZADA_O_SUPERADA,VEREDICTO_DE_MODELO_O_DOCUMENTO,GEOMETRY_OMEGA_TEORIA_COMPLETA_V1_0,90_FUENTES_INTEGRAS/GEOMETRY_OMEGA_TEORIA_COMPLETA_V1_0/GEOMETRY_OMEGA_TEORIA_COMPLETA_V1_0/09_AUDITORIAS_COMPLETAS/OMEGA_AUDITORIA_MODERNA_FASE_1_V61_V69/06_ESTADO_CIENTIFICO/RESULTADOS_SUPERADOS_O_REFINADOS_V61_V69.csv,,1D implica masa — puede ser gapless,AUDITORIA_SECUNDARIA,PUEDE_SOLAPAR_CON_CATALOGO_NEGATIVOS
NEG-V-0075,VEREDICTO_NORMALIZADO,REVISADA_REEMPLAZADA_O_SUPERADA,VEREDICTO_DE_MODELO_O_DOCUMENTO,GEOMETRY_OMEGA_TEORIA_COMPLETA_V1_0,90_FUENTES_INTEGRAS/GEOMETRY_OMEGA_TEORIA_COMPLETA_V1_0/GEOMETRY_OMEGA_TEORIA_COMPLETA_V1_0/09_AUDITORIAS_COMPLETAS/OMEGA_AUDITORIA_MODERNA_FASE_1_V61_V69/06_ESTADO_CIENTIFICO/RESULTADOS_SUPERADOS_O_REFINADOS_V61_V69.csv,,orientación genera masa — sigue gapless,AUDITORIA_SECUNDARIA,PUEDE_SOLAPAR_CON_CATALOGO_NEGATIVOS
NEG-V-0076,VEREDICTO_NORMALIZADO,REVISADA_REEMPLAZADA_O_SUPERADA,VEREDICTO_DE_MODELO_O_DOCUMENTO,GEOMETRY_OMEGA_TEORIA_COMPLETA_V1_0,90_FUENTES_INTEGRAS/GEOMETRY_OMEGA_TEORIA_COMPLETA_V1_0/GEOMETRY_OMEGA_TEORIA_COMPLETA_V1_0/09_AUDITORIAS_COMPLETAS/OMEGA_AUDITORIA_MODERNA_FASE_1_V61_V69/06_ESTADO_CIENTIFICO/RESULTADOS_SUPERADOS_O_REFINADOS_V61_V69.csv,,holonomía fija da masa finita — E~1/n,AUDITORIA_SECUNDARIA,PUEDE_SOLAPAR_CON_CATALOGO_NEGATIVOS
NEG-V-0077,VEREDICTO_NORMALIZADO,REVISADA_REEMPLAZADA_O_SUPERADA,VEREDICTO_DE_MODELO_O_DOCUMENTO,GEOMETRY_OMEGA_TEORIA_COMPLETA_V1_0,90_FUENTES_INTEGRAS/GEOMETRY_OMEGA_TEORIA_COMPLETA_V1_0/GEOMETRY_OMEGA_TEORIA_COMPLETA_V1_0/09_AUDITORIAS_COMPLETAS/OMEGA_AUDITORIA_MODERNA_FASE_1_V61_V69/06_ESTADO_CIENTIFICO/RESULTADOS_SUPERADOS_O_REFINADOS_V61_V69.csv,,una protección basta — A/B/C resuelven problemas distintos,AUDITORIA_SECUNDARIA,PUEDE_SOLAPAR_CON_CATALOGO_NEGATIVOS
NEG-V-0078,VEREDICTO_NORMALIZADO,REVISADA_REEMPLAZADA_O_SUPERADA,VEREDICTO_DE_MODELO_O_DOCUMENTO,GEOMETRY_OMEGA_TEORIA_COMPLETA_V1_0,90_FUENTES_INTEGRAS/GEOMETRY_OMEGA_TEORIA_COMPLETA_V1_0/GEOMETRY_OMEGA_TEORIA_COMPLETA_V1_0/09_AUDITORIAS_COMPLETAS/OMEGA_AUDITORIA_MODERNA_FASE_1_V61_V69/06_ESTADO_CIENTIFICO/RESULTADOS_SUPERADOS_O_REFINADOS_V61_V69.csv,,más identidad siempre estabiliza — puede aumentar escapes definidos,AUDITORIA_SECUNDARIA,PUEDE_SOLAPAR_CON_CATALOGO_NEGATIVOS
NEG-V-0079,VEREDICTO_NORMALIZADO,REVISADA_REEMPLAZADA_O_SUPERADA,VEREDICTO_DE_MODELO_O_DOCUMENTO,GEOMETRY_OMEGA_TEORIA_COMPLETA_V1_0,90_FUENTES_INTEGRAS/GEOMETRY_OMEGA_TEORIA_COMPLETA_V1_0/GEOMETRY_OMEGA_TEORIA_COMPLETA_V1_0/09_AUDITORIAS_COMPLETAS/OMEGA_AUDITORIA_MODERNA_FASE_1_V61_V69/06_ESTADO_CIENTIFICO/RESULTADOS_SUPERADOS_O_REFINADOS_V61_V69.csv,,proxies Omega suficientes — peores que Z/sqrtQ,AUDITORIA_SECUNDARIA,PUEDE_SOLAPAR_CON_CATALOGO_NEGATIVOS
NEG-V-0080,VEREDICTO_NORMALIZADO,REVISADA_REEMPLAZADA_O_SUPERADA,VEREDICTO_DE_MODELO_O_DOCUMENTO,GEOMETRY_OMEGA_TEORIA_COMPLETA_V1_0,90_FUENTES_INTEGRAS/GEOMETRY_OMEGA_TEORIA_COMPLETA_V1_0/GEOMETRY_OMEGA_TEORIA_COMPLETA_V1_0/09_AUDITORIAS_COMPLETAS/OMEGA_AUDITORIA_MODERNA_FASE_1_V61_V69/06_ESTADO_CIENTIFICO/RESULTADOS_SUPERADOS_O_REFINADOS_V61_V69.csv,,término dominante basta — requiere extremo/identidad/curvatura,AUDITORIA_SECUNDARIA,PUEDE_SOLAPAR_CON_CATALOGO_NEGATIVOS
NEG-V-0081,VEREDICTO_NORMALIZADO,REFUTADA_O_NO_APOYADA_EN_MODELO,VEREDICTO_DE_MODELO_O_DOCUMENTO,GEOMETRY_OMEGA_TEORIA_COMPLETA_V1_0,90_FUENTES_INTEGRAS/GEOMETRY_OMEGA_TEORIA_COMPLETA_V1_0/GEOMETRY_OMEGA_TEORIA_COMPLETA_V1_0/09_AUDITORIAS_COMPLETAS/OMEGA_AUDITORIA_MODERNA_FASE_1_V61_V69/06_ESTADO_CIENTIFICO/RESULTADOS_SUPERADOS_O_REFINADOS_V61_V69.csv,,perfil micro supera forma efectiva — queda peor que v68,AUDITORIA_SECUNDARIA,PUEDE_SOLAPAR_CON_CATALOGO_NEGATIVOS
NEG-V-0082,VEREDICTO_NORMALIZADO,REVISADA_REEMPLAZADA_O_SUPERADA,VEREDICTO_DE_MODELO_O_DOCUMENTO,GEOMETRY_OMEGA_TEORIA_COMPLETA_V1_0,90_FUENTES_INTEGRAS/GEOMETRY_OMEGA_TEORIA_COMPLETA_V1_0/GEOMETRY_OMEGA_TEORIA_COMPLETA_V1_0/09_AUDITORIAS_COMPLETAS/OMEGA_AUDITORIA_MODERNA_FASE_2_V70_V79/06_ESTADO_CIENTIFICO/RESULTADOS_SUPERADOS_O_REFINADOS_V70_V79.csv,,Preformación explicada por composición — La mejora es modesta y proxies de capa no son universales.,AUDITORIA_SECUNDARIA,PUEDE_SOLAPAR_CON_CATALOGO_NEGATIVOS
NEG-V-0083,VEREDICTO_NORMALIZADO,REFUTADA_O_NO_APOYADA_EN_MODELO,VEREDICTO_DE_MODELO_O_DOCUMENTO,GEOMETRY_OMEGA_TEORIA_COMPLETA_V1_0,90_FUENTES_INTEGRAS/GEOMETRY_OMEGA_TEORIA_COMPLETA_V1_0/GEOMETRY_OMEGA_TEORIA_COMPLETA_V1_0/09_AUDITORIAS_COMPLETAS/OMEGA_AUDITORIA_MODERNA_FASE_2_V70_V79/06_ESTADO_CIENTIFICO/RESULTADOS_SUPERADOS_O_REFINADOS_V70_V79.csv,,Frontera global mejora cierre — El cierre duro/ponderado aislado empeora LOOCV.,AUDITORIA_SECUNDARIA,PUEDE_SOLAPAR_CON_CATALOGO_NEGATIVOS
NEG-V-0084,VEREDICTO_NORMALIZADO,REVISADA_REEMPLAZADA_O_SUPERADA,VEREDICTO_DE_MODELO_O_DOCUMENTO,GEOMETRY_OMEGA_TEORIA_COMPLETA_V1_0,90_FUENTES_INTEGRAS/GEOMETRY_OMEGA_TEORIA_COMPLETA_V1_0/GEOMETRY_OMEGA_TEORIA_COMPLETA_V1_0/09_AUDITORIAS_COMPLETAS/OMEGA_AUDITORIA_MODERNA_FASE_2_V70_V79/06_ESTADO_CIENTIFICO/RESULTADOS_SUPERADOS_O_REFINADOS_V70_V79.csv,,Identidad = mismo objeto/material — Se redefine como red histórica en una naturaleza.,AUDITORIA_SECUNDARIA,PUEDE_SOLAPAR_CON_CATALOGO_NEGATIVOS
NEG-V-0085,VEREDICTO_NORMALIZADO,REVISADA_REEMPLAZADA_O_SUPERADA,VEREDICTO_DE_MODELO_O_DOCUMENTO,GEOMETRY_OMEGA_TEORIA_COMPLETA_V1_0,90_FUENTES_INTEGRAS/GEOMETRY_OMEGA_TEORIA_COMPLETA_V1_0/GEOMETRY_OMEGA_TEORIA_COMPLETA_V1_0/09_AUDITORIAS_COMPLETAS/OMEGA_AUDITORIA_MODERNA_FASE_2_V70_V79/06_ESTADO_CIENTIFICO/RESULTADOS_SUPERADOS_O_REFINADOS_V70_V79.csv,,Identidad = atractor fijo — Gas es estadístico; estrella variedad lenta; metal jerárquico.,AUDITORIA_SECUNDARIA,PUEDE_SOLAPAR_CON_CATALOGO_NEGATIVOS
NEG-V-0086,VEREDICTO_NORMALIZADO,REVISADA_REEMPLAZADA_O_SUPERADA,VEREDICTO_DE_MODELO_O_DOCUMENTO,GEOMETRY_OMEGA_TEORIA_COMPLETA_V1_0,90_FUENTES_INTEGRAS/GEOMETRY_OMEGA_TEORIA_COMPLETA_V1_0/GEOMETRY_OMEGA_TEORIA_COMPLETA_V1_0/09_AUDITORIAS_COMPLETAS/OMEGA_AUDITORIA_MODERNA_FASE_2_V70_V79/06_ESTADO_CIENTIFICO/RESULTADOS_SUPERADOS_O_REFINADOS_V70_V79.csv,,Baja puntuación = muerte — Puede haber costo de retorno finito.,AUDITORIA_SECUNDARIA,PUEDE_SOLAPAR_CON_CATALOGO_NEGATIVOS
NEG-V-0087,VEREDICTO_NORMALIZADO,REVISADA_REEMPLAZADA_O_SUPERADA,VEREDICTO_DE_MODELO_O_DOCUMENTO,GEOMETRY_OMEGA_TEORIA_COMPLETA_V1_0,90_FUENTES_INTEGRAS/GEOMETRY_OMEGA_TEORIA_COMPLETA_V1_0/GEOMETRY_OMEGA_TEORIA_COMPLETA_V1_0/09_AUDITORIAS_COMPLETAS/OMEGA_AUDITORIA_MODERNA_FASE_2_V70_V79/06_ESTADO_CIENTIFICO/RESULTADOS_SUPERADOS_O_REFINADOS_V70_V79.csv,,Alta potencialidad radiativa implica límite energético — No; sólo exclusividad y finitud producen límite duro.,AUDITORIA_SECUNDARIA,PUEDE_SOLAPAR_CON_CATALOGO_NEGATIVOS
NEG-V-0088,VEREDICTO_NORMALIZADO,REVISADA_REEMPLAZADA_O_SUPERADA,VEREDICTO_DE_MODELO_O_DOCUMENTO,GEOMETRY_OMEGA_TEORIA_COMPLETA_V1_0,90_FUENTES_INTEGRAS/GEOMETRY_OMEGA_TEORIA_COMPLETA_V1_0/GEOMETRY_OMEGA_TEORIA_COMPLETA_V1_0/09_AUDITORIAS_COMPLETAS/OMEGA_AUDITORIA_MODERNA_FASE_2_V70_V79/06_ESTADO_CIENTIFICO/RESULTADOS_SUPERADOS_O_REFINADOS_V70_V79.csv,,Un régimen de ocupación universal — Ninguno reproduce todo; se favorece mezcla.,AUDITORIA_SECUNDARIA,PUEDE_SOLAPAR_CON_CATALOGO_NEGATIVOS
NEG-V-0089,VEREDICTO_NORMALIZADO,REVISADA_REEMPLAZADA_O_SUPERADA,VEREDICTO_DE_MODELO_O_DOCUMENTO,GEOMETRY_OMEGA_TEORIA_COMPLETA_V1_0,90_FUENTES_INTEGRAS/GEOMETRY_OMEGA_TEORIA_COMPLETA_V1_0/GEOMETRY_OMEGA_TEORIA_COMPLETA_V1_0/09_AUDITORIAS_COMPLETAS/OMEGA_AUDITORIA_MODERNA_FASE_2_V70_V79/06_ESTADO_CIENTIFICO/RESULTADOS_SUPERADOS_O_REFINADOS_V70_V79.csv,,Capacidad q_i fundamental — Puede emerger de d_i subcanales exclusivos.,AUDITORIA_SECUNDARIA,PUEDE_SOLAPAR_CON_CATALOGO_NEGATIVOS
NEG-V-0090,VEREDICTO_NORMALIZADO,REFUTADA_O_NO_APOYADA_EN_MODELO,VEREDICTO_DE_MODELO_O_DOCUMENTO,GEOMETRY_OMEGA_TEORIA_COMPLETA_V1_0,90_FUENTES_INTEGRAS/GEOMETRY_OMEGA_TEORIA_COMPLETA_V1_0/GEOMETRY_OMEGA_TEORIA_COMPLETA_V1_0/09_AUDITORIAS_COMPLETAS/OMEGA_AUDITORIA_MODERNA_FASE_2_V70_V79/06_ESTADO_CIENTIFICO/RESULTADOS_SUPERADOS_O_REFINADOS_V70_V79.csv,,Cierre 4pi implica exclusión — Son variables independientes.,AUDITORIA_SECUNDARIA,PUEDE_SOLAPAR_CON_CATALOGO_NEGATIVOS
NEG-V-0091,VEREDICTO_NORMALIZADO,REFUTADA_O_NO_APOYADA_EN_MODELO,VEREDICTO_DE_MODELO_O_DOCUMENTO,GEOMETRY_OMEGA_TEORIA_COMPLETA_V1_0,90_FUENTES_INTEGRAS/GEOMETRY_OMEGA_TEORIA_COMPLETA_V1_0/GEOMETRY_OMEGA_TEORIA_COMPLETA_V1_0/09_AUDITORIAS_COMPLETAS/OMEGA_AUDITORIA_MODERNA_FASE_2_V70_V79/06_ESTADO_CIENTIFICO/RESULTADOS_SUPERADOS_O_REFINADOS_V70_V79.csv,,"Dos intercambios = rotación 2pi — Produce ±i para cierre semientero, no -1.",AUDITORIA_SECUNDARIA,PUEDE_SOLAPAR_CON_CATALOGO_NEGATIVOS
NEG-V-0092,VEREDICTO_NORMALIZADO,REVISADA_REEMPLAZADA_O_SUPERADA,VEREDICTO_DE_MODELO_O_DOCUMENTO,GEOMETRY_OMEGA_TEORIA_COMPLETA_V1_0,90_FUENTES_INTEGRAS/GEOMETRY_OMEGA_TEORIA_COMPLETA_V1_0/GEOMETRY_OMEGA_TEORIA_COMPLETA_V1_0/09_AUDITORIAS_COMPLETAS/OMEGA_AUDITORIA_MODERNA_FASE_3_V80_V86/06_ESTADO_CIENTIFICO/RESULTADOS_SUPERADOS_O_REFINADOS_V80_V86.csv,,Cualquier fase unitaria sirve para intercambio — Intercambio involutivo exige eta²=1,AUDITORIA_SECUNDARIA,PUEDE_SOLAPAR_CON_CATALOGO_NEGATIVOS
NEG-V-0093,VEREDICTO_NORMALIZADO,REFUTADA_O_NO_APOYADA_EN_MODELO,VEREDICTO_DE_MODELO_O_DOCUMENTO,GEOMETRY_OMEGA_TEORIA_COMPLETA_V1_0,90_FUENTES_INTEGRAS/GEOMETRY_OMEGA_TEORIA_COMPLETA_V1_0/GEOMETRY_OMEGA_TEORIA_COMPLETA_V1_0/09_AUDITORIAS_COMPLETAS/OMEGA_AUDITORIA_MODERNA_FASE_3_V80_V86/06_ESTADO_CIENTIFICO/RESULTADOS_SUPERADOS_O_REFINADOS_V80_V86.csv,,Positividad/localidad seleccionan bosón o fermión — Ambos sectores son consistentes,AUDITORIA_SECUNDARIA,PUEDE_SOLAPAR_CON_CATALOGO_NEGATIVOS
NEG-V-0094,VEREDICTO_NORMALIZADO,REFUTADA_O_NO_APOYADA_EN_MODELO,VEREDICTO_DE_MODELO_O_DOCUMENTO,GEOMETRY_OMEGA_TEORIA_COMPLETA_V1_0,90_FUENTES_INTEGRAS/GEOMETRY_OMEGA_TEORIA_COMPLETA_V1_0/GEOMETRY_OMEGA_TEORIA_COMPLETA_V1_0/09_AUDITORIAS_COMPLETAS/OMEGA_AUDITORIA_MODERNA_FASE_3_V80_V86/06_ESTADO_CIENTIFICO/RESULTADOS_SUPERADOS_O_REFINADOS_V80_V86.csv,,Cadena causal finita selecciona espín–estadística — Las cuatro combinaciones sobreviven,AUDITORIA_SECUNDARIA,PUEDE_SOLAPAR_CON_CATALOGO_NEGATIVOS
NEG-V-0095,VEREDICTO_NORMALIZADO,REFUTADA_O_NO_APOYADA_EN_MODELO,VEREDICTO_DE_MODELO_O_DOCUMENTO,GEOMETRY_OMEGA_TEORIA_COMPLETA_V1_0,90_FUENTES_INTEGRAS/GEOMETRY_OMEGA_TEORIA_COMPLETA_V1_0/GEOMETRY_OMEGA_TEORIA_COMPLETA_V1_0/09_AUDITORIAS_COMPLETAS/OMEGA_AUDITORIA_MODERNA_FASE_3_V80_V86/06_ESTADO_CIENTIFICO/RESULTADOS_SUPERADOS_O_REFINADOS_V80_V86.csv,,Una amplitud escalar basta para propagación bidireccional — No existe solución local unitaria exacta de radio uno,AUDITORIA_SECUNDARIA,PUEDE_SOLAPAR_CON_CATALOGO_NEGATIVOS
NEG-V-0096,VEREDICTO_NORMALIZADO,REFUTADA_O_NO_APOYADA_EN_MODELO,VEREDICTO_DE_MODELO_O_DOCUMENTO,GEOMETRY_OMEGA_TEORIA_COMPLETA_V1_0,90_FUENTES_INTEGRAS/GEOMETRY_OMEGA_TEORIA_COMPLETA_V1_0/GEOMETRY_OMEGA_TEORIA_COMPLETA_V1_0/09_AUDITORIAS_COMPLETAS/OMEGA_AUDITORIA_MODERNA_FASE_3_V80_V86/06_ESTADO_CIENTIFICO/RESULTADOS_SUPERADOS_O_REFINADOS_V80_V86.csv,,Tres direcciones masivas caben en C² — Hace falta dimensión interna cuatro,AUDITORIA_SECUNDARIA,PUEDE_SOLAPAR_CON_CATALOGO_NEGATIVOS
NEG-V-0097,VEREDICTO_NORMALIZADO,REFUTADA_O_NO_APOYADA_EN_MODELO,VEREDICTO_DE_MODELO_O_DOCUMENTO,GEOMETRY_OMEGA_TEORIA_COMPLETA_V1_0,90_FUENTES_INTEGRAS/GEOMETRY_OMEGA_TEORIA_COMPLETA_V1_0/GEOMETRY_OMEGA_TEORIA_COMPLETA_V1_0/09_AUDITORIAS_COMPLETAS/OMEGA_AUDITORIA_MODERNA_FASE_3_V80_V86/06_ESTADO_CIENTIFICO/RESULTADOS_SUPERADOS_O_REFINADOS_V80_V86.csv,,τ+ y τ- son dos identidades independientes — Cada sector aislado pierde propagación e información,AUDITORIA_SECUNDARIA,PUEDE_SOLAPAR_CON_CATALOGO_NEGATIVOS
NEG-V-0098,VEREDICTO_NORMALIZADO,REVISADA_REEMPLAZADA_O_SUPERADA,VEREDICTO_DE_MODELO_O_DOCUMENTO,GEOMETRY_OMEGA_TEORIA_COMPLETA_V1_0,90_FUENTES_INTEGRAS/GEOMETRY_OMEGA_TEORIA_COMPLETA_V1_0/GEOMETRY_OMEGA_TEORIA_COMPLETA_V1_0/09_AUDITORIAS_COMPLETAS/OMEGA_AUDITORIA_MODERNA_FASE_3_V80_V86/06_ESTADO_CIENTIFICO/RESULTADOS_SUPERADOS_O_REFINADOS_V80_V86.csv,,Conjugación libre ya es antimateria física — Sólo es orientación complementaria hasta introducir carga,AUDITORIA_SECUNDARIA,PUEDE_SOLAPAR_CON_CATALOGO_NEGATIVOS
NEG-V-0099,VEREDICTO_NORMALIZADO,REFUTADA_O_NO_APOYADA_EN_MODELO,VEREDICTO_DE_MODELO_O_DOCUMENTO,GEOMETRY_OMEGA_TEORIA_COMPLETA_V1_0,90_FUENTES_INTEGRAS/GEOMETRY_OMEGA_TEORIA_COMPLETA_V1_0/GEOMETRY_OMEGA_TEORIA_COMPLETA_V1_0/09_AUDITORIAS_COMPLETAS/OMEGA_AUDITORIA_MODERNA_FASE_3_V80_V86/06_ESTADO_CIENTIFICO/RESULTADOS_SUPERADOS_O_REFINADOS_V80_V86.csv,,Vacío completamente vacío es estable — La rama negativa ocupada es el mínimo local finito,AUDITORIA_SECUNDARIA,PUEDE_SOLAPAR_CON_CATALOGO_NEGATIVOS
NEG-V-0100,VEREDICTO_NORMALIZADO,REFUTADA_O_NO_APOYADA_EN_MODELO,VEREDICTO_DE_MODELO_O_DOCUMENTO,GEOMETRY_OMEGA_TEORIA_COMPLETA_V1_0,90_FUENTES_INTEGRAS/GEOMETRY_OMEGA_TEORIA_COMPLETA_V1_0/GEOMETRY_OMEGA_TEORIA_COMPLETA_V1_0/09_AUDITORIAS_COMPLETAS/OMEGA_AUDITORIA_MODERNA_FASE_3_V80_V86/06_ESTADO_CIENTIFICO/RESULTADOS_SUPERADOS_O_REFINADOS_V80_V86.csv,,Rama negativa ilimitadamente ocupable — Destruye la cota inferior,AUDITORIA_SECUNDARIA,PUEDE_SOLAPAR_CON_CATALOGO_NEGATIVOS
NEG-V-0101,VEREDICTO_NORMALIZADO,LIMITADA_O_CONVENCIONAL,VEREDICTO_DE_MODELO_O_DOCUMENTO,GEOMETRY_OMEGA_TEORIA_COMPLETA_V1_0,90_FUENTES_INTEGRAS/GEOMETRY_OMEGA_TEORIA_COMPLETA_V1_0/GEOMETRY_OMEGA_TEORIA_COMPLETA_V1_0/09_AUDITORIAS_COMPLETAS/OMEGA_AUDITORIA_MODERNA_FINAL_V83_V90/06_ESTADO_CIENTIFICO/RESULTADOS_SUPERADOS_O_REFINADOS_V83_V90.csv,,Clifford = espín físico — Falta grupo de rotaciones y estadística.,AUDITORIA_SECUNDARIA,PUEDE_SOLAPAR_CON_CATALOGO_NEGATIVOS
NEG-V-0102,VEREDICTO_NORMALIZADO,REFUTADA_O_NO_APOYADA_EN_MODELO,VEREDICTO_DE_MODELO_O_DOCUMENTO,GEOMETRY_OMEGA_TEORIA_COMPLETA_V1_0,90_FUENTES_INTEGRAS/GEOMETRY_OMEGA_TEORIA_COMPLETA_V1_0/GEOMETRY_OMEGA_TEORIA_COMPLETA_V1_0/09_AUDITORIAS_COMPLETAS/OMEGA_AUDITORIA_MODERNA_FINAL_V83_V90/06_ESTADO_CIENTIFICO/RESULTADOS_SUPERADOS_O_REFINADOS_V83_V90.csv,,τ± = partícula/antipartícula — Son orientaciones inseparables antes de carga.,AUDITORIA_SECUNDARIA,PUEDE_SOLAPAR_CON_CATALOGO_NEGATIVOS
NEG-V-0103,VEREDICTO_NORMALIZADO,REVISADA_REEMPLAZADA_O_SUPERADA,VEREDICTO_DE_MODELO_O_DOCUMENTO,GEOMETRY_OMEGA_TEORIA_COMPLETA_V1_0,90_FUENTES_INTEGRAS/GEOMETRY_OMEGA_TEORIA_COMPLETA_V1_0/GEOMETRY_OMEGA_TEORIA_COMPLETA_V1_0/09_AUDITORIAS_COMPLETAS/OMEGA_AUDITORIA_MODERNA_FINAL_V83_V90/06_ESTADO_CIENTIFICO/RESULTADOS_SUPERADOS_O_REFINADOS_V83_V90.csv,,Conjugación = antimateria física — Requiere interacción conjugada.,AUDITORIA_SECUNDARIA,PUEDE_SOLAPAR_CON_CATALOGO_NEGATIVOS
NEG-V-0104,VEREDICTO_NORMALIZADO,REFUTADA_O_NO_APOYADA_EN_MODELO,VEREDICTO_DE_MODELO_O_DOCUMENTO,GEOMETRY_OMEGA_TEORIA_COMPLETA_V1_0,90_FUENTES_INTEGRAS/GEOMETRY_OMEGA_TEORIA_COMPLETA_V1_0/GEOMETRY_OMEGA_TEORIA_COMPLETA_V1_0/09_AUDITORIAS_COMPLETAS/OMEGA_AUDITORIA_MODERNA_FINAL_V83_V90/06_ESTADO_CIENTIFICO/RESULTADOS_SUPERADOS_O_REFINADOS_V83_V90.csv,,Vacío lleno resuelve infinito — Sólo finito con corte.,AUDITORIA_SECUNDARIA,PUEDE_SOLAPAR_CON_CATALOGO_NEGATIVOS
NEG-V-0105,VEREDICTO_NORMALIZADO,REFUTADA_O_NO_APOYADA_EN_MODELO,VEREDICTO_DE_MODELO_O_DOCUMENTO,GEOMETRY_OMEGA_TEORIA_COMPLETA_V1_0,90_FUENTES_INTEGRAS/GEOMETRY_OMEGA_TEORIA_COMPLETA_V1_0/GEOMETRY_OMEGA_TEORIA_COMPLETA_V1_0/09_AUDITORIAS_COMPLETAS/OMEGA_AUDITORIA_MODERNA_FINAL_V83_V90/06_ESTADO_CIENTIFICO/RESULTADOS_SUPERADOS_O_REFINADOS_V83_V90.csv,,Sustracción = renormalización completa — No.,AUDITORIA_SECUNDARIA,PUEDE_SOLAPAR_CON_CATALOGO_NEGATIVOS
NEG-V-0106,VEREDICTO_NORMALIZADO,REVISADA_REEMPLAZADA_O_SUPERADA,VEREDICTO_DE_MODELO_O_DOCUMENTO,GEOMETRY_OMEGA_TEORIA_COMPLETA_V1_0,90_FUENTES_INTEGRAS/GEOMETRY_OMEGA_TEORIA_COMPLETA_V1_0/GEOMETRY_OMEGA_TEORIA_COMPLETA_V1_0/09_AUDITORIAS_COMPLETAS/OMEGA_AUDITORIA_MODERNA_FINAL_V83_V90/06_ESTADO_CIENTIFICO/RESULTADOS_SUPERADOS_O_REFINADOS_V83_V90.csv,,Conexión = electromagnetismo completo — Faltaban dinámica y fuentes.,AUDITORIA_SECUNDARIA,PUEDE_SOLAPAR_CON_CATALOGO_NEGATIVOS
NEG-V-0107,VEREDICTO_NORMALIZADO,REVISADA_REEMPLAZADA_O_SUPERADA,VEREDICTO_DE_MODELO_O_DOCUMENTO,GEOMETRY_OMEGA_TEORIA_COMPLETA_V1_0,90_FUENTES_INTEGRAS/GEOMETRY_OMEGA_TEORIA_COMPLETA_V1_0/GEOMETRY_OMEGA_TEORIA_COMPLETA_V1_0/09_AUDITORIAS_COMPLETAS/OMEGA_AUDITORIA_MODERNA_FINAL_V83_V90/06_ESTADO_CIENTIFICO/RESULTADOS_SUPERADOS_O_REFINADOS_V83_V90.csv,,F² microscópico exacto — Es límite débil.,AUDITORIA_SECUNDARIA,PUEDE_SOLAPAR_CON_CATALOGO_NEGATIVOS
NEG-V-0108,VEREDICTO_NORMALIZADO,REVISADA_REEMPLAZADA_O_SUPERADA,VEREDICTO_DE_MODELO_O_DOCUMENTO,GEOMETRY_OMEGA_TEORIA_COMPLETA_V1_0,90_FUENTES_INTEGRAS/GEOMETRY_OMEGA_TEORIA_COMPLETA_V1_0/GEOMETRY_OMEGA_TEORIA_COMPLETA_V1_0/09_AUDITORIAS_COMPLETAS/OMEGA_AUDITORIA_MODERNA_FINAL_V83_V90/06_ESTADO_CIENTIFICO/RESULTADOS_SUPERADOS_O_REFINADOS_V83_V90.csv,,"Electromagnetismo ya completo — Faltan cuantización, unidades y acoplamiento dinámico.",AUDITORIA_SECUNDARIA,PUEDE_SOLAPAR_CON_CATALOGO_NEGATIVOS
NEG-V-0109,VEREDICTO_NORMALIZADO,REFUTADA_O_NO_APOYADA_EN_MODELO,VEREDICTO_DE_MODELO_O_DOCUMENTO,OMEGA_THEORY_V1_1_ENTREGA_07_FUENTE_MICROSCOPICA,90_FUENTES_INTEGRAS/OMEGA_THEORY_V1_1_ENTREGA_07_FUENTE_MICROSCOPICA/OMEGA_THEORY_V1_1_ENTREGA_07_FUENTE_MICROSCOPICA/02_PRUEBAS_NUMERICAS/TEST_08_MATRIZ_VEREDICTO.csv,,Q_deficit — ,FUENTE_PRIMARIA_DEL_PAQUETE,PUEDE_SOLAPAR_CON_CATALOGO_NEGATIVOS
NEG-V-0110,VEREDICTO_NORMALIZADO,LIMITADA_O_CONVENCIONAL,VEREDICTO_DE_MODELO_O_DOCUMENTO,OMEGA_THEORY_V1_1_ENTREGA_07_FUENTE_MICROSCOPICA,90_FUENTES_INTEGRAS/OMEGA_THEORY_V1_1_ENTREGA_07_FUENTE_MICROSCOPICA/OMEGA_THEORY_V1_1_ENTREGA_07_FUENTE_MICROSCOPICA/02_PRUEBAS_NUMERICAS/TEST_08_MATRIZ_VEREDICTO.csv,,Q_mean_cost — ,FUENTE_PRIMARIA_DEL_PAQUETE,PUEDE_SOLAPAR_CON_CATALOGO_NEGATIVOS
NEG-V-0115,VEREDICTO_NORMALIZADO,REFUTADA_O_NO_APOYADA_EN_MODELO,VEREDICTO_DE_MODELO_O_DOCUMENTO,OMEGA_THEORY_V1_1_ENTREGA_08_MASA_INERCIAL,90_FUENTES_INTEGRAS/OMEGA_THEORY_V1_1_ENTREGA_08_MASA_INERCIAL/OMEGA_THEORY_V1_1_ENTREGA_08_MASA_INERCIAL/02_PRUEBAS_NUMERICAS/TEST_08_VEREDICTO.csv,,A_strong_identity_M_equals_Q — Q and mobility/escape inertias are not universally proportional across the ensemble.,FUENTE_PRIMARIA_DEL_PAQUETE,PUEDE_SOLAPAR_CON_CATALOGO_NEGATIVOS
NEG-V-0117,VEREDICTO_NORMALIZADO,REFUTADA_O_NO_APOYADA_EN_MODELO,VEREDICTO_DE_MODELO_O_DOCUMENTO,OMEGA_THEORY_V1_1_ENTREGA_08_MASA_INERCIAL,90_FUENTES_INTEGRAS/OMEGA_THEORY_V1_1_ENTREGA_08_MASA_INERCIAL/OMEGA_THEORY_V1_1_ENTREGA_08_MASA_INERCIAL/02_PRUEBAS_NUMERICAS/TEST_08_VEREDICTO.csv,,"C_full_independence — The quantities are statistically related and share the same primitive event data, though not uniquely determined by one another.",FUENTE_PRIMARIA_DEL_PAQUETE,PUEDE_SOLAPAR_CON_CATALOGO_NEGATIVOS
NEG-V-0120,VEREDICTO_NORMALIZADO,REFUTADA_O_NO_APOYADA_EN_MODELO,VEREDICTO_DE_MODELO_O_DOCUMENTO,OMEGA_THEORY_V1_1_ENTREGA_09_RESPUESTA_UNIVERSAL_Y_ALPHA,90_FUENTES_INTEGRAS/OMEGA_THEORY_V1_1_ENTREGA_09_RESPUESTA_UNIVERSAL_Y_ALPHA/OMEGA_THEORY_V1_1_ENTREGA_09_RESPUESTA_UNIVERSAL_Y_ALPHA/02_PRUEBAS_NUMERICAS/TEST_08_VEREDICTO.csv,,Alpha from arbitrary spectral ratio — Many accidental near-matches; no unique invariant selected.,FUENTE_PRIMARIA_DEL_PAQUETE,PUEDE_SOLAPAR_CON_CATALOGO_NEGATIVOS
NEG-V-0122,VEREDICTO_NORMALIZADO,NO_DERIVADA_O_ABIERTA,VEREDICTO_DE_MODELO_O_DOCUMENTO,OMEGA_THEORY_V1_1_ENTREGA_09_RESPUESTA_UNIVERSAL_Y_ALPHA,90_FUENTES_INTEGRAS/OMEGA_THEORY_V1_1_ENTREGA_09_RESPUESTA_UNIVERSAL_Y_ALPHA/OMEGA_THEORY_V1_1_ENTREGA_09_RESPUESTA_UNIVERSAL_Y_ALPHA/02_PRUEBAS_NUMERICAS/TEST_08_VEREDICTO.csv,,Exact alpha prediction — No parameter-free route to observed value.,FUENTE_PRIMARIA_DEL_PAQUETE,PUEDE_SOLAPAR_CON_CATALOGO_NEGATIVOS
NEG-V-0125,VEREDICTO_NORMALIZADO,NO_DERIVADA_O_ABIERTA,VEREDICTO_DE_MODELO_O_DOCUMENTO,OMEGA_THEORY_V1_1_ENTREGA_10_CONEXION_ABElIANA_Y_ACOPLAMIENTO,90_FUENTES_INTEGRAS/OMEGA_THEORY_V1_1_ENTREGA_10_CONEXION_ABElIANA_Y_ACOPLAMIENTO/OMEGA_THEORY_V1_1_ENTREGA_10_CONEXION_ABElIANA_Y_ACOPLAMIENTO/02_PRUEBAS_NUMERICAS/TEST_10_VEREDICTO.csv,,Rigidity K — It is the quadratic coefficient of compact curvature energy.,FUENTE_PRIMARIA_DEL_PAQUETE,PUEDE_SOLAPAR_CON_CATALOGO_NEGATIVOS
NEG-V-0128,VEREDICTO_NORMALIZADO,NO_DERIVADA_O_ABIERTA,VEREDICTO_DE_MODELO_O_DOCUMENTO,OMEGA_THEORY_V1_1_ENTREGA_10_CONEXION_ABElIANA_Y_ACOPLAMIENTO,90_FUENTES_INTEGRAS/OMEGA_THEORY_V1_1_ENTREGA_10_CONEXION_ABElIANA_Y_ACOPLAMIENTO/OMEGA_THEORY_V1_1_ENTREGA_10_CONEXION_ABElIANA_Y_ACOPLAMIENTO/02_PRUEBAS_NUMERICAS/TEST_10_VEREDICTO.csv,,Observed alpha — Topology and compactness alone do not fix the numerical value.,FUENTE_PRIMARIA_DEL_PAQUETE,PUEDE_SOLAPAR_CON_CATALOGO_NEGATIVOS
NEG-V-0130,VEREDICTO_NORMALIZADO,REFUTADA_O_NO_APOYADA_EN_MODELO,VEREDICTO_DE_MODELO_O_DOCUMENTO,OMEGA_THEORY_V1_1_ENTREGA_11_CAMPO_UNIVERSAL_Y_VARIACION_ALPHA,90_FUENTES_INTEGRAS/OMEGA_THEORY_V1_1_ENTREGA_11_CAMPO_UNIVERSAL_Y_VARIACION_ALPHA/OMEGA_THEORY_V1_1_ENTREGA_11_CAMPO_UNIVERSAL_Y_VARIACION_ALPHA/02_PRUEBAS_NUMERICAS/TEST_08_VEREDICTO.csv,,Gravity changes alpha generically — Only differential scaling a-b changes alpha.,FUENTE_PRIMARIA_DEL_PAQUETE,PUEDE_SOLAPAR_CON_CATALOGO_NEGATIVOS
NEG-V-0133,VEREDICTO_NORMALIZADO,NO_DERIVADA_O_ABIERTA,VEREDICTO_DE_MODELO_O_DOCUMENTO,OMEGA_THEORY_V1_1_ENTREGA_11_CAMPO_UNIVERSAL_Y_VARIACION_ALPHA,90_FUENTES_INTEGRAS/OMEGA_THEORY_V1_1_ENTREGA_11_CAMPO_UNIVERSAL_Y_VARIACION_ALPHA/OMEGA_THEORY_V1_1_ENTREGA_11_CAMPO_UNIVERSAL_Y_VARIACION_ALPHA/02_PRUEBAS_NUMERICAS/TEST_08_VEREDICTO.csv,,Exact equality a=b derived from ontology — Needs a symmetry or common normalization theorem.,FUENTE_PRIMARIA_DEL_PAQUETE,PUEDE_SOLAPAR_CON_CATALOGO_NEGATIVOS
NEG-V-0134,VEREDICTO_NORMALIZADO,NO_DERIVADA_O_ABIERTA,VEREDICTO_DE_MODELO_O_DOCUMENTO,OMEGA_THEORY_V1_1_ENTREGA_11_CAMPO_UNIVERSAL_Y_VARIACION_ALPHA,90_FUENTES_INTEGRAS/OMEGA_THEORY_V1_1_ENTREGA_11_CAMPO_UNIVERSAL_Y_VARIACION_ALPHA/OMEGA_THEORY_V1_1_ENTREGA_11_CAMPO_UNIVERSAL_Y_VARIACION_ALPHA/02_PRUEBAS_NUMERICAS/TEST_08_VEREDICTO.csv,,Omega predicts varying alpha — The conservative branch predicts no variation; nonzero mismatch is a falsifiable extension.,FUENTE_PRIMARIA_DEL_PAQUETE,PUEDE_SOLAPAR_CON_CATALOGO_NEGATIVOS
NEG-V-0136,VEREDICTO_NORMALIZADO,REFUTADA_O_NO_APOYADA_EN_MODELO,VEREDICTO_DE_MODELO_O_DOCUMENTO,OMEGA_THEORY_V1_1_ENTREGA_12_MEDIDA_COMUN_Y_PROTECCION_ALPHA,90_FUENTES_INTEGRAS/OMEGA_THEORY_V1_1_ENTREGA_12_MEDIDA_COMUN_Y_PROTECCION_ALPHA/OMEGA_THEORY_V1_1_ENTREGA_12_MEDIDA_COMUN_Y_PROTECCION_ALPHA/02_PRUEBAS_NUMERICAS/TEST_08_VEREDICTO.csv,,"Common measure alone — If local scaling exponents differ and matter/field weight cells differently, effective exponents differ.",FUENTE_PRIMARIA_DEL_PAQUETE,PUEDE_SOLAPAR_CON_CATALOGO_NEGATIVOS
NEG-V-0139,VEREDICTO_NORMALIZADO,REFUTADA_O_NO_APOYADA_EN_MODELO,VEREDICTO_DE_MODELO_O_DOCUMENTO,OMEGA_THEORY_V1_1_ENTREGA_12_MEDIDA_COMUN_Y_PROTECCION_ALPHA,90_FUENTES_INTEGRAS/OMEGA_THEORY_V1_1_ENTREGA_12_MEDIDA_COMUN_Y_PROTECCION_ALPHA/OMEGA_THEORY_V1_1_ENTREGA_12_MEDIDA_COMUN_Y_PROTECCION_ALPHA/02_PRUEBAS_NUMERICAS/TEST_08_VEREDICTO.csv,,a=b derived unconditionally — It follows only under explicit common-measure and common-scaling assumptions.,FUENTE_PRIMARIA_DEL_PAQUETE,PUEDE_SOLAPAR_CON_CATALOGO_NEGATIVOS
NEG-V-0143,VEREDICTO_NORMALIZADO,NO_DERIVADA_O_ABIERTA,VEREDICTO_DE_MODELO_O_DOCUMENTO,OMEGA_THEORY_V1_1_ENTREGA_13_CARACTER_UNIVERSAL_DESDE_CONTINUIDAD,90_FUENTES_INTEGRAS/OMEGA_THEORY_V1_1_ENTREGA_13_CARACTER_UNIVERSAL_DESDE_CONTINUIDAD/OMEGA_THEORY_V1_1_ENTREGA_13_CARACTER_UNIVERSAL_DESDE_CONTINUIDAD/02_PRUEBAS_NUMERICAS/TEST_09_VEREDICTO.csv,,Single continuity implies one exponent s — Different sectors can each obey the same composition law with different s.,FUENTE_PRIMARIA_DEL_PAQUETE,PUEDE_SOLAPAR_CON_CATALOGO_NEGATIVOS
NEG-V-0145,VEREDICTO_NORMALIZADO,LIMITADA_O_CONVENCIONAL,VEREDICTO_DE_MODELO_O_DOCUMENTO,OMEGA_THEORY_V1_1_ENTREGA_13_CARACTER_UNIVERSAL_DESDE_CONTINUIDAD,90_FUENTES_INTEGRAS/OMEGA_THEORY_V1_1_ENTREGA_13_CARACTER_UNIVERSAL_DESDE_CONTINUIDAD/OMEGA_THEORY_V1_1_ENTREGA_13_CARACTER_UNIVERSAL_DESDE_CONTINUIDAD/02_PRUEBAS_NUMERICAS/TEST_09_VEREDICTO.csv,,Normalize s=1 — Possible by rescaling u unless an independent normalization fixes u.,FUENTE_PRIMARIA_DEL_PAQUETE,PUEDE_SOLAPAR_CON_CATALOGO_NEGATIVOS
NEG-V-0146,VEREDICTO_NORMALIZADO,NO_DERIVADA_O_ABIERTA,VEREDICTO_DE_MODELO_O_DOCUMENTO,OMEGA_THEORY_V1_1_ENTREGA_13_CARACTER_UNIVERSAL_DESDE_CONTINUIDAD,90_FUENTES_INTEGRAS/OMEGA_THEORY_V1_1_ENTREGA_13_CARACTER_UNIVERSAL_DESDE_CONTINUIDAD/OMEGA_THEORY_V1_1_ENTREGA_13_CARACTER_UNIVERSAL_DESDE_CONTINUIDAD/02_PRUEBAS_NUMERICAS/TEST_09_VEREDICTO.csv,,Universal s from ontological unity — Requires an additional principle that all sectors are restrictions of one primitive measure character.,FUENTE_PRIMARIA_DEL_PAQUETE,PUEDE_SOLAPAR_CON_CATALOGO_NEGATIVOS
NEG-V-0149,VEREDICTO_NORMALIZADO,NO_DERIVADA_O_ABIERTA,VEREDICTO_DE_MODELO_O_DOCUMENTO,OMEGA_THEORY_V1_1_ENTREGA_14_MODO_UNIVERSAL_Y_DESVIACIONES,90_FUENTES_INTEGRAS/OMEGA_THEORY_V1_1_ENTREGA_14_MODO_UNIVERSAL_Y_DESVIACIONES/OMEGA_THEORY_V1_1_ENTREGA_14_MODO_UNIVERSAL_Y_DESVIACIONES/02_PRUEBAS_NUMERICAS/TEST_10_VEREDICTO.csv,,"Relative modes as gauge interactions — They change internal ratios and can carry signed responses, but no full gauge dynamics follows yet.",FUENTE_PRIMARIA_DEL_PAQUETE,PUEDE_SOLAPAR_CON_CATALOGO_NEGATIVOS
NEG-V-0151,VEREDICTO_NORMALIZADO,REFUTADA_O_NO_APOYADA_EN_MODELO,VEREDICTO_DE_MODELO_O_DOCUMENTO,OMEGA_THEORY_V1_1_ENTREGA_14_MODO_UNIVERSAL_Y_DESVIACIONES,90_FUENTES_INTEGRAS/OMEGA_THEORY_V1_1_ENTREGA_14_MODO_UNIVERSAL_Y_DESVIACIONES/OMEGA_THEORY_V1_1_ENTREGA_14_MODO_UNIVERSAL_Y_DESVIACIONES/02_PRUEBAS_NUMERICAS/TEST_10_VEREDICTO.csv,,Correlated deviations disappear macroscopically — A correlated mode survives averaging.,FUENTE_PRIMARIA_DEL_PAQUETE,PUEDE_SOLAPAR_CON_CATALOGO_NEGATIVOS
NEG-V-0152,VEREDICTO_NORMALIZADO,REFUTADA_O_NO_APOYADA_EN_MODELO,VEREDICTO_DE_MODELO_O_DOCUMENTO,OMEGA_THEORY_V1_1_ENTREGA_14_MODO_UNIVERSAL_Y_DESVIACIONES,90_FUENTES_INTEGRAS/OMEGA_THEORY_V1_1_ENTREGA_14_MODO_UNIVERSAL_Y_DESVIACIONES/OMEGA_THEORY_V1_1_ENTREGA_14_MODO_UNIVERSAL_Y_DESVIACIONES/02_PRUEBAS_NUMERICAS/TEST_10_VEREDICTO.csv,,Unique split into s0 and delta — A shift freedom remains unless mean delta is fixed.,FUENTE_PRIMARIA_DEL_PAQUETE,PUEDE_SOLAPAR_CON_CATALOGO_NEGATIVOS
NEG-V-0153,VEREDICTO_NORMALIZADO,REFUTADA_O_NO_APOYADA_EN_MODELO,VEREDICTO_DE_MODELO_O_DOCUMENTO,OMEGA_THEORY_V1_1_ENTREGA_14_MODO_UNIVERSAL_Y_DESVIACIONES,90_FUENTES_INTEGRAS/OMEGA_THEORY_V1_1_ENTREGA_14_MODO_UNIVERSAL_Y_DESVIACIONES/OMEGA_THEORY_V1_1_ENTREGA_14_MODO_UNIVERSAL_Y_DESVIACIONES/02_PRUEBAS_NUMERICAS/TEST_10_VEREDICTO.csv,,Equivalence automatically exact — Species-dependent weighted means of delta produce violations.,FUENTE_PRIMARIA_DEL_PAQUETE,PUEDE_SOLAPAR_CON_CATALOGO_NEGATIVOS
NEG-V-0154,VEREDICTO_NORMALIZADO,REFUTADA_O_NO_APOYADA_EN_MODELO,VEREDICTO_DE_MODELO_O_DOCUMENTO,OMEGA_THEORY_V1_1_ENTREGA_15_IRREVERSIBILIDAD_IDENTIDAD_CONTINUIDAD,90_FUENTES_INTEGRAS/OMEGA_THEORY_V1_1_ENTREGA_15_IRREVERSIBILIDAD_IDENTIDAD_CONTINUIDAD/OMEGA_THEORY_V1_1_ENTREGA_15_IRREVERSIBILIDAD_IDENTIDAD_CONTINUIDAD/02_PRUEBAS_NUMERICAS/TEST_09_VEREDICTO.csv,,Exact reversibility of ontology — It erases genealogy and makes process time external.,FUENTE_PRIMARIA_DEL_PAQUETE,PUEDE_SOLAPAR_CON_CATALOGO_NEGATIVOS
NEG-V-0158,VEREDICTO_NORMALIZADO,REFUTADA_O_NO_APOYADA_EN_MODELO,VEREDICTO_DE_MODELO_O_DOCUMENTO,OMEGA_THEORY_V1_1_ENTREGA_15_IRREVERSIBILIDAD_IDENTIDAD_CONTINUIDAD,90_FUENTES_INTEGRAS/OMEGA_THEORY_V1_1_ENTREGA_15_IRREVERSIBILIDAD_IDENTIDAD_CONTINUIDAD/OMEGA_THEORY_V1_1_ENTREGA_15_IRREVERSIBILIDAD_IDENTIDAD_CONTINUIDAD/02_PRUEBAS_NUMERICAS/TEST_09_VEREDICTO.csv,,Holonomy requires exact return — Path memory can compare visibly equal but genealogically distinct states.,FUENTE_PRIMARIA_DEL_PAQUETE,PUEDE_SOLAPAR_CON_CATALOGO_NEGATIVOS
NEG-V-0159,VEREDICTO_NORMALIZADO,NO_DERIVADA_O_ABIERTA,VEREDICTO_DE_MODELO_O_DOCUMENTO,OMEGA_THEORY_V1_1_ENTREGA_15_IRREVERSIBILIDAD_IDENTIDAD_CONTINUIDAD,90_FUENTES_INTEGRAS/OMEGA_THEORY_V1_1_ENTREGA_15_IRREVERSIBILIDAD_IDENTIDAD_CONTINUIDAD/OMEGA_THEORY_V1_1_ENTREGA_15_IRREVERSIBILIDAD_IDENTIDAD_CONTINUIDAD/02_PRUEBAS_NUMERICAS/TEST_09_VEREDICTO.csv,,Gauge interpretation — No physical phase or conserved charge is yet derived.,FUENTE_PRIMARIA_DEL_PAQUETE,PUEDE_SOLAPAR_CON_CATALOGO_NEGATIVOS
NEG-V-0162,VEREDICTO_NORMALIZADO,REFUTADA_O_NO_APOYADA_EN_MODELO,VEREDICTO_DE_MODELO_O_DOCUMENTO,OMEGA_THEORY_V1_1_ENTREGA_16_ORDEN_DE_CONTINUACION,90_FUENTES_INTEGRAS/OMEGA_THEORY_V1_1_ENTREGA_16_ORDEN_DE_CONTINUACION/OMEGA_THEORY_V1_1_ENTREGA_16_ORDEN_DE_CONTINUACION/02_PRUEBAS_NUMERICAS/TEST_09_VEREDICTO.csv,,Continuity alone implies acyclicity — Directed cycles are connected and composable counterexamples.,FUENTE_PRIMARIA_DEL_PAQUETE,PUEDE_SOLAPAR_CON_CATALOGO_NEGATIVOS
NEG-V-0164,VEREDICTO_NORMALIZADO,NO_DERIVADA_O_ABIERTA,VEREDICTO_DE_MODELO_O_DOCUMENTO,OMEGA_THEORY_V1_1_ENTREGA_16_ORDEN_DE_CONTINUACION,90_FUENTES_INTEGRAS/OMEGA_THEORY_V1_1_ENTREGA_16_ORDEN_DE_CONTINUACION/OMEGA_THEORY_V1_1_ENTREGA_16_ORDEN_DE_CONTINUACION/02_PRUEBAS_NUMERICAS/TEST_09_VEREDICTO.csv,,Genealogical scalar g is fundamental — Only a partial order is forced; scalar labels are representations.,FUENTE_PRIMARIA_DEL_PAQUETE,PUEDE_SOLAPAR_CON_CATALOGO_NEGATIVOS
NEG-V-0166,VEREDICTO_NORMALIZADO,REFUTADA_O_NO_APOYADA_EN_MODELO,VEREDICTO_DE_MODELO_O_DOCUMENTO,OMEGA_THEORY_V1_1_ENTREGA_16_ORDEN_DE_CONTINUACION,90_FUENTES_INTEGRAS/OMEGA_THEORY_V1_1_ENTREGA_16_ORDEN_DE_CONTINUACION/OMEGA_THEORY_V1_1_ENTREGA_16_ORDEN_DE_CONTINUACION/02_PRUEBAS_NUMERICAS/TEST_09_VEREDICTO.csv,,Topological numbering is unique — Branching produces many compatible orders.,FUENTE_PRIMARIA_DEL_PAQUETE,PUEDE_SOLAPAR_CON_CATALOGO_NEGATIVOS
NEG-V-0168,VEREDICTO_NORMALIZADO,REFUTADA_O_NO_APOYADA_EN_MODELO,VEREDICTO_DE_MODELO_O_DOCUMENTO,OMEGA_THEORY_V1_1_ENTREGA_17_DERIVACION_NO_RETORNO,90_FUENTES_INTEGRAS/OMEGA_THEORY_V1_1_ENTREGA_17_DERIVACION_NO_RETORNO/OMEGA_THEORY_V1_1_ENTREGA_17_DERIVACION_NO_RETORNO/02_PRUEBAS_NUMERICAS/TEST_08_VEREDICTO.csv,,No retorno desde continuidad sola — La continuidad admite ciclos.,FUENTE_PRIMARIA_DEL_PAQUETE,PUEDE_SOLAPAR_CON_CATALOGO_NEGATIVOS
NEG-V-0170,VEREDICTO_NORMALIZADO,REFUTADA_O_NO_APOYADA_EN_MODELO,VEREDICTO_DE_MODELO_O_DOCUMENTO,OMEGA_THEORY_V1_1_ENTREGA_17_DERIVACION_NO_RETORNO,90_FUENTES_INTEGRAS/OMEGA_THEORY_V1_1_ENTREGA_17_DERIVACION_NO_RETORNO/OMEGA_THEORY_V1_1_ENTREGA_17_DERIVACION_NO_RETORNO/02_PRUEBAS_NUMERICAS/TEST_08_VEREDICTO.csv,,Lista literal de eventos — Basta un invariante estrictamente monótono.,FUENTE_PRIMARIA_DEL_PAQUETE,PUEDE_SOLAPAR_CON_CATALOGO_NEGATIVOS
NEG-V-0172,VEREDICTO_NORMALIZADO,REFUTADA_O_NO_APOYADA_EN_MODELO,VEREDICTO_DE_MODELO_O_DOCUMENTO,OMEGA_THEORY_V1_1_ENTREGA_17_DERIVACION_NO_RETORNO,90_FUENTES_INTEGRAS/OMEGA_THEORY_V1_1_ENTREGA_17_DERIVACION_NO_RETORNO/OMEGA_THEORY_V1_1_ENTREGA_17_DERIVACION_NO_RETORNO/02_PRUEBAS_NUMERICAS/TEST_08_VEREDICTO.csv,,Memoria reversible — Permite recurrencia.,FUENTE_PRIMARIA_DEL_PAQUETE,PUEDE_SOLAPAR_CON_CATALOGO_NEGATIVOS
NEG-V-0176,VEREDICTO_NORMALIZADO,REFUTADA_O_NO_APOYADA_EN_MODELO,VEREDICTO_DE_MODELO_O_DOCUMENTO,OMEGA_THEORY_V1_1_ENTREGA_18_ENTROPIA_GENEALOGICA,90_FUENTES_INTEGRAS/OMEGA_THEORY_V1_1_ENTREGA_18_ENTROPIA_GENEALOGICA/OMEGA_THEORY_V1_1_ENTREGA_18_ENTROPIA_GENEALOGICA/02_PRUEBAS_NUMERICAS/TEST_09_VEREDICTO.csv,,Flecha termodinámica igual a ontológica — La entropía macro puede fluctuar.,FUENTE_PRIMARIA_DEL_PAQUETE,PUEDE_SOLAPAR_CON_CATALOGO_NEGATIVOS
NEG-V-0178,VEREDICTO_NORMALIZADO,REFUTADA_O_NO_APOYADA_EN_MODELO,VEREDICTO_DE_MODELO_O_DOCUMENTO,OMEGA_THEORY_V1_1_ENTREGA_18_ENTROPIA_GENEALOGICA,90_FUENTES_INTEGRAS/OMEGA_THEORY_V1_1_ENTREGA_18_ENTROPIA_GENEALOGICA/OMEGA_THEORY_V1_1_ENTREGA_18_ENTROPIA_GENEALOGICA/02_PRUEBAS_NUMERICAS/TEST_09_VEREDICTO.csv,,S_gen actual estrictamente monótona — Puede disminuir.,FUENTE_PRIMARIA_DEL_PAQUETE,PUEDE_SOLAPAR_CON_CATALOGO_NEGATIVOS
NEG-V-0180,VEREDICTO_NORMALIZADO,NO_DERIVADA_O_ABIERTA,VEREDICTO_DE_MODELO_O_DOCUMENTO,OMEGA_THEORY_V1_1_ENTREGA_18_ENTROPIA_GENEALOGICA,90_FUENTES_INTEGRAS/OMEGA_THEORY_V1_1_ENTREGA_18_ENTROPIA_GENEALOGICA/OMEGA_THEORY_V1_1_ENTREGA_18_ENTROPIA_GENEALOGICA/02_PRUEBAS_NUMERICAS/TEST_09_VEREDICTO.csv,,"Segunda ley desde genealogía sola — Faltan medida, mezcla y condición inicial.",FUENTE_PRIMARIA_DEL_PAQUETE,PUEDE_SOLAPAR_CON_CATALOGO_NEGATIVOS
NEG-V-0183,VEREDICTO_NORMALIZADO,REFUTADA_O_NO_APOYADA_EN_MODELO,VEREDICTO_DE_MODELO_O_DOCUMENTO,OMEGA_THEORY_V1_1_ENTREGA_19_MEDIDA_CAMINOS_Y_FLECHA_ESTADISTICA,90_FUENTES_INTEGRAS/OMEGA_THEORY_V1_1_ENTREGA_19_MEDIDA_CAMINOS_Y_FLECHA_ESTADISTICA/OMEGA_THEORY_V1_1_ENTREGA_19_MEDIDA_CAMINOS_Y_FLECHA_ESTADISTICA/02_PRUEBAS_NUMERICAS/TEST_09_VEREDICTO.csv,,Entropía de Shannon siempre crece — Depende de dinámica e inicialización.,FUENTE_PRIMARIA_DEL_PAQUETE,PUEDE_SOLAPAR_CON_CATALOGO_NEGATIVOS
NEG-V-0185,VEREDICTO_NORMALIZADO,REFUTADA_O_NO_APOYADA_EN_MODELO,VEREDICTO_DE_MODELO_O_DOCUMENTO,OMEGA_THEORY_V1_1_ENTREGA_19_MEDIDA_CAMINOS_Y_FLECHA_ESTADISTICA,90_FUENTES_INTEGRAS/OMEGA_THEORY_V1_1_ENTREGA_19_MEDIDA_CAMINOS_Y_FLECHA_ESTADISTICA/OMEGA_THEORY_V1_1_ENTREGA_19_MEDIDA_CAMINOS_Y_FLECHA_ESTADISTICA/02_PRUEBAS_NUMERICAS/TEST_09_VEREDICTO.csv,,Producción positiva en cada camino — Hay fluctuaciones negativas.,FUENTE_PRIMARIA_DEL_PAQUETE,PUEDE_SOLAPAR_CON_CATALOGO_NEGATIVOS
NEG-V-0188,VEREDICTO_NORMALIZADO,REFUTADA_O_NO_APOYADA_EN_MODELO,VEREDICTO_DE_MODELO_O_DOCUMENTO,OMEGA_THEORY_V1_1_ENTREGA_19_MEDIDA_CAMINOS_Y_FLECHA_ESTADISTICA,90_FUENTES_INTEGRAS/OMEGA_THEORY_V1_1_ENTREGA_19_MEDIDA_CAMINOS_Y_FLECHA_ESTADISTICA/OMEGA_THEORY_V1_1_ENTREGA_19_MEDIDA_CAMINOS_Y_FLECHA_ESTADISTICA/02_PRUEBAS_NUMERICAS/TEST_09_VEREDICTO.csv,,Segunda ley microscópica exacta — Sólo sobrevive una ley estadística.,FUENTE_PRIMARIA_DEL_PAQUETE,PUEDE_SOLAPAR_CON_CATALOGO_NEGATIVOS
NEG-V-0190,VEREDICTO_NORMALIZADO,REFUTADA_O_NO_APOYADA_EN_MODELO,VEREDICTO_DE_MODELO_O_DOCUMENTO,OMEGA_THEORY_V1_1_ENTREGA_19_MEDIDA_CAMINOS_Y_FLECHA_ESTADISTICA,90_FUENTES_INTEGRAS/OMEGA_THEORY_V1_1_ENTREGA_19_MEDIDA_CAMINOS_Y_FLECHA_ESTADISTICA/OMEGA_THEORY_V1_1_ENTREGA_19_MEDIDA_CAMINOS_Y_FLECHA_ESTADISTICA/02_PRUEBAS_NUMERICAS/TEST_09_VEREDICTO.csv,,Multiplicidad igual a probabilidad — Los pesos de camino pueden ser muy no uniformes.,FUENTE_PRIMARIA_DEL_PAQUETE,PUEDE_SOLAPAR_CON_CATALOGO_NEGATIVOS
NEG-V-0192,VEREDICTO_NORMALIZADO,REFUTADA_O_NO_APOYADA_EN_MODELO,VEREDICTO_DE_MODELO_O_DOCUMENTO,OMEGA_THEORY_V1_1_ENTREGA_20_ENERGIA_TEMPERATURA_Y_OBSTRUCCION,90_FUENTES_INTEGRAS/OMEGA_THEORY_V1_1_ENTREGA_20_ENERGIA_TEMPERATURA_Y_OBSTRUCCION/OMEGA_THEORY_V1_1_ENTREGA_20_ENERGIA_TEMPERATURA_Y_OBSTRUCCION/02_PRUEBAS_NUMERICAS/TEST_09_VEREDICTO.csv,,Local surprisal equals local obstruction — Normalization among competing channels adds ln(sum r).,FUENTE_PRIMARIA_DEL_PAQUETE,PUEDE_SOLAPAR_CON_CATALOGO_NEGATIVOS
NEG-V-0194,VEREDICTO_NORMALIZADO,NO_DERIVADA_O_ABIERTA,VEREDICTO_DE_MODELO_O_DOCUMENTO,OMEGA_THEORY_V1_1_ENTREGA_20_ENERGIA_TEMPERATURA_Y_OBSTRUCCION,90_FUENTES_INTEGRAS/OMEGA_THEORY_V1_1_ENTREGA_20_ENERGIA_TEMPERATURA_Y_OBSTRUCCION/OMEGA_THEORY_V1_1_ENTREGA_20_ENERGIA_TEMPERATURA_Y_OBSTRUCCION/02_PRUEBAS_NUMERICAS/TEST_09_VEREDICTO.csv,,C is physical energy — Surprisal and obstruction are dimensionless until an energy scale is supplied.,FUENTE_PRIMARIA_DEL_PAQUETE,PUEDE_SOLAPAR_CON_CATALOGO_NEGATIVOS
NEG-V-0195,VEREDICTO_NORMALIZADO,NO_DERIVADA_O_ABIERTA,VEREDICTO_DE_MODELO_O_DOCUMENTO,OMEGA_THEORY_V1_1_ENTREGA_20_ENERGIA_TEMPERATURA_Y_OBSTRUCCION,90_FUENTES_INTEGRAS/OMEGA_THEORY_V1_1_ENTREGA_20_ENERGIA_TEMPERATURA_Y_OBSTRUCCION/OMEGA_THEORY_V1_1_ENTREGA_20_ENERGIA_TEMPERATURA_Y_OBSTRUCCION/02_PRUEBAS_NUMERICAS/TEST_09_VEREDICTO.csv,,beta inverse is physical temperature — Operational thermal contact and energy exchange are still required.,FUENTE_PRIMARIA_DEL_PAQUETE,PUEDE_SOLAPAR_CON_CATALOGO_NEGATIVOS
NEG-V-0200,VEREDICTO_NORMALIZADO,REFUTADA_O_NO_APOYADA_EN_MODELO,VEREDICTO_DE_MODELO_O_DOCUMENTO,OMEGA_THEORY_V1_1_ENTREGA_20_ENERGIA_TEMPERATURA_Y_OBSTRUCCION,90_FUENTES_INTEGRAS/OMEGA_THEORY_V1_1_ENTREGA_20_ENERGIA_TEMPERATURA_Y_OBSTRUCCION/OMEGA_THEORY_V1_1_ENTREGA_20_ENERGIA_TEMPERATURA_Y_OBSTRUCCION/02_PRUEBAS_NUMERICAS/TEST_09_VEREDICTO.csv,,"Q_Omega uniquely determines path energy — Support, measure and competition normalization prevent universal identity.",FUENTE_PRIMARIA_DEL_PAQUETE,PUEDE_SOLAPAR_CON_CATALOGO_NEGATIVOS
NEG-V-0202,VEREDICTO_NORMALIZADO,NO_DERIVADA_O_ABIERTA,VEREDICTO_DE_MODELO_O_DOCUMENTO,OMEGA_THEORY_V1_1_ENTREGA_21_ESCALA_OPERACIONAL_ENERGIA,90_FUENTES_INTEGRAS/OMEGA_THEORY_V1_1_ENTREGA_21_ESCALA_OPERACIONAL_ENERGIA/OMEGA_THEORY_V1_1_ENTREGA_21_ESCALA_OPERACIONAL_ENERGIA/02_PRUEBAS_NUMERICAS/TEST_10_VEREDICTO.csv,,Proportionality constant kappa — It converts inverse time into energy and fixes the action unit.,FUENTE_PRIMARIA_DEL_PAQUETE,PUEDE_SOLAPAR_CON_CATALOGO_NEGATIVOS
NEG-V-0205,VEREDICTO_NORMALIZADO,NO_DERIVADA_O_ABIERTA,VEREDICTO_DE_MODELO_O_DOCUMENTO,OMEGA_THEORY_V1_1_ENTREGA_21_ESCALA_OPERACIONAL_ENERGIA,90_FUENTES_INTEGRAS/OMEGA_THEORY_V1_1_ENTREGA_21_ESCALA_OPERACIONAL_ENERGIA/OMEGA_THEORY_V1_1_ENTREGA_21_ESCALA_OPERACIONAL_ENERGIA/02_PRUEBAS_NUMERICAS/TEST_10_VEREDICTO.csv,,Elementary update implies fixed energy quantum — Discrete update count does not fix energy spacing without a scale.,FUENTE_PRIMARIA_DEL_PAQUETE,PUEDE_SOLAPAR_CON_CATALOGO_NEGATIVOS
NEG-V-0206,VEREDICTO_NORMALIZADO,LIMITADA_O_CONVENCIONAL,VEREDICTO_DE_MODELO_O_DOCUMENTO,OMEGA_THEORY_V1_1_ENTREGA_21_ESCALA_OPERACIONAL_ENERGIA,90_FUENTES_INTEGRAS/OMEGA_THEORY_V1_1_ENTREGA_21_ESCALA_OPERACIONAL_ENERGIA/OMEGA_THEORY_V1_1_ENTREGA_21_ESCALA_OPERACIONAL_ENERGIA/02_PRUEBAS_NUMERICAS/TEST_10_VEREDICTO.csv,,E=epsilon_Omega C — Any dimensionless cost can be dimensionalized by an arbitrary scale.,FUENTE_PRIMARIA_DEL_PAQUETE,PUEDE_SOLAPAR_CON_CATALOGO_NEGATIVOS
NEG-V-0207,VEREDICTO_NORMALIZADO,REFUTADA_O_NO_APOYADA_EN_MODELO,VEREDICTO_DE_MODELO_O_DOCUMENTO,OMEGA_THEORY_V1_1_ENTREGA_21_ESCALA_OPERACIONAL_ENERGIA,90_FUENTES_INTEGRAS/OMEGA_THEORY_V1_1_ENTREGA_21_ESCALA_OPERACIONAL_ENERGIA/OMEGA_THEORY_V1_1_ENTREGA_21_ESCALA_OPERACIONAL_ENERGIA/02_PRUEBAS_NUMERICAS/TEST_10_VEREDICTO.csv,,"omega, C and Q uniquely related — They are independent observables without an extra dynamical law.",FUENTE_PRIMARIA_DEL_PAQUETE,PUEDE_SOLAPAR_CON_CATALOGO_NEGATIVOS
NEG-V-0209,VEREDICTO_NORMALIZADO,REFUTADA_O_NO_APOYADA_EN_MODELO,VEREDICTO_DE_MODELO_O_DOCUMENTO,OMEGA_THEORY_V1_1_ENTREGA_21_ESCALA_OPERACIONAL_ENERGIA,90_FUENTES_INTEGRAS/OMEGA_THEORY_V1_1_ENTREGA_21_ESCALA_OPERACIONAL_ENERGIA/OMEGA_THEORY_V1_1_ENTREGA_21_ESCALA_OPERACIONAL_ENERGIA/02_PRUEBAS_NUMERICAS/TEST_10_VEREDICTO.csv,,hbar-like constant emerges numerically — Only the need for an action-valued conversion constant emerges.,FUENTE_PRIMARIA_DEL_PAQUETE,PUEDE_SOLAPAR_CON_CATALOGO_NEGATIVOS
NEG-V-0210,VEREDICTO_NORMALIZADO,REFUTADA_O_NO_APOYADA_EN_MODELO,VEREDICTO_DE_MODELO_O_DOCUMENTO,OMEGA_THEORY_V1_1_ENTREGA_21_ESCALA_OPERACIONAL_ENERGIA,90_FUENTES_INTEGRAS/OMEGA_THEORY_V1_1_ENTREGA_21_ESCALA_OPERACIONAL_ENERGIA/OMEGA_THEORY_V1_1_ENTREGA_21_ESCALA_OPERACIONAL_ENERGIA/02_PRUEBAS_NUMERICAS/TEST_10_VEREDICTO.csv,,Energy ontology completed — The absolute scale remains experimentally or dynamically undetermined.,FUENTE_PRIMARIA_DEL_PAQUETE,PUEDE_SOLAPAR_CON_CATALOGO_NEGATIVOS
